graph,method,block,replay,accurate,N,E,avg_degree,max_degree,degree_ratio,useful_block_rows,physical_block_rows,eta,modeled_amx_flops,logical_feature_bytes,gather_passes,local_output_store_bytes,local_output_reload_bytes,fp32_reduce_adds
smoke,mkl_fp32,1,0,0,37,538,14.5405405405,37,2.54460966543,538,1232,0.436688311688,0,275456,1,0,0,68864
smoke,mkl_bf16_inputs,1,0,0,37,538,14.5405405405,37,2.54460966543,538,1232,0.436688311688,0,275456,1,0,0,68864
smoke,original,1,1,0,37,538,14.5405405405,37,2.54460966543,538,1232,0.436688311688,40370176,275456,2,24576,0,0
smoke,shared_b1_fast,1,0,0,37,538,14.5405405405,37,2.54460966543,538,1232,0.436688311688,40370176,137728,1,630784,606208,68864
smoke,shared_b1_accurate,1,0,1,37,538,14.5405405405,37,2.54460966543,538,1232,0.436688311688,80740352,137728,1,630784,606208,68864
smoke,shared_b2_fast,2,0,0,37,538,14.5405405405,37,2.54460966543,279,640,0.4359375,20971520,137728,1,327680,303104,68864
smoke,shared_b2_accurate,2,0,1,37,538,14.5405405405,37,2.54460966543,279,640,0.4359375,41943040,137728,1,327680,303104,68864
smoke,shared_b4_fast,4,0,0,37,538,14.5405405405,37,2.54460966543,148,336,0.440476190476,11010048,137728,1,172032,147456,68864
smoke,shared_b4_accurate,4,0,1,37,538,14.5405405405,37,2.54460966543,148,336,0.440476190476,22020096,137728,1,172032,147456,68864
smoke,shared_b8_fast,8,0,0,37,538,14.5405405405,37,2.54460966543,81,176,0.460227272727,5767168,137728,1,90112,65536,68864
smoke,shared_b8_accurate,8,0,1,37,538,14.5405405405,37,2.54460966543,81,176,0.460227272727,11534336,137728,1,90112,65536,68864
smoke,replay_b8_fast,8,1,0,37,538,14.5405405405,37,2.54460966543,81,176,0.460227272727,5767168,275456,2,24576,0,137728
smoke,shared_b16_fast,16,0,0,37,538,14.5405405405,37,2.54460966543,51,112,0.455357142857,3670016,137728,1,57344,32768,68864
smoke,shared_b16_accurate,16,0,1,37,538,14.5405405405,37,2.54460966543,51,112,0.455357142857,7340032,137728,1,57344,32768,68864
smoke,shared_b32_fast,32,0,0,37,538,14.5405405405,37,2.54460966543,39,80,0.4875,2621440,137728,1,40960,16384,68864
smoke,shared_b32_accurate,32,0,1,37,538,14.5405405405,37,2.54460966543,39,80,0.4875,5242880,137728,1,40960,16384,68864
smoke,replay_b32_fast,32,1,0,37,538,14.5405405405,37,2.54460966543,39,80,0.4875,2621440,275456,2,24576,0,137728
smoke,shared_b64_fast,64,0,0,37,538,14.5405405405,37,2.54460966543,33,48,0.6875,1572864,137728,1,24576,0,68864
smoke,shared_b64_accurate,64,0,1,37,538,14.5405405405,37,2.54460966543,33,48,0.6875,3145728,137728,1,24576,0,68864
smoke,shared_bfull_fast,0,0,0,37,538,14.5405405405,37,2.54460966543,33,48,0.6875,1572864,137728,1,24576,0,68864
smoke,shared_bfull_accurate,0,0,1,37,538,14.5405405405,37,2.54460966543,33,48,0.6875,3145728,137728,1,24576,0,68864
smoke,replay_bfull_fast,0,1,0,37,538,14.5405405405,37,2.54460966543,33,48,0.6875,1572864,275456,2,24576,0,137728
