graph,method,repeat,ms,kind
ogbn-products,paper_tfs,0,332.168102264,diagnostic_not_primary
ogbn-products,paper_tfs,1,345.436096191,diagnostic_not_primary
ogbn-products,paper_tfs,2,334.983110428,diagnostic_not_primary
ogbn-products,b64_fast,0,297.338962555,diagnostic_not_primary
ogbn-products,b64_fast,1,299.870014191,diagnostic_not_primary
ogbn-products,b64_fast,2,294.821023941,diagnostic_not_primary
ogbn-products,bfull_fast,0,296.408891678,diagnostic_not_primary
ogbn-products,bfull_fast,1,297.826051712,diagnostic_not_primary
ogbn-products,bfull_fast,2,294.890165329,diagnostic_not_primary
ogbn-products,b256_fast,0,296.926021576,diagnostic_not_primary
ogbn-products,b256_fast,1,300.01783371,diagnostic_not_primary
ogbn-products,b256_fast,2,297.175884247,diagnostic_not_primary
ogbn-products,s64_m256_fast,0,290.343046188,diagnostic_not_primary
ogbn-products,s64_m256_fast,1,293.220996857,diagnostic_not_primary
ogbn-products,s64_m256_fast,2,296.929121017,diagnostic_not_primary
ogbn-products,s64_mfull_fast,0,297.553062439,diagnostic_not_primary
ogbn-products,s64_mfull_fast,1,293.823957443,diagnostic_not_primary
ogbn-products,s64_mfull_fast,2,292.385101318,diagnostic_not_primary
ogbn-products,s128_mfull_fast,0,295.207977295,diagnostic_not_primary
ogbn-products,s128_mfull_fast,1,294.682025909,diagnostic_not_primary
ogbn-products,s128_mfull_fast,2,296.961069107,diagnostic_not_primary
ogbn-products,s64_mfull_accurate,0,296.730995178,diagnostic_not_primary
ogbn-products,s64_mfull_accurate,1,299.405813217,diagnostic_not_primary
ogbn-products,s64_mfull_accurate,2,301.486968994,diagnostic_not_primary
ogbn-products,s64_mfull_rowwise_fast,0,295.068025589,diagnostic_not_primary
ogbn-products,s64_mfull_rowwise_fast,1,298.535823822,diagnostic_not_primary
ogbn-products,s64_mfull_rowwise_fast,2,294.469833374,diagnostic_not_primary
ogbn-products,source_mkl_fp32,0,1360.59999466,diagnostic_not_primary
ogbn-products,source_mkl_fp32,1,1355.81994057,diagnostic_not_primary
ogbn-products,source_mkl_fp32,2,1354.16007042,diagnostic_not_primary
reddit,paper_tfs,0,350.58093071,diagnostic_not_primary
reddit,paper_tfs,1,321.702003479,diagnostic_not_primary
reddit,paper_tfs,2,310.797929764,diagnostic_not_primary
reddit,b64_fast,0,125.483989716,diagnostic_not_primary
reddit,b64_fast,1,124.844074249,diagnostic_not_primary
reddit,b64_fast,2,125.226974487,diagnostic_not_primary
reddit,bfull_fast,0,135.599851608,diagnostic_not_primary
reddit,bfull_fast,1,138.187885284,diagnostic_not_primary
reddit,bfull_fast,2,136.047840118,diagnostic_not_primary
reddit,b256_fast,0,118.696928024,diagnostic_not_primary
reddit,b256_fast,1,121.313095093,diagnostic_not_primary
reddit,b256_fast,2,116.798877716,diagnostic_not_primary
reddit,s64_m256_fast,0,125.070810318,diagnostic_not_primary
reddit,s64_m256_fast,1,123.325109482,diagnostic_not_primary
reddit,s64_m256_fast,2,125.065088272,diagnostic_not_primary
reddit,s64_mfull_fast,0,122.4629879,diagnostic_not_primary
reddit,s64_mfull_fast,1,134.194850922,diagnostic_not_primary
reddit,s64_mfull_fast,2,123.352050781,diagnostic_not_primary
reddit,s128_mfull_fast,0,117.621898651,diagnostic_not_primary
reddit,s128_mfull_fast,1,117.973089218,diagnostic_not_primary
reddit,s128_mfull_fast,2,123.096942902,diagnostic_not_primary
reddit,s64_mfull_accurate,0,116.055011749,diagnostic_not_primary
reddit,s64_mfull_accurate,1,121.809005737,diagnostic_not_primary
reddit,s64_mfull_accurate,2,122.102022171,diagnostic_not_primary
reddit,s64_mfull_rowwise_fast,0,133.014202118,diagnostic_not_primary
reddit,s64_mfull_rowwise_fast,1,137.139797211,diagnostic_not_primary
reddit,s64_mfull_rowwise_fast,2,134.920835495,diagnostic_not_primary
reddit,source_mkl_fp32,0,440.415143967,diagnostic_not_primary
reddit,source_mkl_fp32,1,440.030813217,diagnostic_not_primary
reddit,source_mkl_fp32,2,439.733982086,diagnostic_not_primary
mycielskian19,paper_tfs,0,2214.8001194,diagnostic_not_primary
mycielskian19,paper_tfs,1,2245.7408905,diagnostic_not_primary
mycielskian19,paper_tfs,2,2156.51988983,diagnostic_not_primary
mycielskian19,b64_fast,0,1130.77116013,diagnostic_not_primary
mycielskian19,b64_fast,1,1100.05497932,diagnostic_not_primary
mycielskian19,b64_fast,2,1114.80402946,diagnostic_not_primary
mycielskian19,bfull_fast,0,2474.33686256,diagnostic_not_primary
mycielskian19,bfull_fast,1,2457.00192451,diagnostic_not_primary
mycielskian19,bfull_fast,2,2481.75406456,diagnostic_not_primary
mycielskian19,b256_fast,0,1073.2190609,diagnostic_not_primary
mycielskian19,b256_fast,1,1062.10517883,diagnostic_not_primary
mycielskian19,b256_fast,2,1078.4869194,diagnostic_not_primary
mycielskian19,s64_m256_fast,0,1121.43397331,diagnostic_not_primary
mycielskian19,s64_m256_fast,1,1088.40298653,diagnostic_not_primary
mycielskian19,s64_m256_fast,2,1079.46205139,diagnostic_not_primary
mycielskian19,s64_mfull_fast,0,1127.06685066,diagnostic_not_primary
mycielskian19,s64_mfull_fast,1,1101.12190247,diagnostic_not_primary
mycielskian19,s64_mfull_fast,2,1120.65505981,diagnostic_not_primary
mycielskian19,s128_mfull_fast,0,1116.1198616,diagnostic_not_primary
mycielskian19,s128_mfull_fast,1,1123.05998802,diagnostic_not_primary
mycielskian19,s128_mfull_fast,2,1116.64795876,diagnostic_not_primary
mycielskian19,s64_mfull_accurate,0,1094.85912323,diagnostic_not_primary
mycielskian19,s64_mfull_accurate,1,1126.56497955,diagnostic_not_primary
mycielskian19,s64_mfull_accurate,2,1134.97614861,diagnostic_not_primary
mycielskian19,s64_mfull_rowwise_fast,0,2433.82000923,diagnostic_not_primary
mycielskian19,s64_mfull_rowwise_fast,1,2430.91106415,diagnostic_not_primary
mycielskian19,s64_mfull_rowwise_fast,2,2499.27711487,diagnostic_not_primary
mycielskian19,source_mkl_fp32,0,4776.99398994,diagnostic_not_primary
mycielskian19,source_mkl_fp32,1,4772.86696434,diagnostic_not_primary
mycielskian19,source_mkl_fp32,2,4772.21798897,diagnostic_not_primary
roadNet-CA,paper_tfs,0,34.6550941467,diagnostic_not_primary
roadNet-CA,paper_tfs,1,35.1519584656,diagnostic_not_primary
roadNet-CA,paper_tfs,2,34.7089767456,diagnostic_not_primary
roadNet-CA,b64_fast,0,37.4000072479,diagnostic_not_primary
roadNet-CA,b64_fast,1,37.3368263245,diagnostic_not_primary
roadNet-CA,b64_fast,2,37.8451347351,diagnostic_not_primary
roadNet-CA,bfull_fast,0,37.9061698914,diagnostic_not_primary
roadNet-CA,bfull_fast,1,37.7810001373,diagnostic_not_primary
roadNet-CA,bfull_fast,2,37.8429889679,diagnostic_not_primary
roadNet-CA,b256_fast,0,37.7900600433,diagnostic_not_primary
roadNet-CA,b256_fast,1,38.7299060822,diagnostic_not_primary
roadNet-CA,b256_fast,2,37.8301143646,diagnostic_not_primary
roadNet-CA,s64_m256_fast,0,38.0890369415,diagnostic_not_primary
roadNet-CA,s64_m256_fast,1,38.4440422058,diagnostic_not_primary
roadNet-CA,s64_m256_fast,2,38.1720066071,diagnostic_not_primary
roadNet-CA,s64_mfull_fast,0,38.3360385895,diagnostic_not_primary
roadNet-CA,s64_mfull_fast,1,37.8098487854,diagnostic_not_primary
roadNet-CA,s64_mfull_fast,2,39.0110015869,diagnostic_not_primary
roadNet-CA,s128_mfull_fast,0,51.9380569458,diagnostic_not_primary
roadNet-CA,s128_mfull_fast,1,37.7509593964,diagnostic_not_primary
roadNet-CA,s128_mfull_fast,2,38.1879806519,diagnostic_not_primary
roadNet-CA,s64_mfull_accurate,0,40.9231185913,diagnostic_not_primary
roadNet-CA,s64_mfull_accurate,1,40.8232212067,diagnostic_not_primary
roadNet-CA,s64_mfull_accurate,2,40.4269695282,diagnostic_not_primary
roadNet-CA,s64_mfull_rowwise_fast,0,38.1848812103,diagnostic_not_primary
roadNet-CA,s64_mfull_rowwise_fast,1,38.5820865631,diagnostic_not_primary
roadNet-CA,s64_mfull_rowwise_fast,2,38.5940074921,diagnostic_not_primary
roadNet-CA,source_mkl_fp32,0,66.0359859467,diagnostic_not_primary
roadNet-CA,source_mkl_fp32,1,65.8860206604,diagnostic_not_primary
roadNet-CA,source_mkl_fp32,2,66.67304039,diagnostic_not_primary
hollywood-2009,paper_tfs,0,294.662952423,diagnostic_not_primary
hollywood-2009,paper_tfs,1,311.684131622,diagnostic_not_primary
hollywood-2009,paper_tfs,2,303.979158401,diagnostic_not_primary
hollywood-2009,b64_fast,0,197.347164154,diagnostic_not_primary
hollywood-2009,b64_fast,1,194.990158081,diagnostic_not_primary
hollywood-2009,b64_fast,2,195.459127426,diagnostic_not_primary
hollywood-2009,bfull_fast,0,198.530912399,diagnostic_not_primary
hollywood-2009,bfull_fast,1,195.774078369,diagnostic_not_primary
hollywood-2009,bfull_fast,2,198.024988174,diagnostic_not_primary
hollywood-2009,b256_fast,0,191.795110703,diagnostic_not_primary
hollywood-2009,b256_fast,1,190.152168274,diagnostic_not_primary
hollywood-2009,b256_fast,2,190.912008286,diagnostic_not_primary
hollywood-2009,s64_m256_fast,0,192.025899887,diagnostic_not_primary
hollywood-2009,s64_m256_fast,1,193.778991699,diagnostic_not_primary
hollywood-2009,s64_m256_fast,2,191.557884216,diagnostic_not_primary
hollywood-2009,s64_mfull_fast,0,193.943977356,diagnostic_not_primary
hollywood-2009,s64_mfull_fast,1,193.427085876,diagnostic_not_primary
hollywood-2009,s64_mfull_fast,2,192.354917526,diagnostic_not_primary
hollywood-2009,s128_mfull_fast,0,192.274808884,diagnostic_not_primary
hollywood-2009,s128_mfull_fast,1,193.658828735,diagnostic_not_primary
hollywood-2009,s128_mfull_fast,2,193.078041077,diagnostic_not_primary
hollywood-2009,s64_mfull_accurate,0,193.989992142,diagnostic_not_primary
hollywood-2009,s64_mfull_accurate,1,194.260120392,diagnostic_not_primary
hollywood-2009,s64_mfull_accurate,2,194.487094879,diagnostic_not_primary
hollywood-2009,s64_mfull_rowwise_fast,0,196.19178772,diagnostic_not_primary
hollywood-2009,s64_mfull_rowwise_fast,1,195.837974548,diagnostic_not_primary
hollywood-2009,s64_mfull_rowwise_fast,2,196.082830429,diagnostic_not_primary
hollywood-2009,source_mkl_fp32,0,387.413024902,diagnostic_not_primary
hollywood-2009,source_mkl_fp32,1,386.620044708,diagnostic_not_primary
hollywood-2009,source_mkl_fp32,2,386.66009903,diagnostic_not_primary
indochina-2004,paper_tfs,0,348.992824554,diagnostic_not_primary
indochina-2004,paper_tfs,1,348.447084427,diagnostic_not_primary
indochina-2004,paper_tfs,2,348.623037338,diagnostic_not_primary
indochina-2004,b64_fast,0,213.684082031,diagnostic_not_primary
indochina-2004,b64_fast,1,212.926864624,diagnostic_not_primary
indochina-2004,b64_fast,2,213.370084763,diagnostic_not_primary
indochina-2004,bfull_fast,0,207.386016846,diagnostic_not_primary
indochina-2004,bfull_fast,1,208.102941513,diagnostic_not_primary
indochina-2004,bfull_fast,2,207.058906555,diagnostic_not_primary
indochina-2004,b256_fast,0,209.604978561,diagnostic_not_primary
indochina-2004,b256_fast,1,209.787130356,diagnostic_not_primary
indochina-2004,b256_fast,2,208.171129227,diagnostic_not_primary
indochina-2004,s64_m256_fast,0,210.533857346,diagnostic_not_primary
indochina-2004,s64_m256_fast,1,209.43903923,diagnostic_not_primary
indochina-2004,s64_m256_fast,2,208.734989166,diagnostic_not_primary
indochina-2004,s64_mfull_fast,0,207.726955414,diagnostic_not_primary
indochina-2004,s64_mfull_fast,1,208.14204216,diagnostic_not_primary
indochina-2004,s64_mfull_fast,2,207.724094391,diagnostic_not_primary
indochina-2004,s128_mfull_fast,0,206.45904541,diagnostic_not_primary
indochina-2004,s128_mfull_fast,1,207.305192947,diagnostic_not_primary
indochina-2004,s128_mfull_fast,2,208.677053452,diagnostic_not_primary
indochina-2004,s64_mfull_accurate,0,216.943025589,diagnostic_not_primary
indochina-2004,s64_mfull_accurate,1,216.29691124,diagnostic_not_primary
indochina-2004,s64_mfull_accurate,2,216.420888901,diagnostic_not_primary
indochina-2004,s64_mfull_rowwise_fast,0,208.030939102,diagnostic_not_primary
indochina-2004,s64_mfull_rowwise_fast,1,207.843065262,diagnostic_not_primary
indochina-2004,s64_mfull_rowwise_fast,2,208.377838135,diagnostic_not_primary
indochina-2004,source_mkl_fp32,0,691.22004509,diagnostic_not_primary
indochina-2004,source_mkl_fp32,1,688.686132431,diagnostic_not_primary
indochina-2004,source_mkl_fp32,2,690.543889999,diagnostic_not_primary
soc-Pokec,paper_tfs,0,96.2679386139,diagnostic_not_primary
soc-Pokec,paper_tfs,1,96.2080955505,diagnostic_not_primary
soc-Pokec,paper_tfs,2,98.7708568573,diagnostic_not_primary
soc-Pokec,b64_fast,0,92.6949977875,diagnostic_not_primary
soc-Pokec,b64_fast,1,93.7969684601,diagnostic_not_primary
soc-Pokec,b64_fast,2,92.4270153046,diagnostic_not_primary
soc-Pokec,bfull_fast,0,92.041015625,diagnostic_not_primary
soc-Pokec,bfull_fast,1,93.325138092,diagnostic_not_primary
soc-Pokec,bfull_fast,2,94.230890274,diagnostic_not_primary
soc-Pokec,b256_fast,0,92.2601222992,diagnostic_not_primary
soc-Pokec,b256_fast,1,92.1468734741,diagnostic_not_primary
soc-Pokec,b256_fast,2,94.5000648499,diagnostic_not_primary
soc-Pokec,s64_m256_fast,0,92.316865921,diagnostic_not_primary
soc-Pokec,s64_m256_fast,1,93.652009964,diagnostic_not_primary
soc-Pokec,s64_m256_fast,2,93.5730934143,diagnostic_not_primary
soc-Pokec,s64_mfull_fast,0,93.8730239868,diagnostic_not_primary
soc-Pokec,s64_mfull_fast,1,94.468832016,diagnostic_not_primary
soc-Pokec,s64_mfull_fast,2,93.5628414154,diagnostic_not_primary
soc-Pokec,s128_mfull_fast,0,92.0159816742,diagnostic_not_primary
soc-Pokec,s128_mfull_fast,1,93.8310623169,diagnostic_not_primary
soc-Pokec,s128_mfull_fast,2,94.6409702301,diagnostic_not_primary
soc-Pokec,s64_mfull_accurate,0,96.3540077209,diagnostic_not_primary
soc-Pokec,s64_mfull_accurate,1,97.6719856262,diagnostic_not_primary
soc-Pokec,s64_mfull_accurate,2,96.6610908508,diagnostic_not_primary
soc-Pokec,s64_mfull_rowwise_fast,0,93.7969684601,diagnostic_not_primary
soc-Pokec,s64_mfull_rowwise_fast,1,93.1918621063,diagnostic_not_primary
soc-Pokec,s64_mfull_rowwise_fast,2,93.1100845337,diagnostic_not_primary
soc-Pokec,source_mkl_fp32,0,330.762147903,diagnostic_not_primary
soc-Pokec,source_mkl_fp32,1,331.606864929,diagnostic_not_primary
soc-Pokec,source_mkl_fp32,2,330.704927444,diagnostic_not_primary
cit-Patents,paper_tfs,0,76.9879817963,diagnostic_not_primary
cit-Patents,paper_tfs,1,76.6279697418,diagnostic_not_primary
cit-Patents,paper_tfs,2,76.4019489288,diagnostic_not_primary
cit-Patents,b64_fast,0,80.8329582214,diagnostic_not_primary
cit-Patents,b64_fast,1,80.9991359711,diagnostic_not_primary
cit-Patents,b64_fast,2,81.1128616333,diagnostic_not_primary
cit-Patents,bfull_fast,0,80.69896698,diagnostic_not_primary
cit-Patents,bfull_fast,1,81.0589790344,diagnostic_not_primary
cit-Patents,bfull_fast,2,81.5880298615,diagnostic_not_primary
cit-Patents,b256_fast,0,81.1610221863,diagnostic_not_primary
cit-Patents,b256_fast,1,81.7470550537,diagnostic_not_primary
cit-Patents,b256_fast,2,81.7289352417,diagnostic_not_primary
cit-Patents,s64_m256_fast,0,81.7940235138,diagnostic_not_primary
cit-Patents,s64_m256_fast,1,82.0181369781,diagnostic_not_primary
cit-Patents,s64_m256_fast,2,81.417798996,diagnostic_not_primary
cit-Patents,s64_mfull_fast,0,81.5479755402,diagnostic_not_primary
cit-Patents,s64_mfull_fast,1,81.9489955902,diagnostic_not_primary
cit-Patents,s64_mfull_fast,2,82.0600986481,diagnostic_not_primary
cit-Patents,s128_mfull_fast,0,82.0848941803,diagnostic_not_primary
cit-Patents,s128_mfull_fast,1,82.5312137604,diagnostic_not_primary
cit-Patents,s128_mfull_fast,2,82.160949707,diagnostic_not_primary
cit-Patents,s64_mfull_accurate,0,85.3521823883,diagnostic_not_primary
cit-Patents,s64_mfull_accurate,1,85.4589939117,diagnostic_not_primary
cit-Patents,s64_mfull_accurate,2,85.4728221893,diagnostic_not_primary
cit-Patents,s64_mfull_rowwise_fast,0,82.396030426,diagnostic_not_primary
cit-Patents,s64_mfull_rowwise_fast,1,82.3040008545,diagnostic_not_primary
cit-Patents,s64_mfull_rowwise_fast,2,82.0732116699,diagnostic_not_primary
cit-Patents,source_mkl_fp32,0,271.138191223,diagnostic_not_primary
cit-Patents,source_mkl_fp32,1,271.435976028,diagnostic_not_primary
cit-Patents,source_mkl_fp32,2,271.403074265,diagnostic_not_primary
soc-LiveJournal1,paper_tfs,0,246.167898178,diagnostic_not_primary
soc-LiveJournal1,paper_tfs,1,260.401010513,diagnostic_not_primary
soc-LiveJournal1,paper_tfs,2,262.74394989,diagnostic_not_primary
soc-LiveJournal1,b64_fast,0,264.570951462,diagnostic_not_primary
soc-LiveJournal1,b64_fast,1,267.663955688,diagnostic_not_primary
soc-LiveJournal1,b64_fast,2,266.160964966,diagnostic_not_primary
soc-LiveJournal1,bfull_fast,0,265.894174576,diagnostic_not_primary
soc-LiveJournal1,bfull_fast,1,264.563083649,diagnostic_not_primary
soc-LiveJournal1,bfull_fast,2,265.537977219,diagnostic_not_primary
soc-LiveJournal1,b256_fast,0,269.259929657,diagnostic_not_primary
soc-LiveJournal1,b256_fast,1,266.977071762,diagnostic_not_primary
soc-LiveJournal1,b256_fast,2,267.888069153,diagnostic_not_primary
soc-LiveJournal1,s64_m256_fast,0,281.970024109,diagnostic_not_primary
soc-LiveJournal1,s64_m256_fast,1,274.364948273,diagnostic_not_primary
soc-LiveJournal1,s64_m256_fast,2,275.03991127,diagnostic_not_primary
soc-LiveJournal1,s64_mfull_fast,0,271.649122238,diagnostic_not_primary
soc-LiveJournal1,s64_mfull_fast,1,271.651983261,diagnostic_not_primary
soc-LiveJournal1,s64_mfull_fast,2,271.14200592,diagnostic_not_primary
soc-LiveJournal1,s128_mfull_fast,0,271.210193634,diagnostic_not_primary
soc-LiveJournal1,s128_mfull_fast,1,270.269870758,diagnostic_not_primary
soc-LiveJournal1,s128_mfull_fast,2,270.861148834,diagnostic_not_primary
soc-LiveJournal1,s64_mfull_accurate,0,276.00812912,diagnostic_not_primary
soc-LiveJournal1,s64_mfull_accurate,1,279.184103012,diagnostic_not_primary
soc-LiveJournal1,s64_mfull_accurate,2,277.190923691,diagnostic_not_primary
soc-LiveJournal1,s64_mfull_rowwise_fast,0,269.948005676,diagnostic_not_primary
soc-LiveJournal1,s64_mfull_rowwise_fast,1,269.309997559,diagnostic_not_primary
soc-LiveJournal1,s64_mfull_rowwise_fast,2,270.320177078,diagnostic_not_primary
soc-LiveJournal1,source_mkl_fp32,0,682.794094086,diagnostic_not_primary
soc-LiveJournal1,source_mkl_fp32,1,682.508945465,diagnostic_not_primary
soc-LiveJournal1,source_mkl_fp32,2,683.344125748,diagnostic_not_primary
com-LiveJournal,paper_tfs,0,235.670804977,diagnostic_not_primary
com-LiveJournal,paper_tfs,1,252.486944199,diagnostic_not_primary
com-LiveJournal,paper_tfs,2,252.004861832,diagnostic_not_primary
com-LiveJournal,b64_fast,0,243.04485321,diagnostic_not_primary
com-LiveJournal,b64_fast,1,248.588085175,diagnostic_not_primary
com-LiveJournal,b64_fast,2,246.994972229,diagnostic_not_primary
com-LiveJournal,bfull_fast,0,246.268987656,diagnostic_not_primary
com-LiveJournal,bfull_fast,1,248.492956161,diagnostic_not_primary
com-LiveJournal,bfull_fast,2,244.034051895,diagnostic_not_primary
com-LiveJournal,b256_fast,0,242.078065872,diagnostic_not_primary
com-LiveJournal,b256_fast,1,248.013973236,diagnostic_not_primary
com-LiveJournal,b256_fast,2,250.463962555,diagnostic_not_primary
com-LiveJournal,s64_m256_fast,0,247.88403511,diagnostic_not_primary
com-LiveJournal,s64_m256_fast,1,250.298023224,diagnostic_not_primary
com-LiveJournal,s64_m256_fast,2,252.874851227,diagnostic_not_primary
com-LiveJournal,s64_mfull_fast,0,252.97498703,diagnostic_not_primary
com-LiveJournal,s64_mfull_fast,1,250.870943069,diagnostic_not_primary
com-LiveJournal,s64_mfull_fast,2,253.407001495,diagnostic_not_primary
com-LiveJournal,s128_mfull_fast,0,245.257854462,diagnostic_not_primary
com-LiveJournal,s128_mfull_fast,1,247.325897217,diagnostic_not_primary
com-LiveJournal,s128_mfull_fast,2,252.591848373,diagnostic_not_primary
com-LiveJournal,s64_mfull_accurate,0,254.91309166,diagnostic_not_primary
com-LiveJournal,s64_mfull_accurate,1,259.356975555,diagnostic_not_primary
com-LiveJournal,s64_mfull_accurate,2,257.057905197,diagnostic_not_primary
com-LiveJournal,s64_mfull_rowwise_fast,0,249.665975571,diagnostic_not_primary
com-LiveJournal,s64_mfull_rowwise_fast,1,251.917123795,diagnostic_not_primary
com-LiveJournal,s64_mfull_rowwise_fast,2,248.188018799,diagnostic_not_primary
com-LiveJournal,source_mkl_fp32,0,645.805835724,diagnostic_not_primary
com-LiveJournal,source_mkl_fp32,1,644.931077957,diagnostic_not_primary
com-LiveJournal,source_mkl_fp32,2,645.291805267,diagnostic_not_primary
as-Skitter,paper_tfs,0,103.575944901,diagnostic_not_primary
as-Skitter,paper_tfs,1,100.97694397,diagnostic_not_primary
as-Skitter,paper_tfs,2,104.047060013,diagnostic_not_primary
as-Skitter,b64_fast,0,78.4978866577,diagnostic_not_primary
as-Skitter,b64_fast,1,79.1289806366,diagnostic_not_primary
as-Skitter,b64_fast,2,77.7320861816,diagnostic_not_primary
as-Skitter,bfull_fast,0,80.9190273285,diagnostic_not_primary
as-Skitter,bfull_fast,1,76.5130519867,diagnostic_not_primary
as-Skitter,bfull_fast,2,76.751947403,diagnostic_not_primary
as-Skitter,b256_fast,0,77.7590274811,diagnostic_not_primary
as-Skitter,b256_fast,1,78.7391662598,diagnostic_not_primary
as-Skitter,b256_fast,2,77.4779319763,diagnostic_not_primary
as-Skitter,s64_m256_fast,0,77.1548748016,diagnostic_not_primary
as-Skitter,s64_m256_fast,1,86.5468978882,diagnostic_not_primary
as-Skitter,s64_m256_fast,2,78.4239768982,diagnostic_not_primary
as-Skitter,s64_mfull_fast,0,77.2869586945,diagnostic_not_primary
as-Skitter,s64_mfull_fast,1,78.0119895935,diagnostic_not_primary
as-Skitter,s64_mfull_fast,2,76.4720439911,diagnostic_not_primary
as-Skitter,s128_mfull_fast,0,75.8428573608,diagnostic_not_primary
as-Skitter,s128_mfull_fast,1,75.581073761,diagnostic_not_primary
as-Skitter,s128_mfull_fast,2,76.9808292389,diagnostic_not_primary
as-Skitter,s64_mfull_accurate,0,78.7780284882,diagnostic_not_primary
as-Skitter,s64_mfull_accurate,1,79.5130729675,diagnostic_not_primary
as-Skitter,s64_mfull_accurate,2,78.4101486206,diagnostic_not_primary
as-Skitter,s64_mfull_rowwise_fast,0,81.6040039062,diagnostic_not_primary
as-Skitter,s64_mfull_rowwise_fast,1,78.605890274,diagnostic_not_primary
as-Skitter,s64_mfull_rowwise_fast,2,77.0971775055,diagnostic_not_primary
as-Skitter,source_mkl_fp32,0,162.193059921,diagnostic_not_primary
as-Skitter,source_mkl_fp32,1,162.866830826,diagnostic_not_primary
as-Skitter,source_mkl_fp32,2,162.766933441,diagnostic_not_primary
rgg_n_2_24_s0,paper_tfs,0,889.332771301,diagnostic_not_primary
rgg_n_2_24_s0,paper_tfs,1,896.466016769,diagnostic_not_primary
rgg_n_2_24_s0,paper_tfs,2,892.863988876,diagnostic_not_primary
rgg_n_2_24_s0,b64_fast,0,912.128925323,diagnostic_not_primary
rgg_n_2_24_s0,b64_fast,1,912.472009659,diagnostic_not_primary
rgg_n_2_24_s0,b64_fast,2,921.852111816,diagnostic_not_primary
rgg_n_2_24_s0,bfull_fast,0,924.35002327,diagnostic_not_primary
rgg_n_2_24_s0,bfull_fast,1,924.720048904,diagnostic_not_primary
rgg_n_2_24_s0,bfull_fast,2,923.51603508,diagnostic_not_primary
rgg_n_2_24_s0,b256_fast,0,923.903942108,diagnostic_not_primary
rgg_n_2_24_s0,b256_fast,1,924.195051193,diagnostic_not_primary
rgg_n_2_24_s0,b256_fast,2,922.930955887,diagnostic_not_primary
rgg_n_2_24_s0,s64_m256_fast,0,927.539825439,diagnostic_not_primary
rgg_n_2_24_s0,s64_m256_fast,1,926.935911179,diagnostic_not_primary
rgg_n_2_24_s0,s64_m256_fast,2,926.327943802,diagnostic_not_primary
rgg_n_2_24_s0,s64_mfull_fast,0,923.386096954,diagnostic_not_primary
rgg_n_2_24_s0,s64_mfull_fast,1,925.508975983,diagnostic_not_primary
rgg_n_2_24_s0,s64_mfull_fast,2,926.463842392,diagnostic_not_primary
rgg_n_2_24_s0,s128_mfull_fast,0,926.555871964,diagnostic_not_primary
rgg_n_2_24_s0,s128_mfull_fast,1,928.241968155,diagnostic_not_primary
rgg_n_2_24_s0,s128_mfull_fast,2,925.262928009,diagnostic_not_primary
rgg_n_2_24_s0,s64_mfull_accurate,0,982.59806633,diagnostic_not_primary
rgg_n_2_24_s0,s64_mfull_accurate,1,982.0561409,diagnostic_not_primary
rgg_n_2_24_s0,s64_mfull_accurate,2,982.137918472,diagnostic_not_primary
rgg_n_2_24_s0,s64_mfull_rowwise_fast,0,925.24600029,diagnostic_not_primary
rgg_n_2_24_s0,s64_mfull_rowwise_fast,1,925.918102264,diagnostic_not_primary
rgg_n_2_24_s0,s64_mfull_rowwise_fast,2,923.26593399,diagnostic_not_primary
rgg_n_2_24_s0,source_mkl_fp32,0,2029.19507027,diagnostic_not_primary
rgg_n_2_24_s0,source_mkl_fp32,1,2027.29701996,diagnostic_not_primary
rgg_n_2_24_s0,source_mkl_fp32,2,2027.10199356,diagnostic_not_primary
web-Google,paper_tfs,0,20.7619667053,diagnostic_not_primary
web-Google,paper_tfs,1,20.5268859863,diagnostic_not_primary
web-Google,paper_tfs,2,20.5900669098,diagnostic_not_primary
web-Google,b64_fast,0,21.2359428406,diagnostic_not_primary
web-Google,b64_fast,1,20.8368301392,diagnostic_not_primary
web-Google,b64_fast,2,21.3150978088,diagnostic_not_primary
web-Google,bfull_fast,0,21.3658809662,diagnostic_not_primary
web-Google,bfull_fast,1,21.2199687958,diagnostic_not_primary
web-Google,bfull_fast,2,21.1548805237,diagnostic_not_primary
web-Google,b256_fast,0,21.3689804077,diagnostic_not_primary
web-Google,b256_fast,1,20.9491252899,diagnostic_not_primary
web-Google,b256_fast,2,21.2438106537,diagnostic_not_primary
web-Google,s64_m256_fast,0,20.8559036255,diagnostic_not_primary
web-Google,s64_m256_fast,1,20.9670066833,diagnostic_not_primary
web-Google,s64_m256_fast,2,21.360874176,diagnostic_not_primary
web-Google,s64_mfull_fast,0,21.3940143585,diagnostic_not_primary
web-Google,s64_mfull_fast,1,21.3758945465,diagnostic_not_primary
web-Google,s64_mfull_fast,2,21.3859081268,diagnostic_not_primary
web-Google,s128_mfull_fast,0,21.2690830231,diagnostic_not_primary
web-Google,s128_mfull_fast,1,21.2550163269,diagnostic_not_primary
web-Google,s128_mfull_fast,2,21.194934845,diagnostic_not_primary
web-Google,s64_mfull_accurate,0,22.2220420837,diagnostic_not_primary
web-Google,s64_mfull_accurate,1,22.1469402313,diagnostic_not_primary
web-Google,s64_mfull_accurate,2,22.3999023438,diagnostic_not_primary
web-Google,s64_mfull_rowwise_fast,0,21.3840007782,diagnostic_not_primary
web-Google,s64_mfull_rowwise_fast,1,20.9748744965,diagnostic_not_primary
web-Google,s64_mfull_rowwise_fast,2,21.3739871979,diagnostic_not_primary
web-Google,source_mkl_fp32,0,46.895980835,diagnostic_not_primary
web-Google,source_mkl_fp32,1,46.767950058,diagnostic_not_primary
web-Google,source_mkl_fp32,2,46.3950634003,diagnostic_not_primary
wiki-Talk,paper_tfs,0,107.867002487,diagnostic_not_primary
wiki-Talk,paper_tfs,1,106.914043427,diagnostic_not_primary
wiki-Talk,paper_tfs,2,106.265068054,diagnostic_not_primary
wiki-Talk,b64_fast,0,49.1390228271,diagnostic_not_primary
wiki-Talk,b64_fast,1,47.5778579712,diagnostic_not_primary
wiki-Talk,b64_fast,2,49.9889850616,diagnostic_not_primary
wiki-Talk,bfull_fast,0,45.3948974609,diagnostic_not_primary
wiki-Talk,bfull_fast,1,47.0089912415,diagnostic_not_primary
wiki-Talk,bfull_fast,2,46.9560623169,diagnostic_not_primary
wiki-Talk,b256_fast,0,46.8261241913,diagnostic_not_primary
wiki-Talk,b256_fast,1,48.8588809967,diagnostic_not_primary
wiki-Talk,b256_fast,2,46.7360019684,diagnostic_not_primary
wiki-Talk,s64_m256_fast,0,46.8549728394,diagnostic_not_primary
wiki-Talk,s64_m256_fast,1,46.9310283661,diagnostic_not_primary
wiki-Talk,s64_m256_fast,2,45.970916748,diagnostic_not_primary
wiki-Talk,s64_mfull_fast,0,47.9390621185,diagnostic_not_primary
wiki-Talk,s64_mfull_fast,1,48.1379032135,diagnostic_not_primary
wiki-Talk,s64_mfull_fast,2,47.6269721985,diagnostic_not_primary
wiki-Talk,s128_mfull_fast,0,47.0938682556,diagnostic_not_primary
wiki-Talk,s128_mfull_fast,1,46.8721389771,diagnostic_not_primary
wiki-Talk,s128_mfull_fast,2,46.9620227814,diagnostic_not_primary
wiki-Talk,s64_mfull_accurate,0,48.5198497772,diagnostic_not_primary
wiki-Talk,s64_mfull_accurate,1,47.3599433899,diagnostic_not_primary
wiki-Talk,s64_mfull_accurate,2,48.299074173,diagnostic_not_primary
wiki-Talk,s64_mfull_rowwise_fast,0,46.3960170746,diagnostic_not_primary
wiki-Talk,s64_mfull_rowwise_fast,1,48.0329990387,diagnostic_not_primary
wiki-Talk,s64_mfull_rowwise_fast,2,46.4599132538,diagnostic_not_primary
wiki-Talk,source_mkl_fp32,0,90.8761024475,diagnostic_not_primary
wiki-Talk,source_mkl_fp32,1,90.8200740814,diagnostic_not_primary
wiki-Talk,source_mkl_fp32,2,90.7409191132,diagnostic_not_primary
email-Enron,paper_tfs,0,2.32720375061,diagnostic_not_primary
email-Enron,paper_tfs,1,2.3250579834,diagnostic_not_primary
email-Enron,paper_tfs,2,2.31599807739,diagnostic_not_primary
email-Enron,b64_fast,0,1.25694274902,diagnostic_not_primary
email-Enron,b64_fast,1,1.32179260254,diagnostic_not_primary
email-Enron,b64_fast,2,1.27792358398,diagnostic_not_primary
email-Enron,bfull_fast,0,1.16086006165,diagnostic_not_primary
email-Enron,bfull_fast,1,1.14989280701,diagnostic_not_primary
email-Enron,bfull_fast,2,1.17015838623,diagnostic_not_primary
email-Enron,b256_fast,0,1.21808052063,diagnostic_not_primary
email-Enron,b256_fast,1,1.16801261902,diagnostic_not_primary
email-Enron,b256_fast,2,1.18684768677,diagnostic_not_primary
email-Enron,s64_m256_fast,0,1.19709968567,diagnostic_not_primary
email-Enron,s64_m256_fast,1,1.17802619934,diagnostic_not_primary
email-Enron,s64_m256_fast,2,1.2309551239,diagnostic_not_primary
email-Enron,s64_mfull_fast,0,1.14703178406,diagnostic_not_primary
email-Enron,s64_mfull_fast,1,1.21092796326,diagnostic_not_primary
email-Enron,s64_mfull_fast,2,1.15895271301,diagnostic_not_primary
email-Enron,s128_mfull_fast,0,1.15299224854,diagnostic_not_primary
email-Enron,s128_mfull_fast,1,1.16991996765,diagnostic_not_primary
email-Enron,s128_mfull_fast,2,1.14917755127,diagnostic_not_primary
email-Enron,s64_mfull_accurate,0,1.20902061462,diagnostic_not_primary
email-Enron,s64_mfull_accurate,1,1.20997428894,diagnostic_not_primary
email-Enron,s64_mfull_accurate,2,1.24192237854,diagnostic_not_primary
email-Enron,s64_mfull_rowwise_fast,0,1.18398666382,diagnostic_not_primary
email-Enron,s64_mfull_rowwise_fast,1,1.13892555237,diagnostic_not_primary
email-Enron,s64_mfull_rowwise_fast,2,1.17206573486,diagnostic_not_primary
email-Enron,source_mkl_fp32,0,1.44696235657,diagnostic_not_primary
email-Enron,source_mkl_fp32,1,1.43313407898,diagnostic_not_primary
email-Enron,source_mkl_fp32,2,1.44386291504,diagnostic_not_primary
amazon0601,paper_tfs,0,12.6008987427,diagnostic_not_primary
amazon0601,paper_tfs,1,12.6049518585,diagnostic_not_primary
amazon0601,paper_tfs,2,12.6450061798,diagnostic_not_primary
amazon0601,b64_fast,0,11.6169452667,diagnostic_not_primary
amazon0601,b64_fast,1,11.7909908295,diagnostic_not_primary
amazon0601,b64_fast,2,11.5308761597,diagnostic_not_primary
amazon0601,bfull_fast,0,11.6038322449,diagnostic_not_primary
amazon0601,bfull_fast,1,11.7230415344,diagnostic_not_primary
amazon0601,bfull_fast,2,11.7371082306,diagnostic_not_primary
amazon0601,b256_fast,0,11.7700099945,diagnostic_not_primary
amazon0601,b256_fast,1,11.757850647,diagnostic_not_primary
amazon0601,b256_fast,2,11.6980075836,diagnostic_not_primary
amazon0601,s64_m256_fast,0,11.8880271912,diagnostic_not_primary
amazon0601,s64_m256_fast,1,11.7490291595,diagnostic_not_primary
amazon0601,s64_m256_fast,2,11.8889808655,diagnostic_not_primary
amazon0601,s64_mfull_fast,0,11.855840683,diagnostic_not_primary
amazon0601,s64_mfull_fast,1,11.9559764862,diagnostic_not_primary
amazon0601,s64_mfull_fast,2,11.8610858917,diagnostic_not_primary
amazon0601,s128_mfull_fast,0,11.9438171387,diagnostic_not_primary
amazon0601,s128_mfull_fast,1,11.8119716644,diagnostic_not_primary
amazon0601,s128_mfull_fast,2,11.922121048,diagnostic_not_primary
amazon0601,s64_mfull_accurate,0,12.1421813965,diagnostic_not_primary
amazon0601,s64_mfull_accurate,1,12.0520591736,diagnostic_not_primary
amazon0601,s64_mfull_accurate,2,12.0899677277,diagnostic_not_primary
amazon0601,s64_mfull_rowwise_fast,0,11.9059085846,diagnostic_not_primary
amazon0601,s64_mfull_rowwise_fast,1,11.9199752808,diagnostic_not_primary
amazon0601,s64_mfull_rowwise_fast,2,11.8038654327,diagnostic_not_primary
amazon0601,source_mkl_fp32,0,25.2377986908,diagnostic_not_primary
amazon0601,source_mkl_fp32,1,25.2439975739,diagnostic_not_primary
amazon0601,source_mkl_fp32,2,25.0949859619,diagnostic_not_primary
com-Youtube,paper_tfs,0,46.0529327393,diagnostic_not_primary
com-Youtube,paper_tfs,1,48.0058193207,diagnostic_not_primary
com-Youtube,paper_tfs,2,46.8599796295,diagnostic_not_primary
com-Youtube,b64_fast,0,34.1980457306,diagnostic_not_primary
com-Youtube,b64_fast,1,35.7182025909,diagnostic_not_primary
com-Youtube,b64_fast,2,35.2239608765,diagnostic_not_primary
com-Youtube,bfull_fast,0,34.5528125763,diagnostic_not_primary
com-Youtube,bfull_fast,1,33.9889526367,diagnostic_not_primary
com-Youtube,bfull_fast,2,34.3668460846,diagnostic_not_primary
com-Youtube,b256_fast,0,34.8238945007,diagnostic_not_primary
com-Youtube,b256_fast,1,35.3679656982,diagnostic_not_primary
com-Youtube,b256_fast,2,34.3089103699,diagnostic_not_primary
com-Youtube,s64_m256_fast,0,33.8180065155,diagnostic_not_primary
com-Youtube,s64_m256_fast,1,35.5489253998,diagnostic_not_primary
com-Youtube,s64_m256_fast,2,35.0501537323,diagnostic_not_primary
com-Youtube,s64_mfull_fast,0,33.9961051941,diagnostic_not_primary
com-Youtube,s64_mfull_fast,1,33.7028503418,diagnostic_not_primary
com-Youtube,s64_mfull_fast,2,32.7610969543,diagnostic_not_primary
com-Youtube,s128_mfull_fast,0,33.2369804382,diagnostic_not_primary
com-Youtube,s128_mfull_fast,1,32.8829288483,diagnostic_not_primary
com-Youtube,s128_mfull_fast,2,35.1178646088,diagnostic_not_primary
com-Youtube,s64_mfull_accurate,0,36.1969470978,diagnostic_not_primary
com-Youtube,s64_mfull_accurate,1,35.0289344788,diagnostic_not_primary
com-Youtube,s64_mfull_accurate,2,34.9359512329,diagnostic_not_primary
com-Youtube,s64_mfull_rowwise_fast,0,34.0969562531,diagnostic_not_primary
com-Youtube,s64_mfull_rowwise_fast,1,33.6179733276,diagnostic_not_primary
com-Youtube,s64_mfull_rowwise_fast,2,34.4140529633,diagnostic_not_primary
com-Youtube,source_mkl_fp32,0,53.6870956421,diagnostic_not_primary
com-Youtube,source_mkl_fp32,1,53.6670684814,diagnostic_not_primary
com-Youtube,source_mkl_fp32,2,53.6608695984,diagnostic_not_primary
