graph,method,kind,min_ms,median_ms,max_ms,repeats,speedup_min_vs_mkl,speedup_min_vs_tfs,speedup_median_vs_mkl,speedup_median_vs_tfs
mycielskian19,paper_tfs,kernel,998.450040817,1014.81604576,1049.28207397,5,2.9984003545538513,1.0,2.9508935504240292,1.0
mycielskian19,b2_fast,kernel,1244.44794655,1329.6880722,1341.97092056,5,2.405687569889622,0.8023236677636991,2.252117761232032,0.7631985779047886
mycielskian19,b2_accurate,kernel,1546.7979908,1747.27296829,1794.28100586,5,1.9354518005558299,0.6454947877845407,1.7138788149574207,0.5807999460743491
mycielskian19,b4_fast,kernel,758.270978928,886.630058289,905.203104019,5,3.948130733715269,1.3167456866522194,3.3775238007145205,1.14457663178978
mycielskian19,b4_accurate,kernel,985.35990715,1095.54100037,1146.43192291,5,3.03823296915841,1.0132846217630886,2.733456916070345,0.9263149853974096
mycielskian19,b8_fast,kernel,666.557073593,670.450210571,686.607122421,5,4.491367768783122,1.4979213039252117,4.466571979669583,1.5136337191925335
mycielskian19,b8_accurate,kernel,724.46680069,787.584066391,820.684909821,5,4.1323535509683476,1.378186053337505,3.80227870533545,1.288517745680484
mycielskian19,b16_fast,kernel,578.942060471,614.774942398,624.861955643,5,5.171075243616647,1.7246113367626252,4.871073815434255,1.650711464916891
mycielskian19,b16_accurate,kernel,568.377017975,625.262022018,642.333030701,5,5.2671956495638605,1.7566685654783403,4.789374724271661,1.6230252438565433
mycielskian19,b32_fast,kernel,561.401128769,568.166017532,599.188089371,5,5.3326450606796705,1.778496674928904,5.270667431515894,1.7861259111696943
mycielskian19,b32_accurate,kernel,537.858963013,591.17102623,600.928068161,5,5.566055717691259,1.8563417354316125,5.065563079769272,1.7166200654853765
mycielskian19,b64_fast,kernel,525.842905045,541.09287262,550.985097885,5,5.693245887065461,1.898761077191972,5.534381020026973,1.8754932787161058
mycielskian19,b64_accurate,kernel,537.697076797,567.545175552,588.819980621,5,5.567731508274964,1.85690063030406,5.276433054668131,1.7880797678757112
mycielskian19,bfull_fast,kernel,1174.51310158,1211.27009392,1225.04496574,5,2.5489310867309087,0.8500969801646714,2.4722926284827302,0.8378115259791306
mycielskian19,bfull_accurate,kernel,1187.82019615,1196.71177864,1222.29504585,5,2.5203755299778923,0.8405733831207851,2.5023687221523145,0.8480037247676171
mycielskian19,source_mkl_fp32,kernel,2993.75295639,2994.6141243,2996.43301964,5,1.0,0.3335111665395983,1.0,0.33888040449859835
mycielskian19,paper_tfs,e2e,2092.59295464,2132.54499435,2226.57394409,5,2.2890768352720885,1.0,2.247614019816238,1.0
mycielskian19,b2_fast,e2e,2445.71590424,2567.81792641,2662.27698326,5,1.9585701061254346,0.8556157119525573,1.8666191157451582,0.830489176205517
mycielskian19,b2_accurate,e2e,3318.81594658,3452.38900185,3649.51086044,5,1.4433177781540272,0.6305239544230803,1.3883539846238488,0.6177012478047093
mycielskian19,b4_fast,e2e,1678.86400223,1712.35799789,1758.68415833,5,2.8531828973385585,1.2464338694858261,2.7991448243277373,1.2453850170220024
mycielskian19,b4_accurate,e2e,2092.99492836,2128.75318527,2152.66799927,5,2.2886372027061554,0.999807943289994,2.2516175479413616,1.0017812347181616
mycielskian19,b8_fast,e2e,1316.69402122,1343.65487099,1420.19701004,5,3.6379796527682755,1.589278086567964,3.5672389768203145,1.5871225866049579
mycielskian19,b8_accurate,e2e,1466.3670063,1525.68793297,1583.77099037,5,3.2666488249804533,1.4270594916890007,3.141624131390602,1.3977596258486844
mycielskian19,b16_fast,e2e,1152.00090408,1188.25292587,1232.85603523,5,4.158074912228848,1.8164855142289722,4.033769177282371,1.794689453668814
mycielskian19,b16_accurate,e2e,1199.02181625,1206.45403862,1290.71521759,5,3.9950115946190983,1.7452501082796705,3.9729139061713625,1.767613954684347
mycielskian19,b32_fast,e2e,1131.89888,1146.69799805,1165.82679749,5,4.231920485794633,1.8487454945091915,4.17994802061301,1.8597267963984128
mycielskian19,b32_accurate,e2e,1104.50601578,1138.43011856,1162.20498085,5,4.336876386080375,1.894596249131531,4.210305006031322,1.8732331124965804
mycielskian19,b64_fast,e2e,1086.135149,1136.28411293,1145.72691917,5,4.41023022091701,1.9266414097422786,4.218256660150345,1.8767709326244657
mycielskian19,b64_accurate,e2e,1086.67707443,1126.22189522,1152.03094482,5,4.408030840838873,1.925680594428329,4.255944630035533,1.8935389228367125
mycielskian19,bfull_fast,e2e,2438.39502335,2459.94400978,2472.52082825,5,1.9644503914460467,0.8581845577116876,1.9484744401229943,0.866907940128572
mycielskian19,bfull_accurate,e2e,2412.30106354,2426.15914345,2489.31384087,5,1.9856999321181834,0.867467575365226,1.9756074287749128,0.878979847677065
mycielskian19,source_mkl_fp32,e2e,4790.10605812,4793.13802719,4796.31710052,5,1.0,0.43685733243687125,1.0,0.4449162494909863
