graph,method,repeat,ms
paper_tail,tfs_e2e,0,0.18
paper_tail,tfs_e2e,1,0.12
paper_tail,tfs_e2e,2,0.15
paper_tail,tfs_e2e,3,0.12
paper_tail,tfs_e2e,4,0.12
paper_tail,mkl_e2e,0,0.03
paper_tail,mkl_e2e,1,0.03
paper_tail,mkl_e2e,2,0.02
paper_tail,mkl_e2e,3,0.02
paper_tail,mkl_e2e,4,0.02
paper_tail,tfs_kernel,0,0.11
paper_tail,tfs_kernel,1,0.09
paper_tail,tfs_kernel,2,0.11
paper_tail,tfs_kernel,3,0.06
paper_tail,tfs_kernel,4,0.08
paper_tail,mkl_kernel,0,0.01
paper_tail,mkl_kernel,1,0.02
paper_tail,mkl_kernel,2,0.01
paper_tail,mkl_kernel,3,0.01
paper_tail,mkl_kernel,4,0.02
paper_high_tail,tfs_e2e,0,0.2
paper_high_tail,tfs_e2e,1,0.22
paper_high_tail,tfs_e2e,2,0.17
paper_high_tail,tfs_e2e,3,0.18
paper_high_tail,tfs_e2e,4,0.17
paper_high_tail,mkl_e2e,0,0.06
paper_high_tail,mkl_e2e,1,0.07
paper_high_tail,mkl_e2e,2,0.06
paper_high_tail,mkl_e2e,3,0.05
paper_high_tail,mkl_e2e,4,0.05
paper_high_tail,tfs_kernel,0,0.12
paper_high_tail,tfs_kernel,1,0.09
paper_high_tail,tfs_kernel,2,0.09
paper_high_tail,tfs_kernel,3,0.09
paper_high_tail,tfs_kernel,4,0.1
paper_high_tail,mkl_kernel,0,0.03
paper_high_tail,mkl_kernel,1,0.04
paper_high_tail,mkl_kernel,2,0.03
paper_high_tail,mkl_kernel,3,0.03
paper_high_tail,mkl_kernel,4,0.03
