graph,N,E,avg_degree,node,paper_tfs_ms,paper_tfs_vs_tfs,paper_tfs_vs_mkl,paper_tfs_interleaved_ms,source_mkl_fp32_ms,source_mkl_fp32_vs_tfs,source_mkl_fp32_vs_mkl,source_mkl_fp32_interleaved_ms,b8_fast_ms,b8_fast_vs_tfs,b8_fast_vs_mkl,b8_fast_interleaved_ms,b8_accurate_ms,b8_accurate_vs_tfs,b8_accurate_vs_mkl,b8_accurate_interleaved_ms,b16_fast_ms,b16_fast_vs_tfs,b16_fast_vs_mkl,b16_fast_interleaved_ms,b16_accurate_ms,b16_accurate_vs_tfs,b16_accurate_vs_mkl,b16_accurate_interleaved_ms,b64_fast_ms,b64_fast_vs_tfs,b64_fast_vs_mkl,b64_fast_interleaved_ms,b64_accurate_ms,b64_accurate_vs_tfs,b64_accurate_vs_mkl,b64_accurate_interleaved_ms,bfull_fast_ms,bfull_fast_vs_tfs,bfull_fast_vs_mkl,bfull_fast_interleaved_ms,bfull_accurate_ms,bfull_accurate_vs_tfs,bfull_accurate_vs_mkl,bfull_accurate_interleaved_ms
ogbn-products,2449029,123718152,50.51722621496111,qhcn819,340.522050858,1.0,3.9568570834253367,332.400083542,1347.397089,0.2527258323756108,1.0,1351.1929512,370.620965958,0.9187878780084694,3.6355123232631463,364.240884781,389.19210434,0.8749459381645583,3.4620360330406594,390.143156052,334.287881851,1.0186491026012685,4.030648917152692,331.721782684,350.430011749,0.9717262775481207,3.844982004466816,343.652963638,291.990995407,1.1662073701394577,4.6145158932791475,294.009923935,303.984880447,1.12019403845768,4.432447715882105,300.937891006,288.536071777,1.1801715077107524,4.669769989942051,291.208982468,297.941207886,1.1429169307398812,4.5223589531648445,293.783903122
reddit,232965,114615892,491.9876032880476,qhcn819,310.501813889,1.0,1.4164883336792042,302.197933197,439.82219696,0.7059712220873628,1.0,441.732883453,173.051118851,1.7942779910966504,2.5415738417657643,170.75586319,195.628166199,1.5872040305951978,2.2482559925067083,194.431781769,144.598007202,2.1473450422815046,3.041689200775629,146.147966385,155.434846878,1.9976332214147015,2.8296241531039312,158.476829529,125.293970108,2.4781864093009096,3.5103221374570954,123.333930969,127.919912338,2.4273141547233696,3.4382621823400514,128.107070923,133.847951889,2.319809974727883,3.285983765554696,136.21878624,134.016990662,2.316883944007568,3.2818390771753827,134.622097015
mycielskian19,393215,903194710,2296.9487684854344,qhcn819,2164.30902481,1.0,2.2033517042182256,2132.54499435,4768.73397827,0.45385400709543616,1.0,4793.13802719,1369.02308464,1.5809149232710926,3.4833115904133876,1343.65487099,1541.55492783,1.4039778834586403,3.093457062203292,1525.68793297,1211.22694016,1.7868732547544728,3.9371102310852355,1188.25292587,1241.14513397,1.74380011295465,3.842204950694563,1206.45403862,1132.98177719,1.9102769950791958,4.209012072636617,1136.28411293,1134.84287262,1.9071442197220505,4.202109466714519,1126.22189522,2437.4320507,0.8879464041627079,1.9564582228663479,2459.94400978,2432.82699585,0.8896271820815672,1.9601615677582789,2426.15914345
hollywood-2009,1139905,113891327,99.9129988902584,qhcn819,311.07711792,1.0,1.2419011429003664,302.723884583,386.327028275,0.8052170703898183,1.0,387.359142303,218.679904938,1.4225226502096586,1.766632505097033,219.247102737,240.406036377,1.2939655035623772,1.6069772377477642,238.785028458,203.080892563,1.531789199830788,1.902330757952293,201.507091522,208.170890808,1.4943353353227102,1.855816760813676,210.61706543,198.759078979,1.56509639468025,1.943695001302645,205.190181732,198.359012604,1.5682530066885754,1.9476152013634773,194.932937622,198.661088943,1.565868382052685,1.944653733302777,209.868192673,201.299905777,1.545341597251472,1.9191614957980805,200.554847717
indochina-2004,7414866,194109311,26.178397694577352,qhcn819,350.434064865,1.0,1.9866957131699052,355.138063431,696.205854416,0.5033483453812025,1.0,697.516918182,291.751861572,1.2011373739890194,2.386294471832142,291.84794426,335.979938507,1.0430208018437948,2.0721649557701043,337.248086929,248.121976852,1.4123459328797272,2.8059016103651047,246.985912323,271.447896957,1.2909809535953494,2.564786326291877,271.193027496,216.022968292,1.622207433013861,3.2228325530409934,214.998006821,226.75204277,1.5454505308269861,3.070339944510128,227.66494751,209.745883942,1.6707553839860037,3.3192825591205324,207.969903946,217.622995377,1.6102804956706172,3.199137357749925,217.885971069
soc-Pokec,1632803,30622564,18.754598074599325,qhcn819,98.886013031,1.0,3.358452398752167,100.075006485,332.103967667,0.29775619281415155,1.0,335.663080215,109.923839569,0.8995865994012021,3.021218772644272,108.443975449,118.327140808,0.8357001813426257,2.8066592786677624,117.841005325,102.144956589,0.9680949146504316,3.2513006883275164,103.699922562,106.487989426,0.9286118891343825,3.1186988265731483,108.762025833,95.0350761414,1.0405212164387632,3.494540975301287,96.3327884674,98.3009338379,1.0059519189722532,3.378441635301709,98.895072937,94.9220657349,1.04176001928962,3.498701435707328,95.8750247955,97.9189872742,1.0098757736749469,3.3916197145403255,99.0509986877
cit-Patents,3774768,16518948,4.376149209699775,qhcn819,77.2430896759,1.0,3.498137236440778,79.2808532715,270.206928253,0.2858664290190805,1.0,274.573087692,87.8760814667,0.8790001600739412,3.0748631907920583,88.1309509277,92.0629501343,0.8390247060649152,2.935023566579458,92.7469730377,84.1798782349,0.9175956451297872,3.2098754942244065,84.6199989319,87.3749256134,0.8840418361861683,3.0924996657343136,88.4430408478,82.7848911285,0.9330578155378867,3.2639642882851723,83.3261013031,86.0140323639,0.8980289326409819,3.141428448672586,86.963891983,82.8049182892,0.9328321465897103,3.2631748673344476,83.3079814911,85.8941078186,0.8992827521886586,3.1458144815200915,86.8091583252
soc-LiveJournal1,4847571,68993773,14.232648268586473,qhcn819,265.35820961,1.0,2.564077222408118,265.92707634,680.39894104,0.3900038545098204,1.0,685.24813652,283.319950104,0.9366026272156033,2.4015214628911297,289.86120224,295.507907867,0.89797329460784,2.302472871034737,299.030065536,285.588026047,0.9291643395662859,2.3824491189557953,290.138959885,298.412084579,0.889234127312128,2.2800649712289878,300.33493042,276.923894882,0.9582351487692016,2.456988918669964,282.562017441,283.347129822,0.9365127847834538,2.4012910999572497,288.579940796,275.286912918,0.9639332534817685,2.471599299174353,281.831979752,280.325174332,0.946608560013686,2.42717744726764,285.405874252
com-LiveJournal,3997962,69362378,17.349434036641668,qhcn819,251.964092255,1.0,2.5659803901131872,254.872083664,646.534919739,0.389714591683177,1.0,649.586200714,269.333839417,0.9355084856785967,2.4004964290357624,271.051168442,285.381793976,0.8829017743023567,2.2655086392559864,279.080867767,261.761903763,0.9625697576035702,2.469935122126765,265.318870544,275.969028473,0.9130158324257442,2.3427807218673276,275.875091553,253.033161163,0.9957749849739603,2.555139084408436,258.96692276,259.566068649,0.9707127498075266,2.490829880438962,263.085842133,251.868963242,1.000377692478563,2.5669495416066734,257.129907608,255.99193573,0.9842657407800212,2.5256065895017636,262.766122818
as-Skitter,1696415,22190596,13.080877025963575,qhcn819,105.130910873,1.0,1.5486482625141365,109.836816788,162.81080246,0.6457244192923193,1.0,164.577960968,98.2668399811,1.0698513444944417,1.65682342579973,97.2120761871,105.463981628,0.9968418530207325,1.5437574036819295,108.263015747,89.5330905914,1.174212910316962,1.8184427833840309,89.3778800964,93.8770771027,1.11987839968631,1.7342977379013156,93.1489467621,80.0280570984,1.3136756618211325,2.034421531186405,80.6531906128,83.6699008942,1.2564961802206185,1.94587062635431,84.3601226807,79.4970989227,1.3224496528511733,2.0480093571503923,80.6300640106,81.4938545227,1.2900471021862874,1.9978292033621905,81.4998149872
rgg_n_2_24_s0,16777216,265114400,15.80204963684082,qhcn819,894.114971161,1.0,2.256679528237845,922.230005264,2017.73095131,0.4431289367794557,1.0,2042.42491722,1057.25193024,0.8456971754669983,1.9084675029649438,1063.96102905,1121.05989456,0.79756217798865,1.799842239563775,1122.8120327,951.148033142,0.9400376597609119,2.1213637425550624,958.726882935,1013.83495331,0.8819137358027217,1.9901966732577616,1016.10779762,917.15502739,0.974878776716117,2.1999889779288146,924.371004105,970.615148544,0.921183820901872,2.078816670373172,975.857973099,916.719913483,0.9753414952707699,2.201033185418435,923.615217209,971.471071243,0.9203722042046784,2.076985111587839,975.62289238
web-Google,916428,5105039,5.570583832008625,qhcn819,21.3389396667,1.0,2.229022815136708,21.0499763489,47.5649833679,0.44862708143194535,1.0,46.5261936188,23.0660438538,0.9251235193149314,2.062121431372547,22.8581428528,24.405002594,0.8743674410403958,1.9489849748917425,24.0068435669,21.6820240021,0.9841765540261938,2.1937519930470106,21.3949680328,22.941827774,0.9301325019484038,2.0732865679431804,22.4719047546,21.4409828186,0.9952407427978779,2.218414322250074,21.6131210327,22.5610733032,0.9458299868948763,2.1082766200291325,22.2120285034,21.5930938721,0.9882298383499186,2.2027868562808295,21.1958885193,22.4249362946,0.951571919151382,2.1210755180318532,22.3090648651
roadNet-CA,1971281,5533214,2.806912865289119,qhcn819,35.548210144,1.0,1.8600067069103912,36.238193512,66.1199092865,0.5376324699716132,1.0,66.3599967957,39.1459465027,0.9080942810144633,1.6890614531938712,39.0110015869,42.0649051666,0.845080002039935,1.5718544716701262,41.4319038391,39.1850471497,0.9071881426655923,1.6873760297875824,38.9449596405,41.580915451,0.8549164865283186,1.5901503987909398,41.5768623352,39.1399860382,0.9082325708881326,1.6893186732863938,39.3319129944,41.6650772095,0.8531895900554026,1.586938359769176,41.5740013123,39.1058921814,0.9090243991647851,1.6907914791916887,39.0191078186,42.2768592834,0.8408432117841356,1.5639740133785665,41.6440963745
wiki-Talk,2394385,5021410,2.0971606487678462,qhcn819,107.764005661,1.0,0.8431841060190302,109.213113785,90.8648967743,1.1859806095270853,1.0,90.304851532,73.8198757172,1.4598237211051146,1.23090015922539,74.6750831604,88.8020992279,1.2135299345169366,1.0232291529629955,85.6621265411,59.189081192,1.8206737372967599,1.535163157534895,57.4359893799,65.2418136597,1.6517628743905697,1.3927402025984361,66.7791366577,48.5880374908,2.2179122933583146,1.8701083943039476,48.4471321106,49.4260787964,2.1803065969467337,1.8383998687939258,49.9608516693,47.6019382477,2.2638575156381764,1.9088486754778382,47.110080719,46.7839241028,2.3034409303547574,1.9422247816288194,48.1898784637
email-Enron,36692,367662,10.020222391802028,qhcn819,2.34198570251,1.0,0.5957446808512455,2.33602523804,1.3952255249,1.6785714285709166,1.0,1.92999839783,1.72209739685,1.3599612349416927,0.8101896718804045,1.73091888428,2.0899772644,1.1205795117500228,0.6675792835959619,2.07805633545,1.42502784729,1.6434666220479794,0.9790864982416481,1.42478942871,1.59597396851,1.4674335225507944,0.874215715562442,1.60694122314,1.25098228455,1.8721174004094334,1.1153039832229814,1.26218795776,1.3279914856,1.7635547576209554,1.0506283662425917,1.3439655304,1.17182731628,1.9985757884060105,1.190640895220965,1.18684768677,1.23691558838,1.8934078642968037,1.1279876638367377,1.25908851624
amazon0601,403394,3387388,8.397219591763884,qhcn819,12.876033783,1.0,1.9879643002564493,12.6368999481,25.5970954895,0.5030271418209065,1.0,25.0391960144,11.9099617004,1.0811146254624442,2.149217279904461,11.9187831879,13.1559371948,0.9787241754307984,1.9456687205543575,12.925863266,11.3139152527,1.138070552537258,2.2624436296172012,11.0640525818,11.7659568787,1.0943465045592322,2.1755217831741853,11.5928649902,11.3120079041,1.1382624457266446,2.262825106427164,11.4240646362,11.7621421814,1.0947014229569039,2.176227348278261,11.726140976,11.4398002625,1.1255470801538394,2.2375474136037172,11.461019516,11.9299888611,1.0792997322055145,2.145609336900909,11.8319988251
com-Youtube,1134890,5975248,5.265045951590022,qhcn819,47.6951599121,1.0,1.1261097336644859,47.8870868683,53.7099838257,0.8880129263654343,1.0,54.1660785675,43.468952179,1.0972235934212764,1.2355941685580238,43.7071323395,50.0011444092,0.9538813656297893,1.074175090596878,49.6380329132,38.8929843903,1.2263178220901785,1.3809684360219832,38.6900901794,43.536901474,1.0955111249840161,1.2336657411822316,42.8721904755,34.8999500275,1.366625450022645,1.5389702215441088,35.5730056763,37.1530056,1.2837497032030163,1.4456430363658115,37.9490852356,33.8399410248,1.4094338957962735,1.5871772290128403,33.5490703583,35.3829860687,1.3479687615820368,1.5179607430931945,35.3498458862
