method,kind,min_ms,median_ms,p25_ms,p75_ms,repeats,speedup_vs_source_mkl,speedup_vs_source_tfs
source_original_tfs,e2e,2154.04,2244.16,2162.06,2259.87,5,2.219643089264823,1.0
source_mkl_fp32,e2e,4781.2,4782.68,4781.97,4783.67,5,1.0,0.45052288128503304
source_mkl_fp32,kernel,2971.29106522,2971.63701057,2971.4281559,2973.23489189,5,,
source_original_tfs,kernel,1114.38202858,1132.89308548,1122.3590374,1136.272192,5,,
original_nozero,kernel,1031.05902672,1141.71481133,1109.00092125,1154.47998047,5,,
original_nozero,e2e,2119.65584755,2201.90095901,2131.28709793,2232.95783997,5,2.255649192073487,1.0162215731812043
shared_b2_fast_nozero,kernel,1141.16311073,1285.01987457,1266.3640976,1332.2019577,5,,
shared_b2_fast_nozero,e2e,2570.18208504,2631.95705414,2590.4340744,2707.66115189,5,1.8602573054374043,0.8380884811771911
shared_b2_accurate_nozero,kernel,1578.302145,1691.29014015,1642.90785789,1728.08289528,5,,
shared_b2_accurate_nozero,e2e,3360.46886444,3582.30805397,3548.67911339,3602.75006294,5,1.422777651831259,0.6409938871309723
shared_b4_fast_nozero,kernel,817.030906677,846.379041672,839.906930923,860.995054245,5,,
shared_b4_fast_nozero,e2e,1633.51202011,1755.64289093,1707.07702637,1799.70502853,5,2.926945098131592,1.3186557389733489
shared_b4_accurate_nozero,kernel,927.52289772,1069.59795952,1069.2949295,1088.57083321,5,,
shared_b4_accurate_nozero,e2e,2139.67394829,2181.81705475,2172.46794701,2181.91099167,5,2.2345460642828656,1.0067141312448473
shared_b8_fast_nozero,kernel,632.197141647,658.39600563,642.171144485,684.648036957,5,,
shared_b8_fast_nozero,e2e,1352.74910927,1368.30210686,1363.51513863,1394.07682419,5,3.534432192367242,1.592342575011866
shared_b8_accurate_nozero,kernel,742.652177811,775.432109833,775.323867798,784.087896347,5,,
shared_b8_accurate_nozero,e2e,1485.9790802,1531.30197525,1501.88207626,1545.55797577,5,3.217541931583917,1.449576261672597
shared_b16_fast_nozero,kernel,566.924095154,593.36400032,568.419933319,610.352039337,5,,
shared_b16_fast_nozero,e2e,1196.85196877,1215.41595459,1201.72810555,1238.76190186,5,3.9948131638314637,1.7997547367647297
shared_b16_accurate_nozero,kernel,570.142030716,609.925985336,606.509923935,611.86504364,5,,
shared_b16_accurate_nozero,e2e,1243.41583252,1253.61990929,1248.79717827,1257.7381134,5,3.8452140265176293,1.732356902384346
shared_b32_fast_nozero,kernel,564.768075943,586.105823517,582.807779312,591.453790665,5,,
shared_b32_fast_nozero,e2e,1128.89099121,1161.21912003,1157.57203102,1166.12792015,5,4.235307073250073,1.9081027457675037
shared_b32_accurate_nozero,kernel,531.547784805,561.61904335,536.072969437,565.971136093,5,,
shared_b32_accurate_nozero,e2e,1155.43079376,1169.9950695,1159.88183022,1174.17311668,5,4.138023692826319,1.8642743569178457
shared_b64_fast_nozero,kernel,535.495042801,556.96606636,543.204069138,564.225196838,5,,
shared_b64_fast_nozero,e2e,1094.98000145,1106.62508011,1105.01408577,1126.86300278,5,4.366472441203141,1.967195745262531
shared_b64_accurate_nozero,kernel,528.438091278,540.668010712,532.93800354,574.074029922,5,,
shared_b64_accurate_nozero,e2e,1112.1840477,1151.81398392,1130.16295433,1160.28285027,5,4.298928769826842,1.9367657758215118
shared_bfull_fast_nozero,kernel,1191.01595879,1228.59811783,1192.67392159,1257.58504868,5,,
shared_bfull_fast_nozero,e2e,2436.92803383,2479.8181057,2437.8259182,2483.42490196,5,1.9619783324030389,0.8839161313330214
shared_bfull_accurate_nozero,kernel,1194.43082809,1233.19292068,1202.91209221,1242.82407761,5,,
shared_bfull_accurate_nozero,e2e,2432.28816986,2494.78888512,2441.21098518,2509.63902473,5,1.9657210273218575,0.8856023010316184
