graph,shape,method,repeat,cache1_ms,reduce_project1_ms,relu_ms,interlayer_ms,cache2_ms,reduce_project2_ms,total_ms,mode
window_tail,128_32_32,fused_full_accurate,0,0,0.0238418579102,0.000953674316406,0.00119209289551,0,0.00786781311035,0.0338554382324,smoke
window_tail,128_32_32,fused_full_accurate,1,0,0.0238418579102,0.00119209289551,0.000953674316406,0,0.00786781311035,0.0338554382324,smoke
window_tail,128_32_32,fused_full_accurate,2,0,0.0228881835938,0.00214576721191,0,0,0.00882148742676,0.0338554382324,smoke
window_tail,128_32_32,hybrid_none,0,0,0.0360012054443,0.00119209289551,0.000953674316406,0,0.0219345092773,0.0600814819336,smoke
window_tail,128_32_32,hybrid_none,1,0,0.0410079956055,0.000953674316406,0.000953674316406,0,0.0150203704834,0.0579357147217,smoke
window_tail,128_32_32,hybrid_none,2,0,0.0391006469727,0.000953674316406,0.000953674316406,0,0.0150203704834,0.0560283660889,smoke
window_tail,128_32_32,top_1_64,0,0.00381469726562,0.028133392334,0.00190734863281,0.00119209289551,0.00190734863281,0.0178813934326,0.0548362731934,smoke
window_tail,128_32_32,top_1_64,1,0.00691413879395,0.0309944152832,0.000953674316406,0.00119209289551,0.00381469726562,0.014066696167,0.0579357147217,smoke
window_tail,128_32_32,top_1_64,2,0.00619888305664,0.0259876251221,0.000953674316406,0.000953674316406,0.00500679016113,0.0109672546387,0.0500679016113,smoke
window_tail,128_32_32,top_1_16,0,0.00405311584473,0.0319480895996,0.00214576721191,0.000953674316406,0.000953674316406,0.0109672546387,0.0510215759277,smoke
window_tail,128_32_32,top_1_16,1,0.00214576721191,0.0369548797607,0.000953674316406,0.000953674316406,0.00119209289551,0.0169277191162,0.0591278076172,smoke
window_tail,128_32_32,top_1_16,2,0.00214576721191,0.0238418579102,0.00214576721191,0,0.00190734863281,0.0109672546387,0.0410079956055,smoke
window_tail,128_32_32,top_1_4,0,0.00500679016113,0.0250339508057,0.000953674316406,0.00119209289551,0.00190734863281,0.0109672546387,0.0450611114502,smoke
window_tail,128_32_32,top_1_4,1,0.000953674316406,0.0240802764893,0.000953674316406,0.000953674316406,0.00190734863281,0.0171661376953,0.0460147857666,smoke
window_tail,128_32_32,top_1_4,2,0.00500679016113,0.0360012054443,0.000953674316406,0.000953674316406,0.00500679016113,0.0121593475342,0.0600814819336,smoke
window_tail,128_32_32,hybrid_all,0,0.00190734863281,0.014066696167,0.00190734863281,0.000953674316406,0.00214576721191,0.00882148742676,0.0298023223877,smoke
window_tail,128_32_32,hybrid_all,1,0.00286102294922,0.0131130218506,0.000953674316406,0.000953674316406,0.00214576721191,0.00786781311035,0.0278949737549,smoke
window_tail,128_32_32,hybrid_all,2,0.00286102294922,0.0131130218506,0.000953674316406,0.000953674316406,0.00214576721191,0.00977516174316,0.0298023223877,smoke
window_tail,128_32_32,project_all,0,0.00500679016113,0.0109672546387,0.000953674316406,0.000953674316406,0.00190734863281,0.00810623168945,0.0278949737549,smoke
window_tail,128_32_32,project_all,1,0.00214576721191,0.0109672546387,0.00190734863281,0.00119209289551,0.000953674316406,0.0109672546387,0.028133392334,smoke
window_tail,128_32_32,project_all,2,0.00214576721191,0.0109672546387,0.00190734863281,0.000953674316406,0.00214576721191,0.00882148742676,0.0269412994385,smoke
window_tail,128_32_32,project_used,0,0.00619888305664,0.0109672546387,0.000953674316406,0.000953674316406,0.00214576721191,0.00786781311035,0.0290870666504,smoke
window_tail,128_32_32,project_used,1,0.00309944152832,0.0109672546387,0.000953674316406,0.00119209289551,0.00190734863281,0.00810623168945,0.0262260437012,smoke
window_tail,128_32_32,project_used,2,0.00190734863281,0.0109672546387,0.00119209289551,0.000953674316406,0.00190734863281,0.00810623168945,0.0250339508057,smoke
window_tail,128_32_32,project_used_L1_full_L2,0,0.00500679016113,0.0109672546387,0.00190734863281,0,0.000953674316406,0.0181198120117,0.0369548797607,smoke
window_tail,128_32_32,project_used_L1_full_L2,1,0.00309944152832,0.0100135803223,0.00190734863281,0.000953674316406,0,0.00905990600586,0.0250339508057,smoke
window_tail,128_32_32,project_used_L1_full_L2,2,0.00214576721191,0.0109672546387,0.000953674316406,0.000953674316406,0,0.00905990600586,0.0240802764893,smoke
window_tail,128_128_128,fused_full_accurate,0,0,0.0271797180176,0.00190734863281,0.000953674316406,0.00214576721191,0.0259876251221,0.0581741333008,smoke
window_tail,128_128_128,fused_full_accurate,1,0,0.0290870666504,0.000953674316406,0.00190734863281,0,0.0340938568115,0.0660419464111,smoke
window_tail,128_128_128,fused_full_accurate,2,0,0.0391006469727,0.00190734863281,0.000953674316406,0,0.0259876251221,0.0679492950439,smoke
window_tail,128_128_128,hybrid_none,0,0,0.0338554382324,0.00214576721191,0.000953674316406,0,0.028133392334,0.0650882720947,smoke
window_tail,128_128_128,hybrid_none,1,0,0.0309944152832,0.000953674316406,0.000953674316406,0,0.028133392334,0.06103515625,smoke
window_tail,128_128_128,hybrid_none,2,0,0.0300407409668,0.000953674316406,0.00214576721191,0,0.032901763916,0.0660419464111,smoke
window_tail,128_128_128,top_1_64,0,0.00500679016113,0.0309944152832,0.00190734863281,0.00119209289551,0.00500679016113,0.03981590271,0.0839233398438,smoke
window_tail,128_128_128,top_1_64,1,0.00500679016113,0.0309944152832,0.00190734863281,0.000953674316406,0.00214576721191,0.0288486480713,0.0698566436768,smoke
window_tail,128_128_128,top_1_64,2,0.00309944152832,0.0360012054443,0.000953674316406,0.000953674316406,0.00715255737305,0.0278949737549,0.0760555267334,smoke
window_tail,128_128_128,top_1_16,0,0.00500679016113,0.0410079956055,0.000953674316406,0.000953674316406,0.00619888305664,0.0309944152832,0.0851154327393,smoke
window_tail,128_128_128,top_1_16,1,0.00190734863281,0.0331401824951,0.00190734863281,0.000953674316406,0.00500679016113,0.0300407409668,0.0729560852051,smoke
window_tail,128_128_128,top_1_16,2,0.00500679016113,0.0319480895996,0.000953674316406,0.000953674316406,0.00691413879395,0.0312328338623,0.0770092010498,smoke
window_tail,128_128_128,top_1_4,0,0.00691413879395,0.0391006469727,0.000953674316406,0.000953674316406,0.00309944152832,0.0319480895996,0.0829696655273,smoke
window_tail,128_128_128,top_1_4,1,0.00596046447754,0.0309944152832,0.00214576721191,0.000953674316406,0.00190734863281,0.0290870666504,0.0710487365723,smoke
window_tail,128_128_128,top_1_4,2,0.00500679016113,0.0309944152832,0.00214576721191,0.000953674316406,0.00190734863281,0.0350475311279,0.0760555267334,smoke
window_tail,128_128_128,hybrid_all,0,0.00786781311035,0.0259876251221,0.000953674316406,0.00214576721191,0.00786781311035,0.0240802764893,0.0689029693604,smoke
window_tail,128_128_128,hybrid_all,1,0.00619888305664,0.0247955322266,0.00119209289551,0.000953674316406,0.00500679016113,0.0240802764893,0.0622272491455,smoke
window_tail,128_128_128,hybrid_all,2,0.00405311584473,0.0238418579102,0.00214576721191,0.000953674316406,0.00905990600586,0.0250339508057,0.0650882720947,smoke
window_tail,128_128_128,project_all,0,0.00715255737305,0.0228881835938,0.000953674316406,0.000953674316406,0.00500679016113,0.02121925354,0.0581741333008,smoke
window_tail,128_128_128,project_all,1,0.00405311584473,0.0238418579102,0.00119209289551,0.00190734863281,0.00405311584473,0.0228881835938,0.0579357147217,smoke
window_tail,128_128_128,project_all,2,0.00381469726562,0.0250339508057,0.000953674316406,0.00119209289551,0.00596046447754,0.0219345092773,0.0588893890381,smoke
window_tail,128_128_128,project_used,0,0.00905990600586,0.0247955322266,0.00119209289551,0.000953674316406,0.00691413879395,0.0231266021729,0.0660419464111,smoke
window_tail,128_128_128,project_used,1,0.00500679016113,0.0250339508057,0.000953674316406,0.00190734863281,0.00905990600586,0.0290870666504,0.0710487365723,smoke
window_tail,128_128_128,project_used,2,0.00596046447754,0.0250339508057,0.00214576721191,0.000953674316406,0.00905990600586,0.0228881835938,0.0660419464111,smoke
window_tail,128_128_128,project_used_L1_full_L2,0,0.00786781311035,0.0240802764893,0.000953674316406,0.000953674316406,0,0.0259876251221,0.0598430633545,smoke
window_tail,128_128_128,project_used_L1_full_L2,1,0.00691413879395,0.0269412994385,0.00214576721191,0.000953674316406,0,0.0369548797607,0.0739097595215,smoke
window_tail,128_128_128,project_used_L1_full_L2,2,0.00381469726562,0.0240802764893,0.000953674316406,0.000953674316406,0,0.0331401824951,0.0629425048828,smoke
window_high_tail,128_32_32,fused_full_accurate,0,0,0.068187713623,0.00190734863281,0.000953674316406,0,0.0209808349609,0.0920295715332,smoke
window_high_tail,128_32_32,fused_full_accurate,1,0,0.0650882720947,0.000953674316406,0.00190734863281,0,0.0209808349609,0.0889301300049,smoke
window_high_tail,128_32_32,fused_full_accurate,2,0,0.0648498535156,0.00214576721191,0.000953674316406,0,0.0209808349609,0.0889301300049,smoke
window_high_tail,128_32_32,hybrid_none,0,0,0.0820159912109,0.00190734863281,0.000953674316406,0,0.0331401824951,0.118017196655,smoke
window_high_tail,128_32_32,hybrid_none,1,0,0.075101852417,0.000953674316406,0.00190734863281,0,0.0340938568115,0.112056732178,smoke
window_high_tail,128_32_32,hybrid_none,2,0.00119209289551,0.0758171081543,0.00119209289551,0.000953674316406,0,0.0360012054443,0.115156173706,smoke
window_high_tail,128_32_32,top_1_64,0,0.00715255737305,0.0829696655273,0.000953674316406,0.00190734863281,0.00214576721191,0.046968460083,0.142097473145,smoke
window_high_tail,128_32_32,top_1_64,1,0.00190734863281,0.0832080841064,0.000953674316406,0.00190734863281,0.000953674316406,0.0371932983398,0.126123428345,smoke
window_high_tail,128_32_32,top_1_64,2,0.00190734863281,0.0841617584229,0.000953674316406,0.000953674316406,0.00190734863281,0.0350475311279,0.124931335449,smoke
window_high_tail,128_32_32,top_1_16,0,0.00500679016113,0.0820159912109,0.000953674316406,0.000953674316406,0.00596046447754,0.0431537628174,0.1380443573,smoke
window_high_tail,128_32_32,top_1_16,1,0.00190734863281,0.0810623168945,0.000953674316406,0.00119209289551,0.00596046447754,0.0419616699219,0.133037567139,smoke
window_high_tail,128_32_32,top_1_16,2,0.00214576721191,0.079870223999,0.00214576721191,0.000953674316406,0.00500679016113,0.03981590271,0.12993812561,smoke
window_high_tail,128_32_32,top_1_4,0,0.00596046447754,0.0782012939453,0.00190734863281,0.00190734863281,0.00214576721191,0.0450611114502,0.135183334351,smoke
window_high_tail,128_32_32,top_1_4,1,0.00214576721191,0.0839233398438,0.000953674316406,0.00190734863281,0.00214576721191,0.0388622283936,0.12993812561,smoke
window_high_tail,128_32_32,top_1_4,2,0.00286102294922,0.0820159912109,0.00214576721191,0.000953674316406,0.00190734863281,0.0400543212891,0.12993812561,smoke
window_high_tail,128_32_32,hybrid_all,0,0.00596046447754,0.0379085540771,0.00214576721191,0.000953674316406,0.00810623168945,0.0247955322266,0.079870223999,smoke
window_high_tail,128_32_32,hybrid_all,1,0.00691413879395,0.0400543212891,0.000953674316406,0.000953674316406,0.00596046447754,0.0271797180176,0.0820159912109,smoke
window_high_tail,128_32_32,hybrid_all,2,0.00500679016113,0.0379085540771,0.00214576721191,0.000953674316406,0.00810623168945,0.0259876251221,0.0801086425781,smoke
window_high_tail,128_32_32,project_all,0,0.00786781311035,0.0350475311279,0.000953674316406,0.00214576721191,0.00596046447754,0.0240802764893,0.0760555267334,smoke
window_high_tail,128_32_32,project_all,1,0.00500679016113,0.0319480895996,0.000953674316406,0.00119209289551,0.00500679016113,0.0238418579102,0.0679492950439,smoke
window_high_tail,128_32_32,project_all,2,0.00405311584473,0.032901763916,0.00190734863281,0.00119209289551,0.00500679016113,0.0238418579102,0.0689029693604,smoke
window_high_tail,128_32_32,project_used,0,0.00596046447754,0.0319480895996,0.000953674316406,0.00119209289551,0.00500679016113,0.0247955322266,0.0698566436768,smoke
window_high_tail,128_32_32,project_used,1,0.00286102294922,0.0300407409668,0.00214576721191,0.000953674316406,0.00500679016113,0.0238418579102,0.0648498535156,smoke
window_high_tail,128_32_32,project_used,2,0.00500679016113,0.0309944152832,0.000953674316406,0.000953674316406,0.00500679016113,0.0240802764893,0.0669956207275,smoke
window_high_tail,128_32_32,project_used_L1_full_L2,0,0.00596046447754,0.0300407409668,0.000953674316406,0.000953674316406,0,0.0250339508057,0.0629425048828,smoke
window_high_tail,128_32_32,project_used_L1_full_L2,1,0.00500679016113,0.0319480895996,0.00190734863281,0.00119209289551,0,0.0228881835938,0.0629425048828,smoke
window_high_tail,128_32_32,project_used_L1_full_L2,2,0.00596046447754,0.0319480895996,0.00190734863281,0.00119209289551,0,0.0228881835938,0.0638961791992,smoke
window_high_tail,128_128_128,fused_full_accurate,0,0,0.0669956207275,0.00309944152832,0.00190734863281,0.00405311584473,0.0739097595215,0.149965286255,smoke
window_high_tail,128_128_128,fused_full_accurate,1,0.000953674316406,0.0669956207275,0.00309944152832,0.00190734863281,0,0.0689029693604,0.141859054565,smoke
window_high_tail,128_128_128,fused_full_accurate,2,0,0.0679492950439,0.00190734863281,0.00214576721191,0,0.0689029693604,0.140905380249,smoke
window_high_tail,128_128_128,hybrid_none,0,0,0.093936920166,0.00309944152832,0.00190734863281,0,0.0870227813721,0.185966491699,smoke
window_high_tail,128_128_128,hybrid_none,1,0,0.0882148742676,0.00190734863281,0.00190734863281,0,0.0851154327393,0.177145004272,smoke
window_high_tail,128_128_128,hybrid_none,2,0,0.0851154327393,0.00190734863281,0.00309944152832,0,0.0858306884766,0.175952911377,smoke
window_high_tail,128_128_128,top_1_64,0,0.00810623168945,0.0979900360107,0.00286102294922,0.00214576721191,0.00500679016113,0.0920295715332,0.208139419556,smoke
window_high_tail,128_128_128,top_1_64,1,0.00309944152832,0.0848770141602,0.00309944152832,0.00190734863281,0.00309944152832,0.0848770141602,0.180959701538,smoke
window_high_tail,128_128_128,top_1_64,2,0.00190734863281,0.0951290130615,0.00190734863281,0.00309944152832,0.00286102294922,0.0920295715332,0.196933746338,smoke
window_high_tail,128_128_128,top_1_16,0,0.00691413879395,0.0920295715332,0.00214576721191,0.00286102294922,0.00596046447754,0.0870227813721,0.196933746338,smoke
window_high_tail,128_128_128,top_1_16,1,0.00786781311035,0.0851154327393,0.00286102294922,0.00214576721191,0.00596046447754,0.102043151855,0.205993652344,smoke
window_high_tail,128_128_128,top_1_16,2,0.00309944152832,0.0948905944824,0.00309944152832,0.00309944152832,0.00882148742676,0.0870227813721,0.200033187866,smoke
window_high_tail,128_128_128,top_1_4,0,0.0100135803223,0.093936920166,0.00309944152832,0.00190734863281,0.0100135803223,0.0970363616943,0.216007232666,smoke
window_high_tail,128_128_128,top_1_4,1,0.00882148742676,0.089168548584,0.00286102294922,0.00214576721191,0.00882148742676,0.0970363616943,0.208854675293,smoke
window_high_tail,128_128_128,top_1_4,2,0.0109672546387,0.0898838043213,0.00214576721191,0.00190734863281,0.00905990600586,0.0898838043213,0.203847885132,smoke
window_high_tail,128_128_128,hybrid_all,0,0.0109672546387,0.0839233398438,0.00309944152832,0.00190734863281,0.00905990600586,0.0829696655273,0.191926956177,smoke
window_high_tail,128_128_128,hybrid_all,1,0.0100135803223,0.0829696655273,0.00309944152832,0.000953674316406,0.0150203704834,0.0829696655273,0.195026397705,smoke
window_high_tail,128_128_128,hybrid_all,2,0.00786781311035,0.0841617584229,0.00190734863281,0.00190734863281,0.00905990600586,0.0889301300049,0.19383430481,smoke
window_high_tail,128_128_128,project_all,0,0.0119209289551,0.0739097595215,0.00309944152832,0.000953674316406,0.0131130218506,0.0720024108887,0.174999237061,smoke
window_high_tail,128_128_128,project_all,1,0.0119209289551,0.0731945037842,0.00190734863281,0.00190734863281,0.0131130218506,0.0698566436768,0.171899795532,smoke
window_high_tail,128_128_128,project_all,2,0.0128746032715,0.0731945037842,0.00286102294922,0.00214576721191,0.0138282775879,0.0720024108887,0.176906585693,smoke
window_high_tail,128_128_128,project_used,0,0.0219345092773,0.0770092010498,0.00286102294922,0.00119209289551,0.0119209289551,0.0729560852051,0.187873840332,smoke
window_high_tail,128_128_128,project_used,1,0.0128746032715,0.0760555267334,0.00190734863281,0.00214576721191,0.0119209289551,0.075101852417,0.180006027222,smoke
window_high_tail,128_128_128,project_used,2,0.0119209289551,0.0741481781006,0.00190734863281,0.00214576721191,0.0119209289551,0.0720024108887,0.174045562744,smoke
window_high_tail,128_128_128,project_used_L1_full_L2,0,0.0121593475342,0.0720024108887,0.00190734863281,0.00190734863281,0,0.0760555267334,0.164031982422,smoke
window_high_tail,128_128_128,project_used_L1_full_L2,1,0.0128746032715,0.075101852417,0.00190734863281,0.00309944152832,0,0.0720024108887,0.164985656738,smoke
window_high_tail,128_128_128,project_used_L1_full_L2,2,0.014066696167,0.0779628753662,0.00309944152832,0.00190734863281,0,0.0679492950439,0.164985656738,smoke
window_scope_tail,128_32_32,fused_full_accurate,0,0,0.164985656738,0.00309944152832,0.00190734863281,0,0.0510215759277,0.221014022827,smoke
window_scope_tail,128_32_32,fused_full_accurate,1,0,0.162839889526,0.00309944152832,0.00190734863281,0.00119209289551,0.0519752502441,0.221014022827,smoke
window_scope_tail,128_32_32,fused_full_accurate,2,0,0.164031982422,0.00309944152832,0.00190734863281,0,0.0500679016113,0.219106674194,smoke
window_scope_tail,128_32_32,hybrid_none,0,0,0.19907951355,0.00190734863281,0.00190734863281,0.00119209289551,0.0689029693604,0.272989273071,smoke
window_scope_tail,128_32_32,hybrid_none,1,0,0.187873840332,0.00309944152832,0.00190734863281,0,0.0691413879395,0.262022018433,smoke
window_scope_tail,128_32_32,hybrid_none,2,0,0.189065933228,0.00190734863281,0.00214576721191,0,0.0679492950439,0.261068344116,smoke
window_scope_tail,128_32_32,top_1_64,0,0.00476837158203,0.190019607544,0.00214576721191,0.00190734863281,0.00214576721191,0.0729560852051,0.273942947388,smoke
window_scope_tail,128_32_32,top_1_64,1,0.00214576721191,0.187873840332,0.00190734863281,0.00214576721191,0.00190734863281,0.0720024108887,0.26798248291,smoke
window_scope_tail,128_32_32,top_1_64,2,0.00190734863281,0.197887420654,0.00214576721191,0.00286102294922,0.00619888305664,0.0708103179932,0.281810760498,smoke
window_scope_tail,128_32_32,top_1_16,0,0.00500679016113,0.195026397705,0.00190734863281,0.00190734863281,0.00715255737305,0.0758171081543,0.286817550659,smoke
window_scope_tail,128_32_32,top_1_16,1,0.00405311584473,0.186920166016,0.00309944152832,0.00190734863281,0.00190734863281,0.075101852417,0.272989273071,smoke
window_scope_tail,128_32_32,top_1_16,2,0.00309944152832,0.185966491699,0.00309944152832,0.00190734863281,0.00190734863281,0.0731945037842,0.269174575806,smoke
window_scope_tail,128_32_32,top_1_4,0,0.00810623168945,0.176906585693,0.00309944152832,0.000953674316406,0.00786781311035,0.0820159912109,0.278949737549,smoke
window_scope_tail,128_32_32,top_1_4,1,0.00286102294922,0.176191329956,0.00190734863281,0.00190734863281,0.00810623168945,0.0789165496826,0.269889831543,smoke
window_scope_tail,128_32_32,top_1_4,2,0.00286102294922,0.173091888428,0.00190734863281,0.00309944152832,0.00810623168945,0.0758171081543,0.264883041382,smoke
window_scope_tail,128_32_32,hybrid_all,0,0.0100135803223,0.0879764556885,0.00214576721191,0.00190734863281,0.00691413879395,0.0600814819336,0.169038772583,smoke
window_scope_tail,128_32_32,hybrid_all,1,0.00715255737305,0.0870227813721,0.00190734863281,0.000953674316406,0.00715255737305,0.0588893890381,0.163078308105,smoke
window_scope_tail,128_32_32,hybrid_all,2,0.00882148742676,0.0879764556885,0.00214576721191,0.000953674316406,0.0190734863281,0.0588893890381,0.17786026001,smoke
window_scope_tail,128_32_32,project_all,0,0.0100135803223,0.0698566436768,0.00309944152832,0.00190734863281,0.00596046447754,0.0581741333008,0.149011611938,smoke
window_scope_tail,128_32_32,project_all,1,0.00691413879395,0.0820159912109,0.00214576721191,0.000953674316406,0.00786781311035,0.0569820404053,0.156879425049,smoke
window_scope_tail,128_32_32,project_all,2,0.00786781311035,0.0700950622559,0.00309944152832,0.000953674316406,0.00500679016113,0.0569820404053,0.144004821777,smoke
window_scope_tail,128_32_32,project_used,0,0.00691413879395,0.0839233398438,0.00214576721191,0.00190734863281,0.00715255737305,0.0638961791992,0.165939331055,smoke
window_scope_tail,128_32_32,project_used,1,0.00596046447754,0.0920295715332,0.00190734863281,0.000953674316406,0.00715255737305,0.0598430633545,0.167846679688,smoke
window_scope_tail,128_32_32,project_used,2,0.00596046447754,0.0729560852051,0.00190734863281,0.00119209289551,0.00596046447754,0.0648498535156,0.152826309204,smoke
window_scope_tail,128_32_32,project_used_L1_full_L2,0,0.00810623168945,0.0879764556885,0.00190734863281,0.000953674316406,0.000953674316406,0.0560283660889,0.155925750732,smoke
window_scope_tail,128_32_32,project_used_L1_full_L2,1,0.00596046447754,0.0839233398438,0.00309944152832,0.00190734863281,0,0.0810623168945,0.175952911377,smoke
window_scope_tail,128_32_32,project_used_L1_full_L2,2,0.00905990600586,0.0760555267334,0.00190734863281,0.00309944152832,0,0.0519752502441,0.142097473145,smoke
window_scope_tail,128_128_128,fused_full_accurate,0,0,0.180959701538,0.00500679016113,0.00500679016113,0.00810623168945,0.174045562744,0.373125076294,smoke
window_scope_tail,128_128_128,fused_full_accurate,1,0,0.176906585693,0.00596046447754,0.00405311584473,0,0.181913375854,0.36883354187,smoke
window_scope_tail,128_128_128,fused_full_accurate,2,0,0.174045562744,0.00500679016113,0.00500679016113,0,0.167846679688,0.351905822754,smoke
window_scope_tail,128_128_128,hybrid_none,0,0,0.196218490601,0.00691413879395,0.00405311584473,0,0.198841094971,0.40602684021,smoke
window_scope_tail,128_128_128,hybrid_none,1,0,0.205993652344,0.00596046447754,0.00500679016113,0,0.196933746338,0.41389465332,smoke
window_scope_tail,128_128_128,hybrid_none,2,0,0.191926956177,0.00596046447754,0.00500679016113,0,0.197172164917,0.400066375732,smoke
window_scope_tail,128_128_128,top_1_64,0,0.00405311584473,0.198125839233,0.0128746032715,0.00405311584473,0.00286102294922,0.202178955078,0.424146652222,smoke
window_scope_tail,128_128_128,top_1_64,1,0.00214576721191,0.197887420654,0.00596046447754,0.00500679016113,0.00214576721191,0.201940536499,0.415086746216,smoke
window_scope_tail,128_128_128,top_1_64,2,0.00309944152832,0.196933746338,0.00715255737305,0.00381469726562,0.00309944152832,0.207901000977,0.42200088501,smoke
window_scope_tail,128_128_128,top_1_16,0,0.00905990600586,0.205993652344,0.00596046447754,0.00500679016113,0.00596046447754,0.209093093872,0.441074371338,smoke
window_scope_tail,128_128_128,top_1_16,1,0.00596046447754,0.205039978027,0.00596046447754,0.00500679016113,0.00596046447754,0.210046768188,0.43797492981,smoke
window_scope_tail,128_128_128,top_1_16,2,0.00500679016113,0.202894210815,0.00596046447754,0.00500679016113,0.00596046447754,0.205039978027,0.42986869812,smoke
window_scope_tail,128_128_128,top_1_4,0,0.0119209289551,0.220060348511,0.00596046447754,0.00596046447754,0.0109672546387,0.225067138672,0.479936599731,smoke
window_scope_tail,128_128_128,top_1_4,1,0.00905990600586,0.218152999878,0.00596046447754,0.00596046447754,0.0100135803223,0.220060348511,0.469207763672,smoke
window_scope_tail,128_128_128,top_1_4,2,0.00786781311035,0.218152999878,0.00596046447754,0.00500679016113,0.0100135803223,0.223875045776,0.470876693726,smoke
window_scope_tail,128_128_128,hybrid_all,0,0.0219345092773,0.21505355835,0.00596046447754,0.00500679016113,0.0190734863281,0.217914581299,0.484943389893,smoke
window_scope_tail,128_128_128,hybrid_all,1,0.018835067749,0.214099884033,0.00596046447754,0.00309944152832,0.0238418579102,0.2121925354,0.478029251099,smoke
window_scope_tail,128_128_128,hybrid_all,2,0.0178813934326,0.214099884033,0.00596046447754,0.00309944152832,0.018835067749,0.210046768188,0.469923019409,smoke
window_scope_tail,128_128_128,project_all,0,0.0209808349609,0.185012817383,0.00596046447754,0.00309944152832,0.0200271606445,0.181913375854,0.416994094849,smoke
window_scope_tail,128_128_128,project_all,1,0.0209808349609,0.185012817383,0.00596046447754,0.00214576721191,0.018835067749,0.180959701538,0.41389465332,smoke
window_scope_tail,128_128_128,project_all,2,0.0200271606445,0.191926956177,0.00500679016113,0.00405311584473,0.0228881835938,0.182151794434,0.426054000854,smoke
window_scope_tail,128_128_128,project_used,0,0.0228881835938,0.205993652344,0.00500679016113,0.00309944152832,0.0250339508057,0.203847885132,0.465869903564,smoke
window_scope_tail,128_128_128,project_used,1,0.0219345092773,0.203132629395,0.00500679016113,0.00405311584473,0.0259876251221,0.192880630493,0.452995300293,smoke
window_scope_tail,128_128_128,project_used,2,0.0221729278564,0.195980072021,0.00596046447754,0.00309944152832,0.0228881835938,0.191926956177,0.442028045654,smoke
window_scope_tail,128_128_128,project_used_L1_full_L2,0,0.0209808349609,0.211954116821,0.00596046447754,0.00405311584473,0,0.175952911377,0.418901443481,smoke
window_scope_tail,128_128_128,project_used_L1_full_L2,1,0.0190734863281,0.211000442505,0.00596046447754,0.00381469726562,0,0.174045562744,0.41389465332,smoke
window_scope_tail,128_128_128,project_used_L1_full_L2,2,0.0178813934326,0.211000442505,0.00500679016113,0.00500679016113,0,0.177145004272,0.416040420532,smoke
bipartite_hot,128_32_32,fused_full_accurate,0,0,0.930070877075,0.49901008606,0.0219345092773,0,0.285863876343,1.73687934875,controlled
bipartite_hot,128_32_32,fused_full_accurate,1,0,0.828981399536,0.0560283660889,0.0181198120117,0,0.278949737549,1.18207931519,controlled
bipartite_hot,128_32_32,fused_full_accurate,2,0,0.798940658569,0.0479221343994,0.0200271606445,0,0.270128250122,1.13701820374,controlled
bipartite_hot,128_32_32,hybrid_none,0,0,1.11508369446,0.0460147857666,0.018835067749,0,0.43511390686,1.61504745483,controlled
bipartite_hot,128_32_32,hybrid_none,1,0,1.11293792725,0.053882598877,0.0171661376953,0.000953674316406,0.416994094849,1.60193443298,controlled
bipartite_hot,128_32_32,hybrid_none,2,0,1.08909606934,0.0460147857666,0.0209808349609,0,0.430107116699,1.58619880676,controlled
bipartite_hot,128_32_32,top_1_64,0,0.0138282775879,0.504970550537,0.0481605529785,0.018835067749,0.0100135803223,0.339031219482,0.934839248657,controlled
bipartite_hot,128_32_32,top_1_64,1,0.0119209289551,0.502109527588,0.0479221343994,0.0100135803223,0.0109672546387,0.333070755005,0.916004180908,controlled
bipartite_hot,128_32_32,top_1_64,2,0.0131130218506,0.497817993164,0.0472068786621,0.00882148742676,0.0100135803223,0.323057174683,0.900030136108,controlled
bipartite_hot,128_32_32,top_1_16,0,0.0119209289551,0.497102737427,0.0479221343994,0.00905990600586,0.00905990600586,0.331878662109,0.906944274902,controlled
bipartite_hot,128_32_32,top_1_16,1,0.0128746032715,0.49614906311,0.046968460083,0.00905990600586,0.0109672546387,0.32901763916,0.90503692627,controlled
bipartite_hot,128_32_32,top_1_16,2,0.0119209289551,0.49901008606,0.0460147857666,0.00905990600586,0.0109672546387,0.329971313477,0.906944274902,controlled
bipartite_hot,128_32_32,top_1_4,0,0.0109672546387,0.500917434692,0.0569820404053,0.00905990600586,0.0100135803223,0.326871871948,0.914812088013,controlled
bipartite_hot,128_32_32,top_1_4,1,0.0128746032715,0.497102737427,0.046968460083,0.0100135803223,0.0119209289551,0.326156616211,0.90503692627,controlled
bipartite_hot,128_32_32,top_1_4,2,0.0131130218506,0.494003295898,0.046968460083,0.0100135803223,0.0100135803223,0.326871871948,0.900983810425,controlled
bipartite_hot,128_32_32,hybrid_all,0,0.113010406494,0.521898269653,0.0491142272949,0.0119209289551,0.0560283660889,0.360012054443,1.11198425293,controlled
bipartite_hot,128_32_32,hybrid_all,1,0.0989437103271,0.499963760376,0.0510215759277,0.0109672546387,0.0629425048828,0.358104705811,1.08194351196,controlled
bipartite_hot,128_32_32,hybrid_all,2,0.0870227813721,0.501155853271,0.0488758087158,0.0119209289551,0.0500679016113,0.359058380127,1.05810165405,controlled
bipartite_hot,128_32_32,project_all,0,0.0920295715332,0.37407875061,0.0479221343994,0.0109672546387,0.0591278076172,0.334024429321,0.91814994812,controlled
bipartite_hot,128_32_32,project_all,1,0.0791549682617,0.383853912354,0.0500679016113,0.0109672546387,0.0510215759277,0.271081924438,0.846147537231,controlled
bipartite_hot,128_32_32,project_all,2,0.100135803223,0.380992889404,0.0479221343994,0.0150203704834,0.119924545288,0.273942947388,0.937938690186,controlled
bipartite_hot,128_32_32,project_used,0,0.0121593475342,0.459909439087,0.0479221343994,0.0112056732178,0.00882148742676,0.317096710205,0.85711479187,controlled
bipartite_hot,128_32_32,project_used,1,0.014066696167,0.457048416138,0.0479221343994,0.0100135803223,0.0100135803223,0.31304359436,0.852108001709,controlled
bipartite_hot,128_32_32,project_used,2,0.0121593475342,0.454902648926,0.046968460083,0.0100135803223,0.0109672546387,0.328063964844,0.863075256348,controlled
bipartite_hot,128_32_32,project_used_L1_full_L2,0,0.0109672546387,0.454187393188,0.046968460083,0.0100135803223,0,0.286817550659,0.808954238892,controlled
bipartite_hot,128_32_32,project_used_L1_full_L2,1,0.0119209289551,0.455141067505,0.0460147857666,0.0197887420654,0,0.272035598755,0.804901123047,controlled
bipartite_hot,128_32_32,project_used_L1_full_L2,2,0.0119209289551,0.463962554932,0.046968460083,0.0190734863281,0.000953674316406,0.26798248291,0.810861587524,controlled
bipartite_hot,128_128_128,fused_full_accurate,0,0,1.75786018372,0.695943832397,0.0810623168945,0,0.935077667236,3.46994400024,controlled
bipartite_hot,128_128_128,fused_full_accurate,1,0,1.02806091309,0.771999359131,0.0851154327393,0,1.00994110107,2.89511680603,controlled
bipartite_hot,128_128_128,fused_full_accurate,2,0,1.1248588562,0.771999359131,0.0860691070557,0,1.03688240051,3.0198097229,controlled
bipartite_hot,128_128_128,hybrid_none,0,0,1.43003463745,0.685930252075,0.0860691070557,0,1.25694274902,3.45897674561,controlled
bipartite_hot,128_128_128,hybrid_none,1,0,1.41716003418,0.649929046631,0.0860691070557,0,1.25503540039,3.40819358826,controlled
bipartite_hot,128_128_128,hybrid_none,2,0,1.37400627136,0.757932662964,0.0879764556885,0,1.27410888672,3.49402427673,controlled
bipartite_hot,128_128_128,top_1_64,0,0.0200271606445,1.19996070862,0.676155090332,0.0898838043213,0.0209808349609,1.10101699829,3.10802459717,controlled
bipartite_hot,128_128_128,top_1_64,1,0.0431537628174,1.17182731628,0.614166259766,0.0879764556885,0.0419616699219,1.09195709229,3.05104255676,controlled
bipartite_hot,128_128_128,top_1_64,2,0.0400543212891,1.15585327148,0.699043273926,0.0901222229004,0.0488758087158,1.09314918518,3.1270980835,controlled
bipartite_hot,128_128_128,top_1_16,0,0.0259876251221,1.16801261902,0.71120262146,0.0879764556885,0.0228881835938,1.08408927917,3.10015678406,controlled
bipartite_hot,128_128_128,top_1_16,1,0.0410079956055,1.15585327148,0.655174255371,0.086784362793,0.042200088501,1.0838508606,3.06487083435,controlled
bipartite_hot,128_128_128,top_1_16,2,0.0381469726562,1.15895271301,0.72193145752,0.0870227813721,0.0419616699219,1.07908248901,3.1270980835,controlled
bipartite_hot,128_128_128,top_1_4,0,0.0190734863281,1.17087364197,0.653982162476,0.0879764556885,0.0209808349609,1.08408927917,3.0369758606,controlled
bipartite_hot,128_128_128,top_1_4,1,0.0419616699219,1.16109848022,0.643968582153,0.0920295715332,0.0419616699219,1.08289718628,3.06391716003,controlled
bipartite_hot,128_128_128,top_1_4,2,0.0400543212891,1.1579990387,0.74315071106,0.0870227813721,0.0429153442383,1.07908248901,3.15022468567,controlled
bipartite_hot,128_128_128,hybrid_all,0,0.28395652771,1.28817558289,0.55193901062,0.0820159912109,0.23889541626,1.14011764526,3.58510017395,controlled
bipartite_hot,128_128_128,hybrid_all,1,0.271081924438,1.28197669983,0.571966171265,0.0848770141602,0.256061553955,1.12795829773,3.59392166138,controlled
bipartite_hot,128_128_128,hybrid_all,2,0.2601146698,1.33299827576,0.595808029175,0.0832080841064,0.261783599854,1.1100769043,3.64398956299,controlled
bipartite_hot,128_128_128,project_all,0,0.262975692749,1.15609169006,0.478982925415,0.0810623168945,0.236988067627,0.876903533936,3.09300422668,controlled
bipartite_hot,128_128_128,project_all,1,0.265121459961,1.22284889221,0.487089157104,0.079870223999,0.27322769165,0.871896743774,3.2000541687,controlled
bipartite_hot,128_128_128,project_all,2,0.247001647949,1.15895271301,0.524044036865,0.0920295715332,0.241994857788,0.86498260498,3.12900543213,controlled
bipartite_hot,128_128_128,project_used,0,0.0300407409668,1.10983848572,1.06811523438,0.0920295715332,0.0209808349609,1.01089477539,3.33189964294,controlled
bipartite_hot,128_128_128,project_used,1,0.0419616699219,1.07908248901,0.837087631226,0.0879764556885,0.046968460083,1.00708007812,3.10015678406,controlled
bipartite_hot,128_128_128,project_used,2,0.0410079956055,1.07479095459,0.861167907715,0.0879764556885,0.0438690185547,1.00803375244,3.11684608459,controlled
bipartite_hot,128_128_128,project_used_L1_full_L2,0,0.0209808349609,1.08003616333,0.75888633728,0.089168548584,0,1.45483016968,3.40390205383,controlled
bipartite_hot,128_128_128,project_used_L1_full_L2,1,0.0259876251221,1.12295150757,0.73504447937,0.0889301300049,0,0.907897949219,2.88081169128,controlled
bipartite_hot,128_128_128,project_used_L1_full_L2,2,0.028133392334,1.11389160156,0.725984573364,0.0910758972168,0,1.08289718628,3.04198265076,controlled
bipartite_spread,128_32_32,fused_full_accurate,0,0,2.54416465759,0.0638961791992,0.0729560852051,0.00119209289551,0.597953796387,3.28016281128,controlled
bipartite_spread,128_32_32,fused_full_accurate,1,0,1.67798995972,0.0369548797607,0.198125839233,0,0.572919845581,2.48599052429,controlled
bipartite_spread,128_32_32,fused_full_accurate,2,0,1.74498558044,0.0391006469727,0.191926956177,0,0.499963760376,2.47597694397,controlled
bipartite_spread,128_32_32,hybrid_none,0,0,1.92499160767,0.0379085540771,0.184059143066,0,0.733852386475,2.88081169128,controlled
bipartite_spread,128_32_32,hybrid_none,1,0.000953674316406,1.84416770935,0.03981590271,0.18310546875,0,0.773906707764,2.84194946289,controlled
bipartite_spread,128_32_32,hybrid_none,2,0,1.80602073669,0.0369548797607,0.185012817383,0.000953674316406,0.705003738403,2.73394584656,controlled
bipartite_spread,128_32_32,top_1_64,0,0.014066696167,1.88112258911,0.03981590271,0.204086303711,0.0119209289551,0.775098800659,2.92611122131,controlled
bipartite_spread,128_32_32,top_1_64,1,0.032901763916,1.91593170166,0.0381469726562,0.19097328186,0.014066696167,0.716924667358,2.90894508362,controlled
bipartite_spread,128_32_32,top_1_64,2,0.014066696167,1.82390213013,0.0369548797607,0.18310546875,0.0240802764893,0.722885131836,2.80499458313,controlled
bipartite_spread,128_32_32,top_1_16,0,0.0338554382324,1.93309783936,0.0410079956055,0.195026397705,0.0338554382324,0.834941864014,3.07178497314,controlled
bipartite_spread,128_32_32,top_1_16,1,0.0481605529785,1.94597244263,0.0400543212891,0.191926956177,0.0419616699219,0.787019729614,3.05509567261,controlled
bipartite_spread,128_32_32,top_1_16,2,0.0438690185547,1.91116333008,0.0379085540771,0.196933746338,0.042200088501,0.784873962402,3.01694869995,controlled
bipartite_spread,128_32_32,top_1_4,0,0.0488758087158,2.13694572449,0.0391006469727,0.179052352905,0.0360012054443,1.17087364197,3.61084938049,controlled
bipartite_spread,128_32_32,top_1_4,1,0.102996826172,2.05302238464,0.0379085540771,0.176191329956,0.0958442687988,1.02114677429,3.48711013794,controlled
bipartite_spread,128_32_32,top_1_4,2,0.102996826172,2.0170211792,0.0381469726562,0.175952911377,0.108957290649,1.02591514587,3.46899032593,controlled
bipartite_spread,128_32_32,hybrid_all,0,0.0960826873779,1.46293640137,0.0381469726562,0.168800354004,0.0622272491455,1.02186203003,2.85005569458,controlled
bipartite_spread,128_32_32,hybrid_all,1,0.45108795166,1.16205215454,0.0448226928711,0.0121593475342,0.318050384521,0.938892364502,2.92706489563,controlled
bipartite_spread,128_32_32,hybrid_all,2,0.288963317871,1.08695030212,0.0360012054443,0.0119209289551,0.399112701416,0.984907150269,2.80785560608,controlled
bipartite_spread,128_32_32,project_all,0,0.123977661133,1.14703178406,0.0369548797607,0.0131130218506,0.0689029693604,0.990152359009,2.38013267517,controlled
bipartite_spread,128_32_32,project_all,1,0.375032424927,0.954866409302,0.0360012054443,0.0131130218506,0.371932983398,0.869035720825,2.61998176575,controlled
bipartite_spread,128_32_32,project_all,2,0.35285949707,0.931978225708,0.0371932983398,0.0119209289551,0.302076339722,0.792980194092,2.42900848389,controlled
bipartite_spread,128_32_32,project_used,0,0.118970870972,1.35087966919,0.0369548797607,0.0131130218506,0.0720024108887,1.0838508606,2.67577171326,controlled
bipartite_spread,128_32_32,project_used,1,0.409126281738,1.02996826172,0.0379085540771,0.0131130218506,0.308036804199,0.984907150269,2.78306007385,controlled
bipartite_spread,128_32_32,project_used,2,0.308036804199,1.03187561035,0.0369548797607,0.0121593475342,0.331878662109,0.967025756836,2.68793106079,controlled
bipartite_spread,128_32_32,project_used_L1_full_L2,0,0.118017196655,1.22380256653,0.0371932983398,0.0119209289551,0.000953674316406,0.601053237915,1.99294090271,controlled
bipartite_spread,128_32_32,project_used_L1_full_L2,1,0.404119491577,1.12700462341,0.03981590271,0.202178955078,0,0.527858734131,2.30097770691,controlled
bipartite_spread,128_32_32,project_used_L1_full_L2,2,0.355005264282,1.04808807373,0.0369548797607,0.186920166016,0,0.508069992065,2.13503837585,controlled
bipartite_spread,128_128_128,fused_full_accurate,0,0,3.24606895447,0.320911407471,0.341176986694,0,2.60996818542,6.51812553406,controlled
bipartite_spread,128_128_128,fused_full_accurate,1,0,2.64692306519,0.161170959473,0.552892684937,0,2.4139881134,5.774974823,controlled
bipartite_spread,128_128_128,fused_full_accurate,2,0,2.6741027832,0.155925750732,0.536918640137,0,2.36105918884,5.72800636292,controlled
bipartite_spread,128_128_128,hybrid_none,0,0,2.8190612793,0.155925750732,0.530958175659,0.00119209289551,2.64596939087,6.15310668945,controlled
bipartite_spread,128_128_128,hybrid_none,1,0,2.78687477112,0.159978866577,0.550031661987,0,2.68816947937,6.18505477905,controlled
bipartite_spread,128_128_128,hybrid_none,2,0,2.75087356567,0.157117843628,0.549793243408,0.00119209289551,2.66098976135,6.11996650696,controlled
bipartite_spread,128_128_128,top_1_64,0,0.0200271606445,2.8760433197,0.163078308105,0.539064407349,0.0238418579102,2.73513793945,6.35719299316,controlled
bipartite_spread,128_128_128,top_1_64,1,0.0259876251221,2.84790992737,0.162124633789,0.537872314453,0.0350475311279,2.70199775696,6.31093978882,controlled
bipartite_spread,128_128_128,top_1_64,2,0.0278949737549,2.83813476562,0.160932540894,0.53596496582,0.0331401824951,2.68888473511,6.2849521637,controlled
bipartite_spread,128_128_128,top_1_16,0,0.0438690185547,3.014087677,0.162839889526,0.527143478394,0.0669956207275,2.83288955688,6.64782524109,controlled
bipartite_spread,128_128_128,top_1_16,1,0.0779628753662,3.01790237427,0.163078308105,0.532865524292,0.131130218506,2.77590751648,6.69884681702,controlled
bipartite_spread,128_128_128,top_1_16,2,0.0820159912109,2.98690795898,0.16713142395,0.540018081665,0.123023986816,2.81500816345,6.71410560608,controlled
bipartite_spread,128_128_128,top_1_4,0,0.0951290130615,4.01401519775,0.197887420654,0.518083572388,0.282049179077,3.68404388428,8.79120826721,controlled
bipartite_spread,128_128_128,top_1_4,1,0.316858291626,3.96013259888,0.192880630493,0.530004501343,0.490188598633,3.62086296082,9.11092758179,controlled
bipartite_spread,128_128_128,top_1_4,2,0.292062759399,4.01592254639,0.190019607544,0.52809715271,0.484943389893,3.6039352417,9.11498069763,controlled
bipartite_spread,128_128_128,hybrid_all,0,0.262022018433,5.04803657532,0.163078308105,0.399827957153,0.498056411743,5.28717041016,11.6581916809,controlled
bipartite_spread,128_128_128,hybrid_all,1,1.4820098877,4.94194030762,0.192880630493,0.161170959473,1.78098678589,5.72490692139,14.2838954926,controlled
bipartite_spread,128_128_128,hybrid_all,2,1.56092643738,4.92715835571,0.195026397705,0.166893005371,1.78694725037,5.52201271057,14.1589641571,controlled
bipartite_spread,128_128_128,project_all,0,0.2760887146,5.64885139465,0.184059143066,0.165939331055,0.761032104492,5.76114654541,12.7971172333,controlled
bipartite_spread,128_128_128,project_all,1,1.6028881073,5.2502155304,0.175952911377,0.150918960571,1.76095962524,5.33509254456,14.2760276794,controlled
bipartite_spread,128_128_128,project_all,2,1.51205062866,5.22589683533,0.180959701538,0.158071517944,1.75499916077,5.71393966675,14.545917511,controlled
bipartite_spread,128_128_128,project_used,0,0.275135040283,5.37991523743,0.185966491699,0.158071517944,0.731945037842,5.61499595642,12.3460292816,controlled
bipartite_spread,128_128_128,project_used,1,1.5881061554,5.11908531189,0.208854675293,0.180959701538,1.72519683838,5.73992729187,14.5621299744,controlled
bipartite_spread,128_128_128,project_used,2,1.63197517395,5.15103340149,0.216007232666,0.159978866577,1.80506706238,5.45287132263,14.4169330597,controlled
bipartite_spread,128_128_128,project_used_L1_full_L2,0,0.281810760498,5.18703460693,0.190019607544,0.154972076416,0,3.07106971741,8.8849067688,controlled
bipartite_spread,128_128_128,project_used_L1_full_L2,1,1.09505653381,5.29193878174,0.159978866577,0.547170639038,0.000953674316406,2.77400016785,9.86909866333,controlled
bipartite_spread,128_128_128,project_used_L1_full_L2,2,1.13606452942,5.07307052612,0.167846679688,0.540971755981,0,2.74419784546,9.66215133667,controlled
ogbn-products,128_32_32,fused_full_accurate,0,0,146.565914154,12.7000808716,6.35194778442,0,40.4679775238,206.085920334,focus
ogbn-products,128_32_32,fused_full_accurate,1,0,149.34015274,13.0059719086,6.28209114075,0.000953674316406,41.6989326477,210.328102112,focus
ogbn-products,128_32_32,fused_full_accurate,2,0,146.93903923,13.0250453949,6.46710395813,0,41.4710044861,207.902193069,focus
ogbn-products,128_32_32,hybrid_none,0,0.000953674316406,180.22608757,12.9749774933,6.65402412415,0.000953674316406,54.2149543762,254.071950912,focus
ogbn-products,128_32_32,hybrid_none,1,0,172.502040863,13.7569904327,6.58702850342,0.000953674316406,54.9030303955,247.750043869,focus
ogbn-products,128_32_32,hybrid_none,2,0,173.313140869,13.386964798,6.60300254822,0,54.6500682831,247.953176498,focus
ogbn-products,128_32_32,top_1_64,0,0.121831893921,169.569015503,13.9901638031,6.64782524109,0.0801086425781,60.72306633,251.132011414,focus
ogbn-products,128_32_32,top_1_64,1,0.124931335449,164.750099182,14.0998363495,6.75296783447,0.0820159912109,62.2510910034,248.060941696,focus
ogbn-products,128_32_32,top_1_64,2,0.118017196655,163.726091385,13.5719776154,6.62302970886,0.0779628753662,61.4161491394,245.533227921,focus
ogbn-products,128_32_32,top_1_16,0,0.363826751709,154.122114182,13.9598846436,6.86001777649,0.205039978027,63.5380744934,239.048957825,focus
ogbn-products,128_32_32,top_1_16,1,0.375032424927,151.511907578,14.2431259155,6.99687004089,0.205039978027,65.0339126587,238.365888596,focus
ogbn-products,128_32_32,top_1_16,2,0.367879867554,149.342060089,13.9961242676,6.76584243774,0.205993652344,64.5570755005,235.234975815,focus
ogbn-products,128_32_32,top_1_4,0,1.3689994812,125.370979309,14.5611763,6.76679611206,0.649213790894,71.8159675598,220.533132553,focus
ogbn-products,128_32_32,top_1_4,1,1.36184692383,127.531051636,14.2550468445,6.75797462463,0.65803527832,71.3319778442,221.895933151,focus
ogbn-products,128_32_32,top_1_4,2,1.34801864624,126.389980316,14.848947525,6.79612159729,0.663995742798,72.3609924316,222.408056259,focus
ogbn-products,128_32_32,hybrid_all,0,3.94678115845,91.7611122131,13.7538909912,6.42204284668,1.6131401062,66.6599273682,184.156894684,focus
ogbn-products,128_32_32,hybrid_all,1,3.87692451477,90.2779102325,13.6780738831,6.32095336914,1.5881061554,65.5288696289,181.270837784,focus
ogbn-products,128_32_32,hybrid_all,2,3.91507148743,88.2139205933,13.5841369629,6.65593147278,1.57308578491,65.7470226288,179.68916893,focus
ogbn-products,128_32_32,project_all,0,3.97205352783,64.8047924042,13.3671760559,6.58798217773,1.60193443298,53.09009552,143.424034119,focus
ogbn-products,128_32_32,project_all,1,3.91507148743,64.7699832916,13.384103775,6.63781166077,1.59811973572,53.7559986115,144.061088562,focus
ogbn-products,128_32_32,project_all,2,3.93891334534,64.3281936646,13.4718418121,6.53314590454,1.57880783081,53.1260967255,142.976999283,focus
ogbn-products,128_32_32,project_used,0,5.02395629883,94.3970680237,13.699054718,6.61778450012,2.29120254517,73.1098651886,195.138931274,focus
ogbn-products,128_32_32,project_used,1,5.00702857971,91.7840003967,13.5190486908,6.60300254822,2.29597091675,75.7901668549,194.999217987,focus
ogbn-products,128_32_32,project_used,2,5.02490997314,93.7581062317,13.1089687347,6.71005249023,2.2828578949,75.5009651184,196.385860443,focus
ogbn-products,128_32_32,project_used_L1_full_L2,0,5.04779815674,91.8941497803,13.8559341431,6.5541267395,0.000953674316406,40.7938957214,158.146858215,focus
ogbn-products,128_32_32,project_used_L1_full_L2,1,4.95290756226,92.1609401703,13.7519836426,6.47020339966,0.000953674316406,40.766954422,158.103942871,focus
ogbn-products,128_32_32,project_used_L1_full_L2,2,4.96506690979,92.4251079559,13.4060382843,6.65998458862,0.000953674316406,41.720867157,159.17801857,focus
ogbn-products,128_128_128,fused_full_accurate,0,0,156.757831573,48.2611656189,17.8318023682,0,155.371189117,378.221988678,focus
ogbn-products,128_128_128,fused_full_accurate,1,0,156.932115555,47.0697879791,18.0130004883,0.00119209289551,154.599905014,376.616001129,focus
ogbn-products,128_128_128,fused_full_accurate,2,0.000953674316406,155.321836472,47.3761558533,17.9419517517,0.000953674316406,155.22313118,375.864982605,focus
ogbn-products,128_128_128,hybrid_none,0,0,192.78717041,49.3569374084,18.070936203,0.000953674316406,187.853097916,448.069095612,focus
ogbn-products,128_128_128,hybrid_none,1,0,191.249847412,49.5781898499,18.0668830872,0.000953674316406,185.970067978,444.865942001,focus
ogbn-products,128_128_128,hybrid_none,2,0.00119209289551,189.536809921,48.8321781158,17.9419517517,0.000953674316406,191.591978073,447.905063629,focus
ogbn-products,128_128_128,top_1_64,0,0.226020812988,199.975967407,50.1079559326,18.1300640106,0.226020812988,192.791938782,461.457967758,focus
ogbn-products,128_128_128,top_1_64,1,0.226974487305,199.880838394,49.7601032257,18.0110931396,0.226020812988,191.135883331,459.240913391,focus
ogbn-products,128_128_128,top_1_64,2,0.223875045776,198.152065277,50.3630638123,18.138885498,0.221967697144,195.354938507,462.454795837,focus
ogbn-products,128_128_128,top_1_16,0,0.762939453125,210.283994675,55.5760860443,19.5310115814,0.772953033447,203.020095825,489.947080612,focus
ogbn-products,128_128_128,top_1_16,1,0.752925872803,211.534023285,52.0589351654,18.1219577789,0.756978988647,203.837156296,487.061977386,focus
ogbn-products,128_128_128,top_1_16,2,0.744104385376,218.168973923,52.542924881,18.7919139862,0.757217407227,205.241918564,496.247053146,focus
ogbn-products,128_128_128,top_1_4,0,2.91609764099,260.593891144,50.4081249237,18.2199478149,2.77400016785,243.984937668,578.896999359,focus
ogbn-products,128_128_128,top_1_4,1,2.88701057434,259.614944458,50.0979423523,17.9810523987,2.72607803345,245.511054993,578.818082809,focus
ogbn-products,128_128_128,top_1_4,2,2.89106369019,255.967855453,53.5881519318,25.2649784088,2.84790992737,239.421129227,579.981088638,focus
ogbn-products,128_128_128,hybrid_all,0,9.25898551941,282.268047333,50.3950119019,18.1088447571,8.90207290649,273.098945618,642.031908035,focus
ogbn-products,128_128_128,hybrid_all,1,9.20796394348,290.214061737,49.9608516693,18.2089805603,8.6030960083,274.736881256,650.931835175,focus
ogbn-products,128_128_128,hybrid_all,2,9.19103622437,287.364006042,49.9567985535,18.1291103363,8.60095024109,274.786949158,648.028850555,focus
ogbn-products,128_128_128,project_all,0,9.36508178711,254.525899887,50.6861209869,18.3827877045,8.83102416992,233.918190002,575.709104538,focus
ogbn-products,128_128_128,project_all,1,9.06896591187,260.802030563,50.4510402679,18.0759429932,8.58902931213,235.918998718,582.906007767,focus
ogbn-products,128_128_128,project_all,2,9.09304618835,257.738113403,50.125837326,18.1879997253,8.58616828918,233.342885971,577.074050903,focus
ogbn-products,128_128_128,project_used,0,11.3289356232,300.678014755,53.759098053,19.0870761871,10.6608867645,285.668134689,681.182146072,focus
ogbn-products,128_128_128,project_used,1,10.9710693359,298.446893692,51.6080856323,18.8620090485,10.4048252106,284.407138824,674.700021744,focus
ogbn-products,128_128_128,project_used,2,10.9870433807,301.870107651,50.666809082,18.8121795654,10.4289054871,289.59608078,682.361125946,focus
ogbn-products,128_128_128,project_used_L1_full_L2,0,11.4090442657,308.224916458,50.2829551697,18.177986145,0,158.490180969,546.585083008,focus
ogbn-products,128_128_128,project_used_L1_full_L2,1,10.3669166565,299.395084381,50.8739948273,18.079996109,0.000953674316406,159.218072891,537.935018539,focus
ogbn-products,128_128_128,project_used_L1_full_L2,2,10.3669166565,299.175024033,50.9049892426,18.0900096893,0,160.665988922,539.202928543,focus
reddit,128_32_32,fused_full_accurate,0,0,54.6009540558,0.138998031616,0.0710487365723,0,14.8351192474,69.6461200714,focus
reddit,128_32_32,fused_full_accurate,1,0,53.642988205,0.137090682983,0.28395652771,0,14.9331092834,68.9971446991,focus
reddit,128_32_32,fused_full_accurate,2,0,55.8619499207,0.132083892822,0.260829925537,0,14.3640041351,70.6188678741,focus
reddit,128_32_32,hybrid_none,0,0,62.5169277191,0.156164169312,0.288009643555,0,19.681930542,82.643032074,focus
reddit,128_32_32,hybrid_none,1,0.000953674316406,64.9180412292,0.1540184021,0.283002853394,0,20.4758644104,85.8318805695,focus
reddit,128_32_32,hybrid_none,2,0,63.3111000061,0.149011611938,0.286102294922,0.000953674316406,20.0989246368,83.8460922241,focus
reddit,128_32_32,top_1_64,0,0.0371932983398,65.9039020538,0.149011611938,0.283002853394,0.0379085540771,24.8081684113,91.2191867828,focus
reddit,128_32_32,top_1_64,1,0.0441074371338,66.5500164032,0.146865844727,0.281095504761,0.0429153442383,26.7701148987,93.8351154327,focus
reddit,128_32_32,top_1_64,2,0.0410079956055,68.2551860809,0.149011611938,0.273942947388,0.0450611114502,25.4008769989,94.1650867462,focus
reddit,128_32_32,top_1_16,0,0.0569820404053,69.5979595184,0.149965286255,0.255107879639,0.0760555267334,34.2669487,104.403018951,focus
reddit,128_32_32,top_1_16,1,0.0879764556885,69.7569847107,0.159978866577,0.249862670898,0.0820159912109,34.2700481415,104.606866837,focus
reddit,128_32_32,top_1_16,2,0.0989437103271,68.4649944305,0.149011611938,0.246047973633,0.0910758972168,36.5297794342,105.579853058,focus
reddit,128_32_32,top_1_4,0,0.132083892822,49.9999523163,0.152111053467,0.169992446899,0.185966491699,33.478975296,84.1190814972,focus
reddit,128_32_32,top_1_4,1,0.223875045776,51.6021251678,0.149011611938,0.160932540894,0.190019607544,33.145904541,85.471868515,focus
reddit,128_32_32,top_1_4,2,0.292062759399,52.1659851074,0.151872634888,0.157117843628,0.200033187866,31.7778587341,84.7449302673,focus
reddit,128_32_32,hybrid_all,0,0.408887863159,34.4071388245,0.14591217041,0.457048416138,0.313997268677,29.2179584503,64.9509429932,focus
reddit,128_32_32,hybrid_all,1,1.03306770325,33.6039066315,0.133037567139,0.0591278076172,1.01900100708,29.4539928436,65.3021335602,focus
reddit,128_32_32,hybrid_all,2,1.02806091309,33.6668491364,0.136137008667,0.0588893890381,0.998020172119,28.8259983063,64.7139549255,focus
reddit,128_32_32,project_all,0,0.401020050049,25.9778499603,0.135183334351,0.0588893890381,0.442028045654,25.7389545441,52.7539253235,focus
reddit,128_32_32,project_all,1,1.08885765076,26.1001586914,0.143051147461,0.0629425048828,1.11484527588,24.5401859283,53.0500411987,focus
reddit,128_32_32,project_all,2,1.0941028595,24.4967937469,0.145196914673,0.0638961791992,1.16395950317,26.05509758,53.0190467834,focus
reddit,128_32_32,project_used,0,0.508785247803,37.8210544586,0.1380443573,0.0638961791992,0.626087188721,35.6879234314,74.845790863,focus
reddit,128_32_32,project_used,1,1.00898742676,37.013053894,0.131845474243,0.0581741333008,0.952959060669,34.2588424683,73.4238624573,focus
reddit,128_32_32,project_used,2,1.03878974915,36.4761352539,0.130891799927,0.0560283660889,0.930070877075,34.3329906464,72.9649066925,focus
reddit,128_32_32,project_used_L1_full_L2,0,0.500917434692,40.2669906616,0.124931335449,0.0641345977783,0.000953674316406,14.3549442291,55.312871933,focus
reddit,128_32_32,project_used_L1_full_L2,1,1.24192237854,39.9029254913,0.128030776978,0.535011291504,0,14.6961212158,56.5040111542,focus
reddit,128_32_32,project_used_L1_full_L2,2,1.16801261902,40.6639575958,0.12993812561,0.519037246704,0.000953674316406,13.8759613037,56.3578605652,focus
reddit,128_128_128,fused_full_accurate,0,0,59.0469837189,5.70201873779,4.27317619324,0,55.2978515625,124.320030212,focus
reddit,128_128_128,fused_full_accurate,1,0.00119209289551,57.1238994598,5.75089454651,4.46915626526,0,55.84192276,123.187065125,focus
reddit,128_128_128,fused_full_accurate,2,0,56.8211078644,5.59091567993,4.33802604675,0,56.7679405212,123.517990112,focus
reddit,128_128_128,hybrid_none,0,0,67.1319961548,5.79285621643,4.87399101257,0.00119209289551,65.5269622803,143.326997757,focus
reddit,128_128_128,hybrid_none,1,0,65.2940273285,6.06918334961,4.83393669128,0.000953674316406,65.6659603119,141.864061356,focus
reddit,128_128_128,hybrid_none,2,0.000953674316406,66.565990448,6.08897209167,4.92906570435,0,64.3668174744,141.951799393,focus
reddit,128_128_128,top_1_64,0,0.0519752502441,78.7098407745,6.48522377014,4.84180450439,0.0541210174561,78.5138607025,168.656826019,focus
reddit,128_128_128,top_1_64,1,0.0641345977783,81.9048881531,6.52813911438,4.94384765625,0.0860691070557,74.6920108795,168.219089508,focus
reddit,128_128_128,top_1_64,2,0.075101852417,83.2989215851,6.55293464661,4.76813316345,0.0929832458496,75.8240222931,170.612096786,focus
reddit,128_128_128,top_1_16,0,0.108003616333,142.194032669,5.90705871582,4.75096702576,0.124931335449,141.01099968,294.095993042,focus
reddit,128_128_128,top_1_16,1,0.108957290649,139.340877533,6.08515739441,4.32085990906,0.113010406494,151.725053787,301.693916321,focus
reddit,128_128_128,top_1_16,2,0.108003616333,136.008024216,5.98907470703,4.45199012756,0.114917755127,151.489019394,298.161029816,focus
reddit,128_128_128,top_1_4,0,0.298976898193,210.379123688,5.72490692139,4.24599647522,0.312089920044,142.100811005,363.061904907,focus
reddit,128_128_128,top_1_4,1,0.308990478516,214.684963226,5.92303276062,4.390001297,0.303983688354,134.808063507,360.419034958,focus
reddit,128_128_128,top_1_4,2,0.319957733154,211.682081223,5.5239200592,4.46701049805,0.301122665405,139.802932739,362.097024918,focus
reddit,128_128_128,hybrid_all,0,0.917911529541,218.653202057,5.9700012207,4.30798530579,1.31487846375,210.81495285,441.978931427,focus
reddit,128_128_128,hybrid_all,1,0.890016555786,218.664884567,5.77902793884,4.31799888611,1.16991996765,209.589958191,440.411806107,focus
reddit,128_128_128,hybrid_all,2,0.892877578735,218.055963516,5.72299957275,4.5051574707,1.14989280701,207.757949829,438.084840775,focus
reddit,128_128_128,project_all,0,0.907897949219,212.150096893,5.6779384613,4.77194786072,1.36303901672,210.566997528,435.437917709,focus
reddit,128_128_128,project_all,1,0.879049301147,214.931964874,5.84316253662,4.47797775269,1.42097473145,211.889028549,439.442157745,focus
reddit,128_128_128,project_all,2,0.891923904419,213.598012924,5.78498840332,4.46510314941,1.31297111511,206.92896843,432.981967926,focus
reddit,128_128_128,project_used,0,1.09386444092,168.564081192,6.32691383362,4.64296340942,1.09910964966,170.433044434,352.159976959,focus
reddit,128_128_128,project_used,1,1.1031627655,175.737857819,6.09397888184,4.59313392639,1.07288360596,173.254966736,361.855983734,focus
reddit,128_128_128,project_used,2,1.09720230103,176.35178566,6.00099563599,4.82821464539,1.06692314148,172.112941742,361.458063126,focus
reddit,128_128_128,project_used_L1_full_L2,0,1.10411643982,179.440975189,5.92803955078,4.71997261047,0,59.9739551544,251.167058945,focus
reddit,128_128_128,project_used_L1_full_L2,1,1.15990638733,166.697025299,6.24990463257,4.81200218201,0,61.7189407349,240.637779236,focus
reddit,128_128_128,project_used_L1_full_L2,2,1.23500823975,169.384002686,6.1948299408,4.65798377991,0,61.1879825592,242.659807205,focus
mycielskian19,128_32_32,fused_full_accurate,0,0,556.700944901,1.06596946716,0.933885574341,0,111.873149872,670.573949814,focus
mycielskian19,128_32_32,fused_full_accurate,1,0,538.118839264,1.52206420898,0.990152359009,0.000953674316406,109.05790329,649.689912796,focus
mycielskian19,128_32_32,fused_full_accurate,2,0,544.962882996,1.82914733887,1.04188919067,0.000953674316406,112.164974213,659.999847412,focus
mycielskian19,128_32_32,hybrid_none,0,0,595.281839371,1.38711929321,1.01590156555,0.000953674316406,147.025108337,744.710922241,focus
mycielskian19,128_32_32,hybrid_none,1,0,587.793111801,1.25598907471,1.12104415894,0,140.954971313,731.125116348,focus
mycielskian19,128_32_32,hybrid_none,2,0.000953674316406,589.39909935,1.30295753479,1.02591514587,0,139.019012451,730.747938156,focus
mycielskian19,128_32_32,top_1_64,0,0.0500679016113,530.589103699,1.55186653137,1.16610527039,0.0638961791992,137.568950653,670.989990234,focus
mycielskian19,128_32_32,top_1_64,1,0.0519752502441,512.495994568,1.65414810181,1.20401382446,0.0448226928711,150.130033493,665.58098793,focus
mycielskian19,128_32_32,top_1_64,2,0.0519752502441,502.471923828,1.71709060669,1.16395950317,0.0560283660889,154.500961304,659.961938858,focus
mycielskian19,128_32_32,top_1_16,0,0.123023986816,428.558111191,1.79195404053,1.10197067261,0.0779628753662,157.799005508,589.452028275,focus
mycielskian19,128_32_32,top_1_16,1,0.139951705933,465.027093887,1.28984451294,1.03616714478,0.0748634338379,152.194023132,619.761943817,focus
mycielskian19,128_32_32,top_1_16,2,0.14591217041,466.982126236,1.28793716431,1.0130405426,0.0710487365723,151.051998138,620.552062988,focus
mycielskian19,128_32_32,top_1_4,0,0.248908996582,320.626020432,1.91307067871,1.13201141357,0.166893005371,165.223121643,489.310026169,focus
mycielskian19,128_32_32,top_1_4,1,0.272035598755,322.185993195,1.67918205261,1.10197067261,0.164985656738,168.910980225,494.3151474,focus
mycielskian19,128_32_32,top_1_4,2,0.240087509155,334.82003212,1.5869140625,1.04904174805,0.151872634888,167.960166931,505.808115005,focus
mycielskian19,128_32_32,hybrid_all,0,0.639915466309,246.074914932,1.30200386047,1.19519233704,0.361919403076,243.952035904,493.525981903,focus
mycielskian19,128_32_32,hybrid_all,1,0.722169876099,247.257947922,1.27196311951,1.20210647583,0.648975372314,252.312898636,503.416061401,focus
mycielskian19,128_32_32,hybrid_all,2,0.717878341675,256.794929504,1.31011009216,1.12795829773,0.612020492554,241.605997086,502.168893814,focus
mycielskian19,128_32_32,project_all,0,0.662088394165,224.905014038,1.12986564636,1.09601020813,0.401973724365,223.98018837,452.175140381,focus
mycielskian19,128_32_32,project_all,1,0.715970993042,224.415063858,1.14393234253,1.07908248901,0.586032867432,220.976829529,448.916912079,focus
mycielskian19,128_32_32,project_all,2,0.723123550415,228.02400589,1.13987922668,1.11198425293,0.600099563599,221.326112747,452.925205231,focus
mycielskian19,128_32_32,project_used,0,0.930070877075,222.039937973,1.384973526,1.11794471741,0.430107116699,215.111970901,441.015005112,focus
mycielskian19,128_32_32,project_used,1,0.980854034424,233.131170273,1.44100189209,1.04594230652,0.488996505737,217.622995377,454.710960388,focus
mycielskian19,128_32_32,project_used,2,0.962972640991,226.494073868,1.4328956604,1.13701820374,0.503063201904,213.702917099,444.232940674,focus
mycielskian19,128_32_32,project_used_L1_full_L2,0,0.923871994019,224.899053574,1.53493881226,1.12700462341,0.000953674316406,114.61019516,343.096017838,focus
mycielskian19,128_32_32,project_used_L1_full_L2,1,1.39594078064,235.761165619,1.35087966919,1.14798545837,0.000953674316406,115.027189255,354.684114456,focus
mycielskian19,128_32_32,project_used_L1_full_L2,2,1.24788284302,221.41122818,1.56283378601,1.14607810974,0.000953674316406,115.648984909,341.017961502,focus
mycielskian19,128_128_128,fused_full_accurate,0,0,528.7129879,9.35888290405,5.37610054016,0.000953674316406,543.401956558,1086.85088158,focus
mycielskian19,128_128_128,fused_full_accurate,1,0,567.632913589,8.06403160095,5.05495071411,0.000953674316406,513.357162476,1094.11001205,focus
mycielskian19,128_128_128,fused_full_accurate,2,0,542.032957077,9.02605056763,5.58400154114,0,557.238101959,1113.88111115,focus
mycielskian19,128_128_128,hybrid_none,0,0,588.715791702,8.4240436554,5.30004501343,0.000953674316406,557.506084442,1159.94691849,focus
mycielskian19,128_128_128,hybrid_none,1,0.000953674316406,631.237030029,7.42387771606,5.14912605286,0,549.213886261,1193.02487373,focus
mycielskian19,128_128_128,hybrid_none,2,0,599.53379631,8.47911834717,5.35893440247,0,596.19808197,1209.56993103,focus
mycielskian19,128_128_128,top_1_64,0,0.0669956207275,674.409866333,8.70609283447,5.57994842529,0.0669956207275,625.814914703,1314.64481354,focus
mycielskian19,128_128_128,top_1_64,1,0.0760555267334,673.361063004,8.79287719727,5.3699016571,0.0731945037842,626.792907715,1314.4659996,focus
mycielskian19,128_128_128,top_1_64,2,0.0791549682617,682.112932205,8.39304924011,5.37085533142,0.0710487365723,670.786142349,1366.81318283,focus
mycielskian19,128_128_128,top_1_16,0,0.169992446899,897.015094757,7.46393203735,5.14602661133,0.233888626099,937.860012054,1847.88894653,focus
mycielskian19,128_128_128,top_1_16,1,0.149965286255,860.986948013,9.16910171509,5.4349899292,0.243902206421,924.787044525,1800.77195168,focus
mycielskian19,128_128_128,top_1_16,2,0.200986862183,881.504058838,8.28695297241,5.28311729431,0.219821929932,950.792074203,1846.2870121,focus
mycielskian19,128_128_128,top_1_4,0,0.442981719971,850.317955017,9.11617279053,5.4669380188,0.480890274048,798.741102219,1664.56604004,focus
mycielskian19,128_128_128,top_1_4,1,0.472068786621,877.223014832,8.54301452637,5.07688522339,0.448942184448,796.48399353,1688.24791908,focus
mycielskian19,128_128_128,top_1_4,2,0.460863113403,866.860151291,9.15002822876,5.4669380188,0.458955764771,864.789009094,1747.18594551,focus
mycielskian19,128_128_128,hybrid_all,0,1.42979621887,999.56202507,7.7850818634,5.06496429443,1.43504142761,1016.9570446,2032.23395348,focus
mycielskian19,128_128_128,hybrid_all,1,1.42812728882,1025.87199211,7.87591934204,5.11002540588,1.43599510193,1018.2030201,2059.92507935,focus
mycielskian19,128_128_128,hybrid_all,2,1.4169216156,965.089082718,8.79192352295,5.26309013367,1.42407417297,1027.45199203,2009.4370842,focus
mycielskian19,128_128_128,project_all,0,1.43980979919,897.594213486,9.16695594788,5.66697120667,1.49393081665,983.204126358,1898.56600761,focus
mycielskian19,128_128_128,project_all,1,1.42908096313,953.513860703,7.70711898804,4.95195388794,1.42598152161,896.296024323,1865.32402039,focus
mycielskian19,128_128_128,project_all,2,1.45316123962,977.051973343,7.54499435425,5.10787963867,1.43003463745,940.716028214,1933.30407143,focus
mycielskian19,128_128_128,project_used,0,1.59001350403,1065.64807892,7.97390937805,5.10001182556,1.60503387451,1029.04510498,2110.96215248,focus
mycielskian19,128_128_128,project_used,1,1.56712532043,1055.95302582,7.91192054749,5.09595870972,1.59096717834,1045.90010643,2118.019104,focus
mycielskian19,128_128_128,project_used,2,1.56092643738,1055.93895912,7.9391002655,5.21802902222,1.60789489746,1071.50101662,2143.76592636,focus
mycielskian19,128_128_128,project_used_L1_full_L2,0,1.60098075867,1084.17916298,8.09288024902,5.17201423645,0,538.437128067,1637.48216629,focus
mycielskian19,128_128_128,project_used_L1_full_L2,1,1.59502029419,1059.31806564,7.66801834106,5.11503219604,0.000953674316406,540.722846985,1614.41993713,focus
mycielskian19,128_128_128,project_used_L1_full_L2,2,1.57904624939,1044.0120697,7.82489776611,5.16510009766,0.000953674316406,511.509895325,1570.09196281,focus
roadNet-CA,128_32_32,fused_full_accurate,0,0,10.5528831482,10.2741718292,5.56898117065,0.000953674316406,4.63104248047,31.0280323029,focus
roadNet-CA,128_32_32,fused_full_accurate,1,0,10.47706604,10.0739002228,5.62310218811,0,4.6329498291,30.80701828,focus
roadNet-CA,128_32_32,fused_full_accurate,2,0.000953674316406,10.4742050171,10.2009773254,5.64694404602,0,4.64487075806,30.9679508209,focus
roadNet-CA,128_32_32,hybrid_none,0,0,12.7580165863,10.6267929077,5.52010536194,0.000953674316406,6.22701644897,35.1328849792,focus
roadNet-CA,128_32_32,hybrid_none,1,0,12.6278400421,10.4510784149,5.71203231812,0.000953674316406,6.25705718994,35.0489616394,focus
roadNet-CA,128_32_32,hybrid_none,2,0,12.6569271088,10.4579925537,5.66005706787,0.000953674316406,6.20198249817,34.9779129028,focus
roadNet-CA,128_32_32,top_1_64,0,0.0979900360107,12.6671791077,10.1919174194,5.78308105469,0.0689029693604,6.32095336914,35.1300239563,focus
roadNet-CA,128_32_32,top_1_64,1,0.0920295715332,12.6669406891,10.5509757996,5.65004348755,0.0648498535156,6.35004043579,35.374879837,focus
roadNet-CA,128_32_32,top_1_64,2,0.0960826873779,12.6070976257,10.4229450226,5.59687614441,0.0650882720947,6.29496574402,35.0830554962,focus
roadNet-CA,128_32_32,top_1_16,0,1.01590156555,12.3500823975,10.8540058136,5.62286376953,0.224113464355,6.46185874939,36.5288257599,focus
roadNet-CA,128_32_32,top_1_16,1,0.962972640991,12.3720169067,10.421037674,5.6369304657,0.22292137146,6.45399093628,36.0698699951,focus
roadNet-CA,128_32_32,top_1_16,2,0.970840454102,12.414932251,10.3211402893,5.65600395203,0.231027603149,6.44588470459,36.0398292542,focus
roadNet-CA,128_32_32,top_1_4,0,0.983953475952,12.3660564423,10.4429721832,5.70392608643,0.442981719971,6.97898864746,36.9188785553,focus
roadNet-CA,128_32_32,top_1_4,1,0.993013381958,12.1428966522,10.4460716248,5.6779384613,0.43797492981,6.93798065186,36.6358757019,focus
roadNet-CA,128_32_32,top_1_4,2,0.982999801636,12.1510028839,10.2260112762,5.67388534546,0.447034835815,6.8678855896,36.3488197327,focus
roadNet-CA,128_32_32,hybrid_all,0,3.05795669556,6.86812400818,10.6618404388,5.74517250061,1.28197669983,4.78100776672,32.3960781097,focus
roadNet-CA,128_32_32,hybrid_all,1,3.10897827148,6.88314437866,11.0099315643,5.65409660339,1.25789642334,4.78506088257,32.6991081238,focus
roadNet-CA,128_32_32,hybrid_all,2,3.1099319458,6.88695907593,10.4880332947,5.64694404602,1.26218795776,4.77886199951,32.1729183197,focus
roadNet-CA,128_32_32,project_all,0,3.08299064636,7.06100463867,10.4479789734,5.60688972473,1.2800693512,6.21795654297,33.6968898773,focus
roadNet-CA,128_32_32,project_all,1,3.05700302124,7.00807571411,10.6070041656,5.55109977722,1.25002861023,6.21485710144,33.6880683899,focus
roadNet-CA,128_32_32,project_all,2,3.06606292725,7.01308250427,10.440826416,5.75709342957,1.28507614136,6.20484352112,33.7669849396,focus
roadNet-CA,128_32_32,project_used,0,3.98802757263,8.03899765015,10.4238986969,5.704164505,1.71589851379,6.94489479065,36.8158817291,focus
roadNet-CA,128_32_32,project_used,1,3.96394729614,7.84206390381,10.6439590454,5.62787055969,1.68299674988,6.94513320923,36.7059707642,focus
roadNet-CA,128_32_32,project_used,2,3.98206710815,7.85398483276,10.7429027557,5.60903549194,1.69396400452,6.94417953491,36.826133728,focus
roadNet-CA,128_32_32,project_used_L1_full_L2,0,4.00590896606,7.8821182251,10.6449127197,5.53703308105,0,4.59599494934,32.6659679413,focus
roadNet-CA,128_32_32,project_used_L1_full_L2,1,3.87406349182,7.77196884155,10.3559494019,5.56898117065,0.000953674316406,4.60815429688,32.1800708771,focus
roadNet-CA,128_32_32,project_used_L1_full_L2,2,3.8640499115,7.77196884155,10.9670162201,5.63597679138,0,4.59098815918,32.8299999237,focus
roadNet-CA,128_128_128,fused_full_accurate,0,0,31.6557884216,39.0071868896,14.6670341492,0,15.6908035278,101.020812988,focus
roadNet-CA,128_128_128,fused_full_accurate,1,0,29.7539234161,38.6531352997,14.6520137787,0,15.6359672546,98.6950397491,focus
roadNet-CA,128_128_128,fused_full_accurate,2,0,29.6740531921,38.8140678406,14.7519111633,0,15.5429840088,98.7830162048,focus
roadNet-CA,128_128_128,hybrid_none,0,0.00691413879395,32.527923584,39.2651557922,14.8348808289,0.000953674316406,17.9350376129,104.570865631,focus
roadNet-CA,128_128_128,hybrid_none,1,0,32.5410366058,39.2830371857,14.8189067841,0.000953674316406,18.0420875549,104.686021805,focus
roadNet-CA,128_128_128,hybrid_none,2,0,32.525062561,38.9070510864,14.937877655,0,17.9121494293,104.282140732,focus
roadNet-CA,128_128_128,top_1_64,0,0.160932540894,31.25,38.693189621,14.8680210114,0.185012817383,17.972946167,103.130102158,focus
roadNet-CA,128_128_128,top_1_64,1,0.156879425049,31.0959815979,38.5041236877,14.8940086365,0.181913375854,18.0850028992,102.917909622,focus
roadNet-CA,128_128_128,top_1_64,2,0.157117843628,31.1329364777,38.407087326,14.8909091949,0.180959701538,18.0020332336,102.771043777,focus
roadNet-CA,128_128_128,top_1_16,0,0.564813613892,24.551153183,38.1920337677,14.821767807,0.648021697998,18.208026886,96.9858169556,focus
roadNet-CA,128_128_128,top_1_16,1,0.558853149414,24.3980884552,38.3729934692,14.8510932922,0.653028488159,18.1639194489,96.9979763031,focus
roadNet-CA,128_128_128,top_1_16,2,0.55718421936,24.4019031525,38.232088089,15.026807785,0.63419342041,18.1398391724,96.9920158386,focus
roadNet-CA,128_128_128,top_1_4,0,1.95980072021,22.7780342102,37.4820232391,14.9130821228,1.98888778687,18.7590122223,97.8808403015,focus
roadNet-CA,128_128_128,top_1_4,1,1.93405151367,22.7808952332,38.036108017,14.8909091949,1.95908546448,18.846988678,98.4480381012,focus
roadNet-CA,128_128_128,top_1_4,2,1.91903114319,22.677898407,37.899017334,14.7850513458,1.96599960327,18.9080238342,98.1550216675,focus
roadNet-CA,128_128_128,hybrid_all,0,7.04312324524,17.0178413391,40.1949882507,15.3319835663,7.03597068787,12.9771232605,99.6010303497,focus
roadNet-CA,128_128_128,hybrid_all,1,7.159948349,16.902923584,38.7070178986,14.8448944092,6.90102577209,13.0829811096,97.5987911224,focus
roadNet-CA,128_128_128,hybrid_all,2,7.13491439819,16.8399810791,39.2799377441,15.0339603424,6.90817832947,13.0159854889,98.2129573822,focus
roadNet-CA,128_128_128,project_all,0,7.29608535767,15.1720046997,39.470911026,14.9199962616,7.05194473267,12.1030807495,96.0140228271,focus
roadNet-CA,128_128_128,project_all,1,7.0858001709,15.1782035828,40.2419567108,14.762878418,6.9420337677,12.6969814301,96.9078540802,focus
roadNet-CA,128_128_128,project_all,2,7.08913803101,15.0489807129,39.0920639038,14.9989128113,6.9420337677,12.1958255768,95.3669548035,focus
roadNet-CA,128_128_128,project_used,0,8.02803039551,16.4408683777,39.8960113525,14.8561000824,7.8239440918,11.9340419769,98.9789962769,focus
roadNet-CA,128_128_128,project_used,1,7.92002677917,16.489982605,39.8499965668,15.0270462036,7.71999359131,11.9071006775,98.9141464233,focus
roadNet-CA,128_128_128,project_used,2,7.86399841309,16.5150165558,39.3528938293,14.9071216583,7.74002075195,11.9369029999,98.3159542084,focus
roadNet-CA,128_128_128,project_used_L1_full_L2,0,7.96890258789,16.8480873108,39.3631458282,14.9478912354,0,15.7840251923,94.9120521545,focus
roadNet-CA,128_128_128,project_used_L1_full_L2,1,7.70115852356,16.7028903961,40.088891983,14.7712230682,0,15.7918930054,95.0560569763,focus
roadNet-CA,128_128_128,project_used_L1_full_L2,2,7.68709182739,16.6718959808,39.7000312805,14.9040222168,0.000953674316406,15.7690048218,94.7329998016,focus
wiki-Talk,128_32_32,fused_full_accurate,0,0,32.3810577393,6.41489028931,4.65703010559,0,5.3129196167,48.7658977509,focus
wiki-Talk,128_32_32,fused_full_accurate,1,0,32.6800346375,6.42085075378,4.70113754272,0,5.47289848328,49.2749214172,focus
wiki-Talk,128_32_32,fused_full_accurate,2,0,32.604932785,6.6180229187,4.6660900116,0,5.05089759827,48.9399433136,focus
wiki-Talk,128_32_32,hybrid_none,0,0.000953674316406,34.5730781555,6.65092468262,4.67014312744,0,7.33280181885,53.2279014587,focus
wiki-Talk,128_32_32,hybrid_none,1,0,34.3120098114,6.53505325317,4.69589233398,0,7.4200630188,52.9630184174,focus
wiki-Talk,128_32_32,hybrid_none,2,0,35.8500480652,6.51884078979,4.70614433289,0.000953674316406,7.46989250183,54.545879364,focus
wiki-Talk,128_32_32,top_1_64,0,0.110149383545,33.9839458466,6.42108917236,4.69493865967,0.0770092010498,8.28003883362,53.5671710968,focus
wiki-Talk,128_32_32,top_1_64,1,0.133037567139,33.3960056305,6.47616386414,4.64701652527,0.0829696655273,8.22687149048,52.962064743,focus
wiki-Talk,128_32_32,top_1_64,2,0.141143798828,33.3619117737,6.49404525757,4.68492507935,0.0879764556885,8.32104682922,53.0910491943,focus
wiki-Talk,128_32_32,top_1_16,0,0.323057174683,32.6111316681,6.5438747406,4.74500656128,0.189065933228,8.32200050354,52.7341365814,focus
wiki-Talk,128_32_32,top_1_16,1,0.334978103638,33.360004425,6.73604011536,4.63604927063,0.188112258911,8.40282440186,53.6580085754,focus
wiki-Talk,128_32_32,top_1_16,2,0.346183776855,33.5159301758,6.51693344116,4.67300415039,0.182151794434,8.60285758972,53.8370609283,focus
wiki-Talk,128_32_32,top_1_4,0,1.25193595886,31.4350128174,6.77394866943,4.67395782471,0.572919845581,9.18507575989,53.8928508759,focus
wiki-Talk,128_32_32,top_1_4,1,1.26385688782,34.8989963531,6.48498535156,4.67205047607,0.579118728638,9.62686538696,57.5258731842,focus
wiki-Talk,128_32_32,top_1_4,2,1.25217437744,30.8940410614,6.63685798645,4.68897819519,0.57315826416,9.15193557739,53.197145462,focus
wiki-Talk,128_32_32,hybrid_all,0,3.69596481323,27.575969696,6.47807121277,4.69589233398,1.53803825378,9.69219207764,53.6761283875,focus
wiki-Talk,128_32_32,hybrid_all,1,3.69691848755,27.6401042938,6.61587715149,4.70018386841,1.52277946472,9.57608222961,53.7519454956,focus
wiki-Talk,128_32_32,hybrid_all,2,3.67307662964,26.850938797,6.70909881592,4.70805168152,1.53183937073,9.03916358948,52.5121688843,focus
wiki-Talk,128_32_32,project_all,0,3.71122360229,24.7747898102,6.30617141724,4.70399856567,1.52993202209,7.7440738678,48.7701892853,focus
wiki-Talk,128_32_32,project_all,1,3.68404388428,23.3299732208,6.32309913635,4.67681884766,1.52516365051,7.97581672668,47.5149154663,focus
wiki-Talk,128_32_32,project_all,2,3.68618965149,24.1198539734,6.30211830139,4.70685958862,1.53207778931,7.67993927002,48.0270385742,focus
wiki-Talk,128_32_32,project_used,0,4.33206558228,26.2100696564,6.63495063782,4.68587875366,1.78408622742,9.63997840881,53.2870292664,focus
wiki-Talk,128_32_32,project_used,1,4.32920455933,26.6788005829,6.73413276672,4.69994544983,1.76405906677,9.93394851685,54.1400909424,focus
wiki-Talk,128_32_32,project_used,2,4.32705879211,26.7670154572,6.44898414612,4.70113754272,1.75499916077,9.42897796631,53.4281730652,focus
wiki-Talk,128_32_32,project_used_L1_full_L2,0,4.34589385986,26.4239311218,6.36601448059,4.70614433289,0.000953674316406,5.4030418396,47.2459793091,focus
wiki-Talk,128_32_32,project_used_L1_full_L2,1,4.33111190796,26.6599655151,6.68001174927,4.73999977112,0.000953674316406,5.70797920227,48.1200218201,focus
wiki-Talk,128_32_32,project_used_L1_full_L2,2,4.30917739868,26.5929698944,6.7298412323,4.67610359192,0,5.30505180359,47.6131439209,focus
wiki-Talk,128_128_128,fused_full_accurate,0,0,93.1289196014,21.7859745026,16.0820484161,0,22.392988205,153.389930725,focus
wiki-Talk,128_128_128,fused_full_accurate,1,0,93.6799049377,21.7869281769,15.997171402,0,21.6250419617,153.089046478,focus
wiki-Talk,128_128_128,fused_full_accurate,2,0,95.9169864655,21.9299793243,16.028881073,0,21.3630199432,155.238866806,focus
wiki-Talk,128_128_128,hybrid_none,0,0,99.1909503937,21.8510627747,16.1609649658,0.000953674316406,24.1560935974,161.360025406,focus
wiki-Talk,128_128_128,hybrid_none,1,0,100.042104721,21.7859745026,16.2649154663,0.000953674316406,25.9091854095,164.003133774,focus
wiki-Talk,128_128_128,hybrid_none,2,0,96.8420505524,21.9690799713,16.2398815155,0.00119209289551,24.7688293457,159.821033478,focus
wiki-Talk,128_128_128,top_1_64,0,0.216960906982,96.6579914093,21.7950344086,16.2990093231,0.21505355835,26.3018608093,161.485910416,focus
wiki-Talk,128_128_128,top_1_64,1,0.221014022827,97.0540046692,21.5880870819,16.3037776947,0.339031219482,26.2250900269,161.731004715,focus
wiki-Talk,128_128_128,top_1_64,2,0.219106674194,97.6560115814,22.2020149231,16.1499977112,0.366926193237,25.7019996643,162.296056747,focus
wiki-Talk,128_128_128,top_1_16,0,0.710964202881,95.0810909271,22.675037384,16.3698196411,0.703096389771,27.6820659637,163.222074509,focus
wiki-Talk,128_128_128,top_1_16,1,0.701189041138,96.8918800354,22.2079753876,16.2250995636,0.71382522583,25.5761146545,162.316083908,focus
wiki-Talk,128_128_128,top_1_16,2,0.687122344971,97.7079868317,22.2449302673,16.1430835724,0.716924667358,24.3210792542,161.821126938,focus
wiki-Talk,128_128_128,top_1_4,0,2.57802009583,100.327014923,21.6588973999,16.2279605865,2.56395339966,28.5131931305,171.869039536,focus
wiki-Talk,128_128_128,top_1_4,1,2.51507759094,99.1940498352,21.5940475464,16.236782074,2.49719619751,29.296875,171.334028244,focus
wiki-Talk,128_128_128,top_1_4,2,2.50482559204,100.805997849,21.4109420776,16.29114151,2.49290466309,27.1999835968,170.705795288,focus
wiki-Talk,128_128_128,hybrid_all,0,8.67295265198,101.291179657,21.8689441681,16.1960124969,8.50200653076,29.3679237366,185.899019241,focus
wiki-Talk,128_128_128,hybrid_all,1,8.41212272644,97.6610183716,21.6460227966,16.2379741669,8.29386711121,29.8790931702,182.130098343,focus
wiki-Talk,128_128_128,hybrid_all,2,8.40616226196,104.115009308,21.9578742981,16.2270069122,8.2471370697,29.816865921,188.770055771,focus
wiki-Talk,128_128_128,project_all,0,8.68201255798,96.8289375305,22.0649242401,16.2441730499,8.54086875916,27.0249843597,179.385900497,focus
wiki-Talk,128_128_128,project_all,1,8.47291946411,99.5390415192,22.1800804138,16.2439346313,8.28790664673,27.6670455933,182.390928268,focus
wiki-Talk,128_128_128,project_all,2,8.47315788269,97.5089073181,22.0251083374,16.2649154663,8.26096534729,27.2181034088,179.751157761,focus
wiki-Talk,128_128_128,project_used,0,9.40918922424,99.9667644501,21.6572284698,16.2289142609,9.3879699707,31.4590930939,188.10915947,focus
wiki-Talk,128_128_128,project_used,1,9.06682014465,98.1431007385,21.7158794403,16.214132309,9.13000106812,33.0400466919,187.309980392,focus
wiki-Talk,128_128_128,project_used,2,9.25016403198,97.8078842163,21.4700698853,16.2470340729,9.16695594788,28.5329818726,182.475090027,focus
wiki-Talk,128_128_128,project_used_L1_full_L2,0,9.34219360352,103.046894073,21.7809677124,16.3090229034,0.000953674316406,23.157119751,173.637151718,focus
wiki-Talk,128_128_128,project_used_L1_full_L2,1,9.0491771698,96.1329936981,21.9218730927,16.3161754608,0.000953674316406,23.9410400391,167.362213135,focus
wiki-Talk,128_128_128,project_used_L1_full_L2,2,9.04011726379,100.240945816,21.8188762665,16.2119865417,0,23.0150222778,170.326948166,focus
