graph,method,block,replay,accurate,N,E,avg_degree,max_degree,degree_ratio,useful_block_rows,physical_block_rows,eta,modeled_amx_flops,logical_feature_bytes,gather_passes,local_output_store_bytes,local_output_reload_bytes,fp32_reduce_adds,global_zero_bytes
soc-Pokec,mkl_fp32,1,0,0,1632803,30622564,18.7545980746,8763,467.245417105,30622564,30821616,0.993541805206,0,15678752768,1,0,0,3919688192,0
soc-Pokec,mkl_bf16_inputs,1,0,0,1632803,30622564,18.7545980746,8763,467.245417105,30622564,30821616,0.993541805206,0,15678752768,1,0,0,3919688192,0
soc-Pokec,original,1,1,0,1632803,30622564,18.7545980746,8763,467.245417105,30622564,30821616,0.993541805206,1.00996271309e+12,15678752768,2,836001792,0,0,835995136
soc-Pokec,original_nozero,1,1,0,1632803,30622564,18.7545980746,8763,467.245417105,30622564,30821616,0.993541805206,1.00996271309e+12,15678752768,2,836001792,0,0,0
soc-Pokec,shared_b2_fast_nozero,2,0,0,1632803,30622564,18.7545980746,8763,467.245417105,15693167,15792752,0.99369425924,517496897536,7839376384,1,8085889024,7352336384,3919688192,0
soc-Pokec,shared_b2_accurate_nozero,2,0,1,1632803,30622564,18.7545980746,8763,467.245417105,15693167,15792752,0.99369425924,1.03499379507e+12,7839376384,1,8085889024,7352336384,3919688192,0
soc-Pokec,shared_b4_fast_nozero,4,0,0,1632803,30622564,18.7545980746,8763,467.245417105,8248070,8297872,0.993998220267,271904669696,7839376384,1,4248510464,3514957824,3919688192,0
soc-Pokec,shared_b4_accurate_nozero,4,0,1,1632803,30622564,18.7545980746,8763,467.245417105,8248070,8297872,0.993998220267,543809339392,7839376384,1,4248510464,3514957824,3919688192,0
soc-Pokec,shared_b8_fast_nozero,8,0,0,1632803,30622564,18.7545980746,8763,467.245417105,4554713,4579632,0.994558733103,150065381376,7839376384,1,2344771584,1611218944,3919688192,0
soc-Pokec,shared_b8_accurate_nozero,8,0,1,1632803,30622564,18.7545980746,8763,467.245417105,4554713,4579632,0.994558733103,300130762752,7839376384,1,2344771584,1611218944,3919688192,0
soc-Pokec,replay_b8_fast_nozero,8,1,0,1632803,30622564,18.7545980746,8763,467.245417105,4554713,4579632,0.994558733103,150065381376,15678752768,2,836001792,0,7839376384,0
soc-Pokec,shared_b16_fast_nozero,16,0,0,1632803,30622564,18.7545980746,8763,467.245417105,2751265,2763712,0.995496274576,90561314816,7839376384,1,1415020544,681467904,3919688192,0
soc-Pokec,shared_b16_accurate_nozero,16,0,1,1632803,30622564,18.7545980746,8763,467.245417105,2751265,2763712,0.995496274576,181122629632,7839376384,1,1415020544,681467904,3919688192,0
soc-Pokec,shared_b32_fast_nozero,32,0,0,1632803,30622564,18.7545980746,8763,467.245417105,1906635,1912848,0.996751963564,62680203264,7839376384,1,979378176,245825536,3919688192,0
soc-Pokec,shared_b32_accurate_nozero,32,0,1,1632803,30622564,18.7545980746,8763,467.245417105,1906635,1912848,0.996751963564,125360406528,7839376384,1,979378176,245825536,3919688192,0
soc-Pokec,replay_b32_fast_nozero,32,1,0,1632803,30622564,18.7545980746,8763,467.245417105,1906635,1912848,0.996751963564,62680203264,15678752768,2,836001792,0,7839376384,0
soc-Pokec,shared_b64_fast_nozero,64,0,0,1632803,30622564,18.7545980746,8763,467.245417105,1557570,1560704,0.997991931846,51141148672,7839376384,1,799080448,65527808,3919688192,0
soc-Pokec,shared_b64_accurate_nozero,64,0,1,1632803,30622564,18.7545980746,8763,467.245417105,1557570,1560704,0.997991931846,102282297344,7839376384,1,799080448,65527808,3919688192,0
soc-Pokec,shared_bfull_fast_nozero,0,0,0,1632803,30622564,18.7545980746,8763,467.245417105,1432693,1432720,0.999981154727,46947368960,7839376384,1,733552640,0,3919688192,0
soc-Pokec,shared_bfull_accurate_nozero,0,0,1,1632803,30622564,18.7545980746,8763,467.245417105,1432693,1432720,0.999981154727,93894737920,7839376384,1,733552640,0,3919688192,0
soc-Pokec,replay_bfull_fast_nozero,0,1,0,1632803,30622564,18.7545980746,8763,467.245417105,1432693,1432720,0.999981154727,46947368960,15678752768,2,836001792,0,7839376384,0
