graph	path	layer	repeats	e2e_ms	layer_ms	projection_ms	conversion_ms	lr_ms	max_prescan_ms	kernel_ms	normalization_ms	activation_ms	e2e_min_ms	e2e_max_ms	speedup_vs_B0_BF16	speedup_vs_B1_PREMAX	speedup_vs_BLOCK_B32	speedup_vs_PAIR_B32
arxiv	B0_FP32	1	3	75.306572	31.381505	5.228034	3.5e-05	1.424027	0.652902	20.931096	1.48892	1.665679	75.245325	75.407283	0.9152305458811749	5.614259788641023	4.06427222580255	4.702314002554783
arxiv	B0_FP32	2	3	75.306572	36.181432	10.12674	3e-05	1.350513	0.678066	20.85553	1.486619	1.660452	75.245325	75.407283	0.9152305458811749	5.614259788641023	4.06427222580255	4.702314002554783
arxiv	B0_FP32	3	3	75.306572	7.75417	2.99616	2.2e-05	0.234346	0.40706	3.882863	0.223198	2.9e-05	75.245325	75.407283	0.9152305458811749	5.614259788641023	4.06427222580255	4.702314002554783
arxiv	B0_BF16	1	3	68.922875	30.42121	3.818982	0.603687	1.407661	0.634503	20.808065	1.497742	1.651284	68.888654	68.982312	1.0	6.134257443555568	4.440708676183343	5.13784644067735
arxiv	B0_BF16	2	3	68.922875	31.393477	4.125703	1.287591	1.35761	0.666923	20.7982	1.488936	1.673277	68.888654	68.982312	1.0	6.134257443555568	4.440708676183343	5.13784644067735
arxiv	B0_BF16	3	3	68.922875	7.118198	1.027204	1.288205	0.217392	0.409957	3.952989	0.230797	4.2e-05	68.888654	68.982312	1.0	6.134257443555568	4.440708676183343	5.13784644067735
arxiv	B1_TFS_PREMAX	1	3	422.790659	132.924788	0	0.608606	0.970913	0.722567	127.491652	1.489174	1.659375	419.699778	425.515112	0.1630189161771429	1.0	0.7239195154498435	0.837566158243813
arxiv	B1_TFS_PREMAX	2	3	422.790659	261.44733	0	1.292969	1.67329	0.771326	254.565088	1.477611	1.646909	419.699778	425.515112	0.1630189161771429	1.0	0.7239195154498435	0.837566158243813
arxiv	B1_TFS_PREMAX	3	3	422.790659	29.727999	0	1.283453	1.575401	0.381138	26.239335	0.243673	9.2e-05	419.699778	425.515112	0.1630189161771429	1.0	0.7239195154498435	0.837566158243813
arxiv	ICPP_TFS_PAIR_B32	1	3	354.115148	111.542437	0	0.610775	0.991263	0	106.867483	1.43596	1.624867	351.117348	358.898912	0.1946340770488587	1.1939355359065296	0.8643132346318041	1.0
arxiv	ICPP_TFS_PAIR_B32	2	3	354.115148	213.20791	0	1.275026	1.634559	0	207.162574	1.449548	1.625555	351.117348	358.898912	0.1946340770488587	1.1939355359065296	0.8643132346318041	1.0
arxiv	ICPP_TFS_PAIR_B32	3	3	354.115148	30.094296	0	1.278869	1.553251	0	27.04441	0.259831	3e-05	351.117348	358.898912	0.1946340770488587	1.1939355359065296	0.8643132346318041	1.0
arxiv	ICPP_TFS_BLOCK_B32	1	3	306.066409	97.100996	0	0.626074	0.963702	0	92.42752	1.455162	1.63479	304.694354	307.616053	0.22518928236910835	1.3813690315816394	1.0	1.15698795289881
arxiv	ICPP_TFS_BLOCK_B32	2	3	306.066409	184.134156	0	1.275677	1.658576	0	178.144206	1.43549	1.625208	304.694354	307.616053	0.22518928236910835	1.3813690315816394	1.0	1.15698795289881
arxiv	ICPP_TFS_BLOCK_B32	3	3	306.066409	24.823096	0	1.271094	1.546992	0	21.744927	0.251208	0.000124	304.694354	307.616053	0.22518928236910835	1.3813690315816394	1.0	1.15698795289881
arxiv	HEADS_AVX_B16	1	3	134.068515	39.713361	0	0.681685	0.981057	0	34.892097	1.491981	1.660627	132.369566	136.730449	0.5140869577021869	3.1535417469194766	2.2829104133808005	2.641299845828829
arxiv	HEADS_AVX_B16	2	3	134.068515	70.191002	0	1.291918	1.665887	0	64.07943	1.490566	1.659586	132.369566	136.730449	0.5140869577021869	3.1535417469194766	2.2829104133808005	2.641299845828829
arxiv	HEADS_AVX_B16	3	3	134.068515	24.557076	0	1.407212	1.560243	0	21.338432	0.241962	3.5e-05	132.369566	136.730449	0.5140869577021869	3.1535417469194766	2.2829104133808005	2.641299845828829
arxiv	HEADS_AVX_B32	1	3	118.023495	34.77724	0	0.603008	0.965844	0	30.032439	1.495213	1.662311	117.114469	121.898282	0.5839758854794125	3.5822584223590397	2.5932667813302768	3.0003784246518035
arxiv	HEADS_AVX_B32	2	3	118.023495	60.014495	0	1.29192	1.668516	0	53.914026	1.484338	1.662741	117.114469	121.898282	0.5839758854794125	3.5822584223590397	2.5932667813302768	3.0003784246518035
arxiv	HEADS_AVX_B32	3	3	118.023495	23.948218	0	1.406194	1.558867	0	20.739614	0.242916	3.7e-05	117.114469	121.898282	0.5839758854794125	3.5822584223590397	2.5932667813302768	3.0003784246518035
arxiv	HEADS_AMX_HILO_B16	1	3	161.077883	48.322262	0	0.604269	0.970382	0	43.180751	1.839128	1.677908	160.25471	161.343277	0.4278854037335467	2.624759222841288	1.9001144247717732	2.198409498590194
arxiv	HEADS_AMX_HILO_B16	2	3	161.077883	88.228813	0	1.274354	1.666497	0	82.158053	1.484864	1.659772	160.25471	161.343277	0.4278854037335467	2.624759222841288	1.9001144247717732	2.198409498590194
arxiv	HEADS_AMX_HILO_B16	3	3	161.077883	24.868673	0	1.394895	1.558061	0	21.676541	0.243746	6.4e-05	160.25471	161.343277	0.4278854037335467	2.624759222841288	1.9001144247717732	2.198409498590194
arxiv	HEADS_AMX_HILO_B32	1	3	133.592182	39.24655	0	0.600105	0.979413	0	34.145783	1.844152	1.673191	131.622342	133.876944	0.5159199735206061	3.16478593784777	2.291050302629236	2.650717599627199
arxiv	HEADS_AMX_HILO_B32	2	3	133.592182	69.456057	0	1.292641	1.682293	0	63.327801	1.480087	1.661488	131.622342	133.876944	0.5159199735206061	3.16478593784777	2.291050302629236	2.650717599627199
arxiv	HEADS_AMX_HILO_B32	3	3	133.592182	24.263195	0	1.394625	1.557297	0	21.061882	0.241611	0.000139	131.622342	133.876944	0.5159199735206061	3.16478593784777	2.291050302629236	2.650717599627199
arxiv	HEADS_AMX_PRELOAD_B16	1	3	161.044776	53.699754	0	0.602867	0.966177	0	48.931842	1.495999	1.667565	160.898106	163.019172	0.42797336686040655	2.625298811306987	1.900505043392404	2.198861439628442
arxiv	HEADS_AMX_PRELOAD_B16	2	3	161.044776	84.129681	0	1.286867	1.666172	0	78.027498	1.478006	1.670708	160.898106	163.019172	0.42797336686040655	2.625298811306987	1.900505043392404	2.198861439628442
arxiv	HEADS_AMX_PRELOAD_B16	3	3	161.044776	24.483403	0	1.403379	1.559501	0	21.232256	0.241915	0.000137	160.898106	163.019172	0.42797336686040655	2.625298811306987	1.900505043392404	2.198861439628442
arxiv	HEADS_AMX_PRELOAD_B32	1	3	133.124358	42.422174	0	0.596292	0.964652	0	37.68913	1.492813	1.668035	130.765184	135.717852	0.5177330132176112	3.175907590104585	2.299101483741991	2.6600327191812636
arxiv	HEADS_AMX_PRELOAD_B32	2	3	133.124358	66.521677	0	1.294776	1.670663	0	60.409458	1.481984	1.663816	130.765184	135.717852	0.5177330132176112	3.175907590104585	2.299101483741991	2.6600327191812636
arxiv	HEADS_AMX_PRELOAD_B32	3	3	133.124358	24.17357	0	1.403647	1.558344	0	20.961368	0.241785	7.6e-05	130.765184	135.717852	0.5177330132176112	3.175907590104585	2.299101483741991	2.6600327191812636
arxiv	HYBRID_T16_B32	1	3	120.607976	36.020001	0	0.604443	0.971462	0	30.934132	1.841334	1.663695	119.796756	122.342073	0.5714619984999998	3.5054950180077644	2.5376962548480213	2.9360839949755895
arxiv	HYBRID_T16_B32	2	3	120.607976	60.290717	0	1.289269	1.671483	0	54.177893	1.490033	1.66122	119.796756	122.342073	0.5714619984999998	3.5054950180077644	2.5376962548480213	2.9360839949755895
arxiv	HYBRID_T16_B32	3	3	120.607976	24.482139	0	1.398568	1.561979	0	21.265497	0.239426	2.8e-05	119.796756	122.342073	0.5714619984999998	3.5054950180077644	2.5376962548480213	2.9360839949755895
arxiv	HYBRID_T24_B32	1	3	120.486794	35.349688	0	0.609261	0.968236	0	30.445771	1.508236	1.666833	120.033693	120.711372	0.5720367578209443	3.5090207396505213	2.5402485935512567	2.9390370201069502
arxiv	HYBRID_T24_B32	2	3	120.486794	59.897243	0	1.274472	1.668168	0	53.71539	1.481594	1.671545	120.033693	120.711372	0.5720367578209443	3.5090207396505213	2.5402485935512567	2.9390370201069502
arxiv	HYBRID_T24_B32	3	3	120.486794	25.234644	0	1.396406	1.557571	0	22.026146	0.244166	2.8e-05	120.033693	120.711372	0.5720367578209443	3.5090207396505213	2.5402485935512567	2.9390370201069502
arxiv	HYBRID_T32_B32	1	3	121.246646	35.190415	0	0.601088	0.973554	0	30.437487	1.494866	1.678835	120.581428	121.796365	0.5684518069060649	3.4870297278161413	2.5243288709198604	2.920618092808934
arxiv	HYBRID_T32_B32	2	3	121.246646	60.870173	0	1.290231	1.665273	0	54.718459	1.480931	1.675926	120.581428	121.796365	0.5684518069060649	3.4870297278161413	2.5243288709198604	2.920618092808934
arxiv	HYBRID_T32_B32	3	3	121.246646	24.675865	0	1.400583	1.559717	0	21.47018	0.242597	2.6e-05	120.581428	121.796365	0.5684518069060649	3.4870297278161413	2.5243288709198604	2.920618092808934
products	B0_FP32	1	3	3846.178926	1618.993778	62.916693	2.8e-05	21.239471	40.891319	1446.56918	22.7299	25.00017	3845.853025	3859.031135	0.9762460328139191	3.9591539158675118	3.6383192904531034	2.77674923930463
products	B0_FP32	2	3	3846.178926	1704.174404	144.821117	2.9e-05	20.014196	41.066672	1450.578052	22.555634	24.765068	3845.853025	3859.031135	0.9762460328139191	3.9591539158675118	3.6383192904531034	2.77674923930463
products	B0_FP32	3	3	3846.178926	523.097302	68.606057	2.1e-05	3.843293	25.725258	420.920865	4.014719	3.6e-05	3845.853025	3859.031135	0.9762460328139191	3.9591539158675118	3.6383192904531034	2.77674923930463
products	B0_BF16	1	3	3754.816918	1623.428228	53.173526	11.420484	19.55421	40.897543	1449.924862	22.740035	25.021917	3748.320686	3776.287566	1.0	4.055487840965353	3.7268466842995087	2.844312955926657
products	B0_BF16	2	3	3754.816918	1640.794628	61.262557	23.430478	19.927952	41.09968	1451.143878	22.520903	24.744331	3748.320686	3776.287566	1.0	4.055487840965353	3.7268466842995087	2.844312955926657
products	B0_BF16	3	3	3754.816918	494.284866	14.620902	24.895338	3.707391	25.80423	421.28298	3.999682	4.1e-05	3748.320686	3776.287566	1.0	4.055487840965353	3.7268466842995087	2.844312955926657
products	B1_TFS_PREMAX	1	3	15227.614356	4825.571421	0	11.39085	12.347934	40.894874	4710.900645	22.675573	24.596603	15142.278334	15257.854483	0.24657945954091773	1.0	0.918963841206434	0.7013491514376252
products	B1_TFS_PREMAX	2	3	15227.614356	9112.252305	0	20.855779	25.171475	40.946348	8978.227753	22.441482	24.879557	15142.278334	15257.854483	0.24657945954091773	1.0	0.918963841206434	0.7013491514376252
products	B1_TFS_PREMAX	3	3	15227.614356	1288.432045	0	21.605478	23.164483	25.968949	1213.424975	4.196113	0.000114	15142.278334	15257.854483	0.24657945954091773	1.0	0.918963841206434	0.7013491514376252
products	ICPP_TFS_PAIR_B32	1	3	10679.874407	3025.178926	0	10.42164	12.844238	0	2953.817402	22.008868	24.53004	10670.500915	10690.41734	0.35157875223129487	1.4258233548157868	1.3102801070233596	1.0
products	ICPP_TFS_PAIR_B32	2	3	10679.874407	6363.973163	0	22.030328	25.033669	0	6266.642278	22.779669	24.938068	10670.500915	10690.41734	0.35157875223129487	1.4258233548157868	1.3102801070233596	1.0
products	ICPP_TFS_PAIR_B32	3	3	10679.874407	1294.142413	0	20.869021	23.458806	0	1246.067278	3.988824	3.7e-05	10670.500915	10690.41734	0.35157875223129487	1.4258233548157868	1.3102801070233596	1.0
products	ICPP_TFS_BLOCK_B32	1	3	13993.626981	4097.039456	0	11.176922	12.944498	0	4027.039539	21.835118	23.978094	13954.419503	13999.845712	0.26832335341639046	1.0881820972272207	1.0	0.7631955904999266
products	ICPP_TFS_BLOCK_B32	2	3	13993.626981	8743.698954	0	21.387072	24.751256	0	8649.681297	22.608166	24.649848	13954.419503	13999.845712	0.26832335341639046	1.0881820972272207	1.0	0.7631955904999266
products	ICPP_TFS_BLOCK_B32	3	3	13993.626981	1120.664508	0	22.622475	22.911123	0	1072.253203	4.209687	2.6e-05	13954.419503	13999.845712	0.26832335341639046	1.0881820972272207	1.0	0.7631955904999266
products	HEADS_AVX_B16	1	3	4774.571861	1339.801219	0	12.576415	12.630684	0	1267.741216	22.16808	24.636496	4751.900832	4776.871975	0.7864196052153627	3.1893151468476764	2.930865298165003	2.236823471908783
products	HEADS_AVX_B16	2	3	4774.571861	2448.560525	0	22.847175	26.157474	0	2349.425838	23.739293	26.755881	4751.900832	4776.871975	0.7864196052153627	3.1893151468476764	2.930865298165003	2.236823471908783
products	HEADS_AVX_B16	3	3	4774.571861	983.923639	0	22.514054	22.330725	0	935.019021	3.995625	3e-05	4751.900832	4776.871975	0.7864196052153627	3.1893151468476764	2.930865298165003	2.236823471908783
products	HEADS_AVX_B32	1	3	4427.571072	1215.925174	0	8.81721	11.979281	0	1148.305405	22.151846	24.631731	4406.934925	4433.876979	0.8480534489317397	3.4392704506314025	3.1605651842600166	2.4121294121148327
products	HEADS_AVX_B32	2	3	4427.571072	2065.195924	0	19.050068	24.938646	0	1971.037184	23.348861	26.788901	4406.934925	4433.876979	0.8480534489317397	3.4392704506314025	3.1605651842600166	2.4121294121148327
products	HEADS_AVX_B32	3	3	4427.571072	1125.80657	0	18.826547	22.308459	0	1080.552006	3.998607	2.8e-05	4406.934925	4433.876979	0.8480534489317397	3.4392704506314025	3.1605651842600166	2.4121294121148327
products	HEADS_AMX_HILO_B16	1	3	4919.5674	1373.020866	0	8.807141	11.996811	0	1305.439497	22.154403	24.583673	4907.173036	4940.675691	0.763241279710895	3.09531572959037	2.8444832326110623	2.17089706037974
products	HEADS_AMX_HILO_B16	2	3	4919.5674	2583.174238	0	19.023301	24.955422	0	2489.198039	23.333424	26.732857	4907.173036	4940.675691	0.763241279710895	3.09531572959037	2.8444832326110623	2.17089706037974
products	HEADS_AMX_HILO_B16	3	3	4919.5674	974.373155	0	18.886019	22.322572	0	929.160716	3.994933	2.7e-05	4907.173036	4940.675691	0.763241279710895	3.09531572959037	2.8444832326110623	2.17089706037974
products	HEADS_AMX_HILO_B32	1	3	4066.196023	1067.501467	0	8.807404	11.995714	0	994.422784	22.159996	24.559133	4064.148387	4074.06107	0.9234225051525511	3.7449287417199364	3.4414541015353306	2.626502595199651
products	HEADS_AMX_HILO_B32	2	3	4066.196023	1893.131695	0	19.045827	24.987729	0	1799.002247	23.328974	26.787699	4064.148387	4074.06107	0.9234225051525511	3.7449287417199364	3.4414541015353306	2.626502595199651
products	HEADS_AMX_HILO_B32	3	3	4066.196023	1107.166491	0	18.947049	22.294414	0	1061.916504	3.997339	2.8e-05	4064.148387	4074.06107	0.9234225051525511	3.7449287417199364	3.4414541015353306	2.626502595199651
products	HEADS_AMX_PRELOAD_B16	1	3	4792.995528	1503.163852	0	8.807532	12.010453	0	1435.674737	22.139452	24.56363	4785.214365	4873.758126	0.7833967079804043	3.177055823866815	2.91959942362792	2.228225406138956
products	HEADS_AMX_PRELOAD_B16	2	3	4792.995528	2311.043581	0	19.02556	24.942808	0	2217.012132	23.390791	26.706745	4785.214365	4873.758126	0.7833967079804043	3.177055823866815	2.91959942362792	2.228225406138956
products	HEADS_AMX_PRELOAD_B16	3	3	4792.995528	978.778595	0	18.776624	22.311275	0	933.754279	4.003788	3e-05	4785.214365	4873.758126	0.7833967079804043	3.177055823866815	2.91959942362792	2.228225406138956
products	HEADS_AMX_PRELOAD_B32	1	3	4070.691917	1127.631175	0	8.811621	11.954265	0	1060.196697	22.158955	24.551871	4037.241661	4074.179096	0.9224026270126597	3.7407926383243413	3.437653172071287	2.623601742592892
products	HEADS_AMX_PRELOAD_B32	2	3	4070.691917	1838.073691	0	19.031699	24.979321	0	1743.961671	23.27225	26.723608	4037.241661	4074.179096	0.9224026270126597	3.7407926383243413	3.437653172071287	2.623601742592892
products	HEADS_AMX_PRELOAD_B32	3	3	4070.691917	1105.522623	0	18.904789	22.316328	0	1060.35347	3.993737	3e-05	4037.241661	4074.179096	0.9224026270126597	3.7407926383243413	3.437653172071287	2.623601742592892
products	HYBRID_T16_B32	1	3	3942.22182	1058.87613	0	8.8242	12.010428	0	986.440472	22.150066	24.572881	3925.38774	3952.473648	0.9524621113278704	3.8626985114703665	3.549680261523183	2.7091003232791193
products	HYBRID_T16_B32	2	3	3942.22182	1765.227731	0	19.021332	25.0037	0	1671.061893	23.358926	26.76744	3925.38774	3952.473648	0.9524621113278704	3.8626985114703665	3.549680261523183	2.7091003232791193
products	HYBRID_T16_B32	3	3	3942.22182	1106.189894	0	18.738035	22.368056	0	1061.109954	3.999274	0.000106	3925.38774	3952.473648	0.9524621113278704	3.8626985114703665	3.549680261523183	2.7091003232791193
products	HYBRID_T24_B32	1	3	3964.33031	1057.958339	0	8.805882	11.969665	0	989.297407	24.335099	24.556246	3949.81729	4004.281201	0.9471503695160054	3.8411568071380007	3.5298842141637787	2.6939920672250945
products	HYBRID_T24_B32	2	3	3964.33031	1789.404234	0	18.997235	24.980592	0	1695.227792	23.378808	26.757095	3949.81729	4004.281201	0.9471503695160054	3.8411568071380007	3.5298842141637787	2.6939920672250945
products	HYBRID_T24_B32	3	3	3964.33031	1106.288209	0	18.879578	22.363414	0	1061.242256	3.997398	2.8e-05	3949.81729	4004.281201	0.9471503695160054	3.8411568071380007	3.5298842141637787	2.6939920672250945
products	HYBRID_T32_B32	1	3	3999.664593	1061.610829	0	8.817928	11.994066	0	994.035956	22.17006	24.575217	3975.853994	4034.366087	0.9387829480930677	3.8072228312970444	3.498700117377567	2.670192502064135
products	HYBRID_T32_B32	2	3	3999.664593	1833.1364	0	19.027279	24.975079	0	1739.080295	23.387033	26.993106	3975.853994	4034.366087	0.9387829480930677	3.8072228312970444	3.498700117377567	2.670192502064135
products	HYBRID_T32_B32	3	3	3999.664593	1106.134447	0	18.718383	22.309569	0	1061.132902	4.004813	2.9e-05	3975.853994	4034.366087	0.9387829480930677	3.8072228312970444	3.498700117377567	2.670192502064135
