graph,method,boundary,reference,max_abs,mean_abs,relative_l2,normalized_max,finite,pass,numel
indochina-2004,mkl_bf16_inputs,kernel_sample,fp64_bf16_inputs,0.000333067029715,1.72882531236e-05,1.83859098787e-07,2.46884624352e-07,1,1,12288
indochina-2004,mkl_fp32,kernel_full,mkl_bf16_inputs,7.20788574219,0.0553997467657,0.00517992467538,0.00528112673577,1,1,949102848
indochina-2004,mkl_fp32,kernel_full,mkl_fp32,0,0,0,0,1,1,949102848
indochina-2004,mkl_fp32,kernel_sample,fp64_bf16_inputs,7.16507220641,0.546264544446,0.00495939386484,0.00531108156113,1,1,12288
indochina-2004,mkl_bf16_inputs,kernel_full,mkl_bf16_inputs,0,0,0,0,1,1,949102848
indochina-2004,mkl_bf16_inputs,kernel_full,mkl_fp32,7.20788574219,0.0553997467657,0.00515563514054,0.0052533829546,1,1,949102848
indochina-2004,mkl_bf16_inputs,kernel_sample,fp64_bf16_inputs,0.000333067029715,1.72882531236e-05,1.83859098787e-07,2.46884624352e-07,1,1,12288
indochina-2004,original,kernel_full,mkl_bf16_inputs,0.008056640625,3.25636424102e-06,1.7013759409e-06,5.90299870545e-06,1,1,949102848
indochina-2004,original,kernel_full,mkl_fp32,7.21545410156,0.0553997925336,0.00515578691753,0.00525889906453,1,1,949102848
indochina-2004,original,kernel_sample,fp64_bf16_inputs,0.00643658265471,0.000262762824301,2.92805438684e-06,4.7710915493e-06,1,1,12288
indochina-2004,original_nozero,kernel_full,mkl_bf16_inputs,0.008056640625,3.25636424102e-06,1.7013759409e-06,5.90299870545e-06,1,1,949102848
indochina-2004,original_nozero,kernel_full,mkl_fp32,7.21545410156,0.0553997925336,0.00515578691753,0.00525889906453,1,1,949102848
indochina-2004,original_nozero,kernel_sample,fp64_bf16_inputs,0.00643658265471,0.000262762824301,2.92805438684e-06,4.7710915493e-06,1,1,12288
indochina-2004,original_nozero,nozero_identity,unchanged_original,0,0,0,0,1,1,949102848
indochina-2004,shared_b2_fast_nozero,kernel_full,mkl_bf16_inputs,3.34008789062,0.0239388102119,0.00231701764021,0.00244724016028,1,1,949102848
indochina-2004,shared_b2_fast_nozero,kernel_full,mkl_fp32,10.4996337891,0.0734726440774,0.00693570921788,0.00765253489718,1,1,949102848
indochina-2004,shared_b2_fast_nozero,kernel_sample,fp64_bf16_inputs,2.80538677797,0.255190945183,0.00233865756642,0.00207948190319,1,1,12288
indochina-2004,shared_b2_accurate_nozero,kernel_full,mkl_bf16_inputs,0.0069580078125,3.20424958519e-06,1.52324985036e-06,5.09804433653e-06,1,1,949102848
indochina-2004,shared_b2_accurate_nozero,kernel_full,mkl_fp32,7.21484375,0.0553997412764,0.00515570883068,0.00525845421695,1,1,949102848
indochina-2004,shared_b2_accurate_nozero,kernel_sample,fp64_bf16_inputs,0.0035244487226,0.000210012894968,2.184951798e-06,2.61248373841e-06,1,1,12288
indochina-2004,shared_b4_fast_nozero,kernel_full,mkl_bf16_inputs,3.69201660156,0.0299370267363,0.00292838834161,0.00270509387646,1,1,949102848
indochina-2004,shared_b4_fast_nozero,kernel_full,mkl_fp32,10.8740234375,0.0799781990726,0.00759698771085,0.00792540439981,1,1,949102848
indochina-2004,shared_b4_fast_nozero,kernel_sample,fp64_bf16_inputs,3.59029888734,0.335203969803,0.00298919938124,0.00266129491374,1,1,12288
indochina-2004,shared_b4_accurate_nozero,kernel_full,mkl_bf16_inputs,0.0042724609375,2.6634154601e-06,1.14416748366e-06,3.13037810138e-06,1,1,949102848
indochina-2004,shared_b4_accurate_nozero,kernel_full,mkl_fp32,7.21032714844,0.0553997704349,0.00515564672549,0.0052551623449,1,1,949102848
indochina-2004,shared_b4_accurate_nozero,kernel_sample,fp64_bf16_inputs,0.00308641791344,0.000185527577438,1.89647967769e-06,2.28779512582e-06,1,1,12288
indochina-2004,shared_b8_fast_nozero,kernel_full,mkl_bf16_inputs,4.87622070312,0.0317907283527,0.00313411744468,0.00357274524679,1,1,949102848
indochina-2004,shared_b8_fast_nozero,kernel_full,mkl_fp32,12.0699462891,0.0822202717075,0.00784374760923,0.00879703873866,1,1,949102848
indochina-2004,shared_b8_fast_nozero,kernel_sample,fp64_bf16_inputs,3.66158794984,0.346572136074,0.00310380478098,0.00271413765062,1,1,12288
indochina-2004,shared_b8_accurate_nozero,kernel_full,mkl_bf16_inputs,0.00439453125,3.9493355642e-06,9.76027732202e-07,3.2198174757e-06,1,1,949102848
indochina-2004,shared_b8_accurate_nozero,kernel_full,mkl_fp32,7.20690917969,0.0553999617641,0.00515562424863,0.00525267119848,1,1,949102848
indochina-2004,shared_b8_accurate_nozero,kernel_sample,fp64_bf16_inputs,0.00285580381751,0.000119206012338,1.33794253103e-06,2.11685333524e-06,1,1,12288
indochina-2004,shared_b16_fast_nozero,kernel_full,mkl_bf16_inputs,4.98095703125,0.0326381210951,0.00317629372807,0.00364948422996,1,1,949102848
indochina-2004,shared_b16_fast_nozero,kernel_full,mkl_fp32,10.8006591797,0.0831837320775,0.0078643865965,0.00787193372127,1,1,949102848
indochina-2004,shared_b16_fast_nozero,kernel_sample,fp64_bf16_inputs,4.02619693056,0.327854307338,0.00296416194746,0.00298440262196,1,1,12288
indochina-2004,shared_b16_accurate_nozero,kernel_full,mkl_bf16_inputs,0.0035400390625,1.3410259392e-05,1.79121348519e-06,2.59374185543e-06,1,1,949102848
indochina-2004,shared_b16_accurate_nozero,kernel_full,mkl_fp32,7.20947265625,0.0554017046981,0.00515583596311,0.00525453955829,1,1,949102848
indochina-2004,shared_b16_accurate_nozero,kernel_sample,fp64_bf16_inputs,0.0020013935864,0.000191001752076,1.77005235541e-06,1.4835251156e-06,1,1,12288
indochina-2004,shared_b32_fast_nozero,kernel_full,mkl_bf16_inputs,4.345703125,0.032790209095,0.0031262222721,0.00318404172597,1,1,949102848
indochina-2004,shared_b32_fast_nozero,kernel_full,mkl_fp32,11.5052490234,0.0833932712307,0.00783200962275,0.00838546576208,1,1,949102848
indochina-2004,shared_b32_fast_nozero,kernel_sample,fp64_bf16_inputs,3.13093325868,0.328760521255,0.00284670772034,0.00232079195021,1,1,12288
indochina-2004,shared_b32_accurate_nozero,kernel_full,mkl_bf16_inputs,0.00537109375,2.44497184645e-05,3.22649880699e-06,3.9353324703e-06,1,1,949102848
indochina-2004,shared_b32_accurate_nozero,kernel_full,mkl_fp32,7.20727539062,0.05540610468,0.00515664233161,0.00525293810702,1,1,949102848
indochina-2004,shared_b32_accurate_nozero,kernel_sample,fp64_bf16_inputs,0.00332857295871,0.000336299667955,3.11958818672e-06,2.46729159966e-06,1,1,12288
indochina-2004,shared_b64_fast_nozero,kernel_full,mkl_bf16_inputs,4.59228515625,0.0330042465058,0.00321149458779,0.00336470926211,1,1,949102848
indochina-2004,shared_b64_fast_nozero,kernel_full,mkl_fp32,11.7606201172,0.0835892221895,0.00789154768069,0.00857158998755,1,1,949102848
indochina-2004,shared_b64_fast_nozero,kernel_sample,fp64_bf16_inputs,3.93941998109,0.337835336137,0.00303855526875,0.00292007954985,1,1,12288
indochina-2004,shared_b64_accurate_nozero,kernel_full,mkl_bf16_inputs,0.0072021484375,3.15743520129e-05,4.42499908829e-06,5.27692308518e-06,1,1,949102848
indochina-2004,shared_b64_accurate_nozero,kernel_full,mkl_fp32,7.20861816406,0.0554105955333,0.0051572517488,0.00525391677169,1,1,949102848
indochina-2004,shared_b64_accurate_nozero,kernel_sample,fp64_bf16_inputs,0.00442456454039,0.000472514613345,4.22451539201e-06,3.27969104421e-06,1,1,12288
indochina-2004,shared_bfull_fast_nozero,kernel_full,mkl_bf16_inputs,5.82666015625,0.0330803469533,0.00330448639947,0.00426912021528,1,1,949102848
indochina-2004,shared_bfull_fast_nozero,kernel_full,mkl_fp32,12.8239746094,0.0836619253339,0.00798097183644,0.00934660343307,1,1,949102848
indochina-2004,shared_bfull_fast_nozero,kernel_sample,fp64_bf16_inputs,4.31661724672,0.392132949514,0.00356481381548,0.00319967553781,1,1,12288
indochina-2004,shared_bfull_accurate_nozero,kernel_full,mkl_bf16_inputs,0.0164794921875,3.51556637704e-05,6.9509015856e-06,1.20743155339e-05,1,1,949102848
indochina-2004,shared_bfull_accurate_nozero,kernel_full,mkl_fp32,7.2158203125,0.0554137619616,0.00515903695591,0.00525916597308,1,1,949102848
indochina-2004,shared_bfull_accurate_nozero,kernel_sample,fp64_bf16_inputs,0.00961041077971,0.000856979070704,7.95373717023e-06,7.12367915027e-06,1,1,12288
indochina-2004,original,instrumented_kernel,unchanged_original,0,0,0,0,1,1,949102848
indochina-2004,original_nozero,instrumented_kernel,unchanged_original,0,0,0,0,1,1,949102848
indochina-2004,shared_b2_fast_nozero,instrumented_kernel,mkl_bf16_inputs,3.34008789062,0.0239388102119,0.00231701764021,0.00244724016028,1,1,949102848
indochina-2004,shared_b2_accurate_nozero,instrumented_kernel,mkl_bf16_inputs,0.0069580078125,3.20424958519e-06,1.52324985036e-06,5.09804433653e-06,1,1,949102848
indochina-2004,shared_b4_fast_nozero,instrumented_kernel,mkl_bf16_inputs,3.69201660156,0.0299370267363,0.00292838834161,0.00270509387646,1,1,949102848
indochina-2004,shared_b4_accurate_nozero,instrumented_kernel,mkl_bf16_inputs,0.0042724609375,2.6634154601e-06,1.14416748366e-06,3.13037810138e-06,1,1,949102848
indochina-2004,shared_b8_fast_nozero,instrumented_kernel,mkl_bf16_inputs,4.87622070312,0.0317907283527,0.00313411744468,0.00357274524679,1,1,949102848
indochina-2004,shared_b8_accurate_nozero,instrumented_kernel,mkl_bf16_inputs,0.00439453125,3.9493355642e-06,9.76027732202e-07,3.2198174757e-06,1,1,949102848
indochina-2004,shared_b16_fast_nozero,instrumented_kernel,mkl_bf16_inputs,4.98095703125,0.0326381210951,0.00317629372807,0.00364948422996,1,1,949102848
indochina-2004,shared_b16_accurate_nozero,instrumented_kernel,mkl_bf16_inputs,0.0035400390625,1.3410259392e-05,1.79121348519e-06,2.59374185543e-06,1,1,949102848
indochina-2004,shared_b32_fast_nozero,instrumented_kernel,mkl_bf16_inputs,4.345703125,0.032790209095,0.0031262222721,0.00318404172597,1,1,949102848
indochina-2004,shared_b32_accurate_nozero,instrumented_kernel,mkl_bf16_inputs,0.00537109375,2.44497184645e-05,3.22649880699e-06,3.9353324703e-06,1,1,949102848
indochina-2004,shared_b64_fast_nozero,instrumented_kernel,mkl_bf16_inputs,4.59228515625,0.0330042465058,0.00321149458779,0.00336470926211,1,1,949102848
indochina-2004,shared_b64_accurate_nozero,instrumented_kernel,mkl_bf16_inputs,0.0072021484375,3.15743520129e-05,4.42499908829e-06,5.27692308518e-06,1,1,949102848
indochina-2004,shared_bfull_fast_nozero,instrumented_kernel,mkl_bf16_inputs,5.82666015625,0.0330803469533,0.00330448639947,0.00426912021528,1,1,949102848
indochina-2004,shared_bfull_accurate_nozero,instrumented_kernel,mkl_bf16_inputs,0.0164794921875,3.51556637704e-05,6.9509015856e-06,1.20743155339e-05,1,1,949102848
indochina-2004,mkl_fp32,two_layer_e2e,mkl_bf16_inputs,450828,114.842643402,0.0102320416128,0.0100031161277,1,1,949102848
indochina-2004,mkl_fp32,two_layer_e2e,mkl_fp32,0,0,0,0,1,1,949102848
indochina-2004,mkl_bf16_inputs,two_layer_e2e,mkl_bf16_inputs,0,0,0,0,1,1,949102848
indochina-2004,mkl_bf16_inputs,two_layer_e2e,mkl_fp32,450828,114.842643402,0.0101323312488,0.00990404481728,1,1,949102848
indochina-2004,original,two_layer_e2e,mkl_bf16_inputs,2204,0.180254069888,2.386487995e-05,4.89030582517e-05,1,1,949102848
indochina-2004,original,two_layer_e2e,mkl_fp32,448856,114.844740553,0.0101296579679,0.0098607228045,1,1,949102848
indochina-2004,original_nozero,two_layer_e2e,mkl_bf16_inputs,2204,0.180254069888,2.386487995e-05,4.89030582517e-05,1,1,949102848
indochina-2004,original_nozero,two_layer_e2e,mkl_fp32,448856,114.844740553,0.0101296579679,0.0098607228045,1,1,949102848
indochina-2004,shared_b2_fast_nozero,two_layer_e2e,mkl_bf16_inputs,121544,28.382218971,0.00241176233422,0.00269685721967,1,1,949102848
indochina-2004,shared_b2_fast_nozero,two_layer_e2e,mkl_fp32,572312,140.114270048,0.0122262938337,0.0125728741282,1,1,949102848
indochina-2004,shared_b2_accurate_nozero,two_layer_e2e,mkl_bf16_inputs,708,0.154614729778,1.55837728103e-05,1.57093308721e-05,1,1,949102848
indochina-2004,shared_b2_accurate_nozero,two_layer_e2e,mkl_fp32,450416,114.829938575,0.0101316579685,0.00989499376796,1,1,949102848
indochina-2004,shared_b4_fast_nozero,two_layer_e2e,mkl_bf16_inputs,161768,43.0599980841,0.00367804763675,0.00358936022108,1,1,949102848
indochina-2004,shared_b4_fast_nozero,two_layer_e2e,mkl_fp32,612536,155.218502157,0.0135501020036,0.0134565377399,1,1,949102848
indochina-2004,shared_b4_accurate_nozero,two_layer_e2e,mkl_bf16_inputs,276,0.052499106703,5.28659281407e-06,6.12397644168e-06,1,1,949102848
indochina-2004,shared_b4_accurate_nozero,two_layer_e2e,mkl_fp32,450888,114.851994179,0.0101329437569,0.00990536293126,1,1,949102848
indochina-2004,shared_b8_fast_nozero,two_layer_e2e,mkl_bf16_inputs,207960,54.1612350725,0.00466373723051,0.00461428311889,1,1,949102848
indochina-2004,shared_b8_fast_nozero,two_layer_e2e,mkl_fp32,658660,167.282442904,0.0145827445575,0.0144698158929,1,1,949102848
indochina-2004,shared_b8_accurate_nozero,two_layer_e2e,mkl_bf16_inputs,746,0.247454942172,2.42913521877e-05,1.65524870489e-05,1,1,949102848
indochina-2004,shared_b8_accurate_nozero,two_layer_e2e,mkl_fp32,450360,114.882103729,0.0101344894474,0.00989376352824,1,1,949102848
indochina-2004,shared_b16_fast_nozero,two_layer_e2e,mkl_bf16_inputs,233120,60.4484324912,0.005298724097,0.00517254126118,1,1,949102848
indochina-2004,shared_b16_fast_nozero,two_layer_e2e,mkl_fp32,683888,173.744957165,0.0151929437703,0.015024038884,1,1,949102848
indochina-2004,shared_b16_accurate_nozero,two_layer_e2e,mkl_bf16_inputs,759,0.256120763736,2.41032727453e-05,1.68409352146e-05,1,1,949102848
indochina-2004,shared_b16_accurate_nozero,two_layer_e2e,mkl_fp32,450416,114.882772842,0.010134147178,0.00989499376796,1,1,949102848
indochina-2004,shared_b32_fast_nozero,two_layer_e2e,mkl_bf16_inputs,231528,59.7037694739,0.0051731393295,0.00513721745504,1,1,949102848
indochina-2004,shared_b32_fast_nozero,two_layer_e2e,mkl_fp32,682356,172.757937587,0.0150754216056,0.0149903830404,1,1,949102848
indochina-2004,shared_b32_accurate_nozero,two_layer_e2e,mkl_bf16_inputs,724.375,0.229669433607,2.08711441894e-05,1.60726646194e-05,1,1,949102848
indochina-2004,shared_b32_accurate_nozero,two_layer_e2e,mkl_fp32,450472,114.872321925,0.010134966236,0.00989622400767,1,1,949102848
indochina-2004,shared_b64_fast_nozero,two_layer_e2e,mkl_bf16_inputs,241772,62.7703108621,0.00549586928762,0.00536451460963,1,1,949102848
indochina-2004,shared_b64_fast_nozero,two_layer_e2e,mkl_fp32,691972,175.103400563,0.0153549811536,0.0152016327741,1,1,949102848
indochina-2004,shared_b64_accurate_nozero,two_layer_e2e,mkl_bf16_inputs,566.625,0.221971272035,1.87110840104e-05,1.25724570698e-05,1,1,949102848
indochina-2004,shared_b64_accurate_nozero,two_layer_e2e,mkl_fp32,450632,114.89005986,0.0101364897038,0.00989973897828,1,1,949102848
indochina-2004,shared_bfull_fast_nozero,two_layer_e2e,mkl_bf16_inputs,315208,72.3428209817,0.0063745558128,0.00699393610953,1,1,949102848
indochina-2004,shared_bfull_fast_nozero,two_layer_e2e,mkl_fp32,760088,183.765543132,0.0160748261817,0.0166980436377,1,1,949102848
indochina-2004,shared_bfull_accurate_nozero,two_layer_e2e,mkl_bf16_inputs,1032,0.331520065279,2.7355871545e-05,2.2898346695e-05,1,1,949102848
indochina-2004,shared_bfull_accurate_nozero,two_layer_e2e,mkl_fp32,451640,114.977511703,0.0101448062853,0.00992188329313,1,1,949102848
