graph,method,layer,phase,sampled_thread_ms,sampled_tiles,wall_ms
com-Youtube,b2_fast,1,output_zero,0.0219345092773,279,90.9018516541
com-Youtube,b2_fast,1,row_schedule,0.0700950622559,279,90.9018516541
com-Youtube,b2_fast,1,partial_zero,2.35462188721,279,90.9018516541
com-Youtube,b2_fast,1,csr_prefetch,4.68277931213,279,90.9018516541
com-Youtube,b2_fast,1,feature_gather_decode,8.67819786072,279,90.9018516541
com-Youtube,b2_fast,1,fp32_neighbor_reduction,9.02366638184,279,90.9018516541
com-Youtube,b2_fast,1,partial_bf16_conversion,2.20012664795,279,90.9018516541
com-Youtube,b2_fast,1,tile_load,9.78565216064,279,90.9018516541
com-Youtube,b2_fast,1,tile_compute,13.3593082428,279,90.9018516541
com-Youtube,b2_fast,1,tile_store,1.6565322876,279,90.9018516541
com-Youtube,b2_fast,1,output_scatter,0.298500061035,279,90.9018516541
com-Youtube,b2_fast,1,thread_amx_setup,0.0364780426025,279,90.9018516541
com-Youtube,b2_fast,2,output_zero,0.000953674316406,279,90.7800197601
com-Youtube,b2_fast,2,row_schedule,0.0598430633545,279,90.7800197601
com-Youtube,b2_fast,2,partial_zero,2.35915184021,279,90.7800197601
com-Youtube,b2_fast,2,csr_prefetch,4.76551055908,279,90.7800197601
com-Youtube,b2_fast,2,feature_gather_decode,8.52823257446,279,90.7800197601
com-Youtube,b2_fast,2,fp32_neighbor_reduction,8.9955329895,279,90.7800197601
com-Youtube,b2_fast,2,partial_bf16_conversion,2.21014022827,279,90.7800197601
com-Youtube,b2_fast,2,tile_load,9.78398323059,279,90.7800197601
com-Youtube,b2_fast,2,tile_compute,12.9981040955,279,90.7800197601
com-Youtube,b2_fast,2,tile_store,1.5697479248,279,90.7800197601
com-Youtube,b2_fast,2,output_scatter,0.0500679016113,279,90.7800197601
com-Youtube,b2_fast,2,thread_amx_setup,0.0343322753906,279,90.7800197601
com-Youtube,b2_accurate,1,output_zero,0,279,123.17109108
com-Youtube,b2_accurate,1,row_schedule,0.0510215759277,279,123.17109108
com-Youtube,b2_accurate,1,partial_zero,2.53415107727,279,123.17109108
com-Youtube,b2_accurate,1,csr_prefetch,4.72521781921,279,123.17109108
com-Youtube,b2_accurate,1,feature_gather_decode,8.75520706177,279,123.17109108
com-Youtube,b2_accurate,1,fp32_neighbor_reduction,8.96430015564,279,123.17109108
com-Youtube,b2_accurate,1,partial_bf16_conversion,3.9381980896,279,123.17109108
com-Youtube,b2_accurate,1,tile_load,18.337726593,279,123.17109108
com-Youtube,b2_accurate,1,tile_compute,20.2958583832,279,123.17109108
com-Youtube,b2_accurate,1,tile_store,1.31440162659,279,123.17109108
com-Youtube,b2_accurate,1,output_scatter,0.287055969238,279,123.17109108
com-Youtube,b2_accurate,1,thread_amx_setup,0.0274181365967,279,123.17109108
com-Youtube,b2_accurate,2,output_zero,0,279,122.816085815
com-Youtube,b2_accurate,2,row_schedule,0.0605583190918,279,122.816085815
com-Youtube,b2_accurate,2,partial_zero,2.56395339966,279,122.816085815
com-Youtube,b2_accurate,2,csr_prefetch,4.65607643127,279,122.816085815
com-Youtube,b2_accurate,2,feature_gather_decode,8.70895385742,279,122.816085815
com-Youtube,b2_accurate,2,fp32_neighbor_reduction,8.82363319397,279,122.816085815
com-Youtube,b2_accurate,2,partial_bf16_conversion,3.90100479126,279,122.816085815
com-Youtube,b2_accurate,2,tile_load,18.1987285614,279,122.816085815
com-Youtube,b2_accurate,2,tile_compute,19.6313858032,279,122.816085815
com-Youtube,b2_accurate,2,tile_store,1.24549865723,279,122.816085815
com-Youtube,b2_accurate,2,output_scatter,0.0579357147217,279,122.816085815
com-Youtube,b2_accurate,2,thread_amx_setup,0.0405311584473,279,122.816085815
com-Youtube,b4_fast,1,output_zero,0,279,62.6921653748
com-Youtube,b4_fast,1,row_schedule,0.075101852417,279,62.6921653748
com-Youtube,b4_fast,1,partial_zero,1.27720832825,279,62.6921653748
com-Youtube,b4_fast,1,csr_prefetch,4.35495376587,279,62.6921653748
com-Youtube,b4_fast,1,feature_gather_decode,6.66689872742,279,62.6921653748
com-Youtube,b4_fast,1,fp32_neighbor_reduction,6.59608840942,279,62.6921653748
com-Youtube,b4_fast,1,partial_bf16_conversion,1.14130973816,279,62.6921653748
com-Youtube,b4_fast,1,tile_load,5.08546829224,279,62.6921653748
com-Youtube,b4_fast,1,tile_compute,7.159948349,279,62.6921653748
com-Youtube,b4_fast,1,tile_store,0.80680847168,279,62.6921653748
com-Youtube,b4_fast,1,output_scatter,0.284910202026,279,62.6921653748
com-Youtube,b4_fast,1,thread_amx_setup,0.0338554382324,279,62.6921653748
com-Youtube,b4_fast,2,output_zero,0,279,60.9049797058
com-Youtube,b4_fast,2,row_schedule,0.0782012939453,279,60.9049797058
com-Youtube,b4_fast,2,partial_zero,1.26051902771,279,60.9049797058
com-Youtube,b4_fast,2,csr_prefetch,4.31227684021,279,60.9049797058
com-Youtube,b4_fast,2,feature_gather_decode,6.5004825592,279,60.9049797058
com-Youtube,b4_fast,2,fp32_neighbor_reduction,6.50501251221,279,60.9049797058
com-Youtube,b4_fast,2,partial_bf16_conversion,1.13701820374,279,60.9049797058
com-Youtube,b4_fast,2,tile_load,5.19847869873,279,60.9049797058
com-Youtube,b4_fast,2,tile_compute,7.07912445068,279,60.9049797058
com-Youtube,b4_fast,2,tile_store,0.792980194092,279,60.9049797058
com-Youtube,b4_fast,2,output_scatter,0.0557899475098,279,60.9049797058
com-Youtube,b4_fast,2,thread_amx_setup,0.0309944152832,279,60.9049797058
com-Youtube,b4_accurate,1,output_zero,0,279,78.1590938568
com-Youtube,b4_accurate,1,row_schedule,0.0479221343994,279,78.1590938568
com-Youtube,b4_accurate,1,partial_zero,1.30128860474,279,78.1590938568
com-Youtube,b4_accurate,1,csr_prefetch,4.2097568512,279,78.1590938568
com-Youtube,b4_accurate,1,feature_gather_decode,6.4594745636,279,78.1590938568
com-Youtube,b4_accurate,1,fp32_neighbor_reduction,6.66737556458,279,78.1590938568
com-Youtube,b4_accurate,1,partial_bf16_conversion,2.03561782837,279,78.1590938568
com-Youtube,b4_accurate,1,tile_load,9.5546245575,279,78.1590938568
com-Youtube,b4_accurate,1,tile_compute,10.4990005493,279,78.1590938568
com-Youtube,b4_accurate,1,tile_store,0.71382522583,279,78.1590938568
com-Youtube,b4_accurate,1,output_scatter,0.296831130981,279,78.1590938568
com-Youtube,b4_accurate,1,thread_amx_setup,0.0286102294922,279,78.1590938568
com-Youtube,b4_accurate,2,output_zero,0,279,75.425863266
com-Youtube,b4_accurate,2,row_schedule,0.0548362731934,279,75.425863266
com-Youtube,b4_accurate,2,partial_zero,1.24430656433,279,75.425863266
com-Youtube,b4_accurate,2,csr_prefetch,4.33731079102,279,75.425863266
com-Youtube,b4_accurate,2,feature_gather_decode,6.56867027283,279,75.425863266
com-Youtube,b4_accurate,2,fp32_neighbor_reduction,6.48999214172,279,75.425863266
com-Youtube,b4_accurate,2,partial_bf16_conversion,1.948595047,279,75.425863266
com-Youtube,b4_accurate,2,tile_load,9.6480846405,279,75.425863266
com-Youtube,b4_accurate,2,tile_compute,10.374546051,279,75.425863266
com-Youtube,b4_accurate,2,tile_store,0.650405883789,279,75.425863266
com-Youtube,b4_accurate,2,output_scatter,0.0550746917725,279,75.425863266
com-Youtube,b4_accurate,2,thread_amx_setup,0.028133392334,279,75.425863266
com-Youtube,b8_fast,1,output_zero,0,279,46.0300445557
com-Youtube,b8_fast,1,row_schedule,0.0743865966797,279,46.0300445557
com-Youtube,b8_fast,1,partial_zero,0.699758529663,279,46.0300445557
com-Youtube,b8_fast,1,csr_prefetch,4.20069694519,279,46.0300445557
com-Youtube,b8_fast,1,feature_gather_decode,6.17337226868,279,46.0300445557
com-Youtube,b8_fast,1,fp32_neighbor_reduction,5.19347190857,279,46.0300445557
com-Youtube,b8_fast,1,partial_bf16_conversion,0.564575195312,279,46.0300445557
com-Youtube,b8_fast,1,tile_load,2.94184684753,279,46.0300445557
com-Youtube,b8_fast,1,tile_compute,3.94177436829,279,46.0300445557
com-Youtube,b8_fast,1,tile_store,0.419616699219,279,46.0300445557
com-Youtube,b8_fast,1,output_scatter,0.29468536377,279,46.0300445557
com-Youtube,b8_fast,1,thread_amx_setup,0.0331401824951,279,46.0300445557
com-Youtube,b8_fast,2,output_zero,0,279,45.2990531921
com-Youtube,b8_fast,2,row_schedule,0.053882598877,279,45.2990531921
com-Youtube,b8_fast,2,partial_zero,0.708341598511,279,45.2990531921
com-Youtube,b8_fast,2,csr_prefetch,4.32515144348,279,45.2990531921
com-Youtube,b8_fast,2,feature_gather_decode,5.97739219666,279,45.2990531921
com-Youtube,b8_fast,2,fp32_neighbor_reduction,5.55014610291,279,45.2990531921
com-Youtube,b8_fast,2,partial_bf16_conversion,0.59962272644,279,45.2990531921
com-Youtube,b8_fast,2,tile_load,2.83193588257,279,45.2990531921
com-Youtube,b8_fast,2,tile_compute,3.91888618469,279,45.2990531921
com-Youtube,b8_fast,2,tile_store,0.391244888306,279,45.2990531921
com-Youtube,b8_fast,2,output_scatter,0.0534057617188,279,45.2990531921
com-Youtube,b8_fast,2,thread_amx_setup,0.0276565551758,279,45.2990531921
com-Youtube,b8_accurate,1,output_zero,0,279,55.7548999786
com-Youtube,b8_accurate,1,row_schedule,0.0622272491455,279,55.7548999786
com-Youtube,b8_accurate,1,partial_zero,0.656843185425,279,55.7548999786
com-Youtube,b8_accurate,1,csr_prefetch,4.37211990356,279,55.7548999786
com-Youtube,b8_accurate,1,feature_gather_decode,5.98406791687,279,55.7548999786
com-Youtube,b8_accurate,1,fp32_neighbor_reduction,5.3858757019,279,55.7548999786
com-Youtube,b8_accurate,1,partial_bf16_conversion,1.04165077209,279,55.7548999786
com-Youtube,b8_accurate,1,tile_load,5.16605377197,279,55.7548999786
com-Youtube,b8_accurate,1,tile_compute,5.81431388855,279,55.7548999786
com-Youtube,b8_accurate,1,tile_store,0.357389450073,279,55.7548999786
com-Youtube,b8_accurate,1,output_scatter,0.286817550659,279,55.7548999786
com-Youtube,b8_accurate,1,thread_amx_setup,0.028133392334,279,55.7548999786
com-Youtube,b8_accurate,2,output_zero,0,279,54.1739463806
com-Youtube,b8_accurate,2,row_schedule,0.0669956207275,279,54.1739463806
com-Youtube,b8_accurate,2,partial_zero,0.654458999634,279,54.1739463806
com-Youtube,b8_accurate,2,csr_prefetch,4.34279441833,279,54.1739463806
com-Youtube,b8_accurate,2,feature_gather_decode,6.05869293213,279,54.1739463806
com-Youtube,b8_accurate,2,fp32_neighbor_reduction,5.26928901672,279,54.1739463806
com-Youtube,b8_accurate,2,partial_bf16_conversion,1.04403495789,279,54.1739463806
com-Youtube,b8_accurate,2,tile_load,5.07283210754,279,54.1739463806
com-Youtube,b8_accurate,2,tile_compute,5.81407546997,279,54.1739463806
com-Youtube,b8_accurate,2,tile_store,0.375747680664,279,54.1739463806
com-Youtube,b8_accurate,2,output_scatter,0.051736831665,279,54.1739463806
com-Youtube,b8_accurate,2,thread_amx_setup,0.0288486480713,279,54.1739463806
com-Youtube,b16_fast,1,output_zero,0.000953674316406,279,40.088891983
com-Youtube,b16_fast,1,row_schedule,0.0734329223633,279,40.088891983
com-Youtube,b16_fast,1,partial_zero,0.362873077393,279,40.088891983
com-Youtube,b16_fast,1,csr_prefetch,4.23622131348,279,40.088891983
com-Youtube,b16_fast,1,feature_gather_decode,5.60808181763,279,40.088891983
com-Youtube,b16_fast,1,fp32_neighbor_reduction,4.60982322693,279,40.088891983
com-Youtube,b16_fast,1,partial_bf16_conversion,0.344276428223,279,40.088891983
com-Youtube,b16_fast,1,tile_load,1.58214569092,279,40.088891983
com-Youtube,b16_fast,1,tile_compute,2.45332717896,279,40.088891983
com-Youtube,b16_fast,1,tile_store,0.247478485107,279,40.088891983
com-Youtube,b16_fast,1,output_scatter,0.292301177979,279,40.088891983
com-Youtube,b16_fast,1,thread_amx_setup,0.0276565551758,279,40.088891983
com-Youtube,b16_fast,2,output_zero,0,279,37.2729301453
com-Youtube,b16_fast,2,row_schedule,0.0476837158203,279,37.2729301453
com-Youtube,b16_fast,2,partial_zero,0.391244888306,279,37.2729301453
com-Youtube,b16_fast,2,csr_prefetch,4.27436828613,279,37.2729301453
com-Youtube,b16_fast,2,feature_gather_decode,5.64527511597,279,37.2729301453
com-Youtube,b16_fast,2,fp32_neighbor_reduction,4.66632843018,279,37.2729301453
com-Youtube,b16_fast,2,partial_bf16_conversion,0.298500061035,279,37.2729301453
com-Youtube,b16_fast,2,tile_load,1.64270401001,279,37.2729301453
com-Youtube,b16_fast,2,tile_compute,2.44784355164,279,37.2729301453
com-Youtube,b16_fast,2,tile_store,0.243425369263,279,37.2729301453
com-Youtube,b16_fast,2,output_scatter,0.0488758087158,279,37.2729301453
com-Youtube,b16_fast,2,thread_amx_setup,0.0331401824951,279,37.2729301453
com-Youtube,b16_accurate,1,output_zero,0,279,44.8830127716
com-Youtube,b16_accurate,1,row_schedule,0.051736831665,279,44.8830127716
com-Youtube,b16_accurate,1,partial_zero,0.399827957153,279,44.8830127716
com-Youtube,b16_accurate,1,csr_prefetch,4.29821014404,279,44.8830127716
com-Youtube,b16_accurate,1,feature_gather_decode,5.610704422,279,44.8830127716
com-Youtube,b16_accurate,1,fp32_neighbor_reduction,4.85396385193,279,44.8830127716
com-Youtube,b16_accurate,1,partial_bf16_conversion,0.590801239014,279,44.8830127716
com-Youtube,b16_accurate,1,tile_load,2.81524658203,279,44.8830127716
com-Youtube,b16_accurate,1,tile_compute,3.51119041443,279,44.8830127716
com-Youtube,b16_accurate,1,tile_store,0.193357467651,279,44.8830127716
com-Youtube,b16_accurate,1,output_scatter,0.297546386719,279,44.8830127716
com-Youtube,b16_accurate,1,thread_amx_setup,0.0286102294922,279,44.8830127716
com-Youtube,b16_accurate,2,output_zero,0,279,42.867898941
com-Youtube,b16_accurate,2,row_schedule,0.0486373901367,279,42.867898941
com-Youtube,b16_accurate,2,partial_zero,0.393867492676,279,42.867898941
com-Youtube,b16_accurate,2,csr_prefetch,4.36067581177,279,42.867898941
com-Youtube,b16_accurate,2,feature_gather_decode,5.54180145264,279,42.867898941
com-Youtube,b16_accurate,2,fp32_neighbor_reduction,4.72855567932,279,42.867898941
com-Youtube,b16_accurate,2,partial_bf16_conversion,0.54144859314,279,42.867898941
com-Youtube,b16_accurate,2,tile_load,2.88200378418,279,42.867898941
com-Youtube,b16_accurate,2,tile_compute,3.41653823853,279,42.867898941
com-Youtube,b16_accurate,2,tile_store,0.199794769287,279,42.867898941
com-Youtube,b16_accurate,2,output_scatter,0.0443458557129,279,42.867898941
com-Youtube,b16_accurate,2,thread_amx_setup,0.0326633453369,279,42.867898941
com-Youtube,b32_fast,1,output_zero,0,279,36.4260673523
com-Youtube,b32_fast,1,row_schedule,0.0851154327393,279,36.4260673523
com-Youtube,b32_fast,1,partial_zero,0.244140625,279,36.4260673523
com-Youtube,b32_fast,1,csr_prefetch,4.13370132446,279,36.4260673523
com-Youtube,b32_fast,1,feature_gather_decode,5.43594360352,279,36.4260673523
com-Youtube,b32_fast,1,fp32_neighbor_reduction,4.35304641724,279,36.4260673523
com-Youtube,b32_fast,1,partial_bf16_conversion,0.209093093872,279,36.4260673523
com-Youtube,b32_fast,1,tile_load,1.00135803223,279,36.4260673523
com-Youtube,b32_fast,1,tile_compute,1.62100791931,279,36.4260673523
com-Youtube,b32_fast,1,tile_store,0.125408172607,279,36.4260673523
com-Youtube,b32_fast,1,output_scatter,0.294923782349,279,36.4260673523
com-Youtube,b32_fast,1,thread_amx_setup,0.0271797180176,279,36.4260673523
com-Youtube,b32_fast,2,output_zero,0,279,34.1699123383
com-Youtube,b32_fast,2,row_schedule,0.0431537628174,279,34.1699123383
com-Youtube,b32_fast,2,partial_zero,0.234842300415,279,34.1699123383
com-Youtube,b32_fast,2,csr_prefetch,4.22644615173,279,34.1699123383
com-Youtube,b32_fast,2,feature_gather_decode,5.34057617188,279,34.1699123383
com-Youtube,b32_fast,2,fp32_neighbor_reduction,4.33802604675,279,34.1699123383
com-Youtube,b32_fast,2,partial_bf16_conversion,0.190734863281,279,34.1699123383
com-Youtube,b32_fast,2,tile_load,0.986576080322,279,34.1699123383
com-Youtube,b32_fast,2,tile_compute,1.50942802429,279,34.1699123383
com-Youtube,b32_fast,2,tile_store,0.165224075317,279,34.1699123383
com-Youtube,b32_fast,2,output_scatter,0.0536441802979,279,34.1699123383
com-Youtube,b32_fast,2,thread_amx_setup,0.0343322753906,279,34.1699123383
com-Youtube,b32_accurate,1,output_zero,0,279,38.5100841522
com-Youtube,b32_accurate,1,row_schedule,0.0410079956055,279,38.5100841522
com-Youtube,b32_accurate,1,partial_zero,0.250339508057,279,38.5100841522
com-Youtube,b32_accurate,1,csr_prefetch,4.32276725769,279,38.5100841522
com-Youtube,b32_accurate,1,feature_gather_decode,5.42831420898,279,38.5100841522
com-Youtube,b32_accurate,1,fp32_neighbor_reduction,4.37808036804,279,38.5100841522
com-Youtube,b32_accurate,1,partial_bf16_conversion,0.335216522217,279,38.5100841522
com-Youtube,b32_accurate,1,tile_load,1.79076194763,279,38.5100841522
com-Youtube,b32_accurate,1,tile_compute,2.27332115173,279,38.5100841522
com-Youtube,b32_accurate,1,tile_store,0.124454498291,279,38.5100841522
com-Youtube,b32_accurate,1,output_scatter,0.296831130981,279,38.5100841522
com-Youtube,b32_accurate,1,thread_amx_setup,0.0543594360352,279,38.5100841522
com-Youtube,b32_accurate,2,output_zero,0,279,37.1360778809
com-Youtube,b32_accurate,2,row_schedule,0.0655651092529,279,37.1360778809
com-Youtube,b32_accurate,2,partial_zero,0.247955322266,279,37.1360778809
com-Youtube,b32_accurate,2,csr_prefetch,4.29606437683,279,37.1360778809
com-Youtube,b32_accurate,2,feature_gather_decode,5.46288490295,279,37.1360778809
com-Youtube,b32_accurate,2,fp32_neighbor_reduction,4.3306350708,279,37.1360778809
com-Youtube,b32_accurate,2,partial_bf16_conversion,0.302791595459,279,37.1360778809
com-Youtube,b32_accurate,2,tile_load,1.79624557495,279,37.1360778809
com-Youtube,b32_accurate,2,tile_compute,2.30097770691,279,37.1360778809
com-Youtube,b32_accurate,2,tile_store,0.138521194458,279,37.1360778809
com-Youtube,b32_accurate,2,output_scatter,0.0510215759277,279,37.1360778809
com-Youtube,b32_accurate,2,thread_amx_setup,0.0267028808594,279,37.1360778809
com-Youtube,b64_fast,1,output_zero,0,279,34.4381332397
com-Youtube,b64_fast,1,row_schedule,0.0741481781006,279,34.4381332397
com-Youtube,b64_fast,1,partial_zero,0.15926361084,279,34.4381332397
com-Youtube,b64_fast,1,csr_prefetch,4.16707992554,279,34.4381332397
com-Youtube,b64_fast,1,feature_gather_decode,5.22208213806,279,34.4381332397
com-Youtube,b64_fast,1,fp32_neighbor_reduction,4.19020652771,279,34.4381332397
com-Youtube,b64_fast,1,partial_bf16_conversion,0.121593475342,279,34.4381332397
com-Youtube,b64_fast,1,tile_load,0.673770904541,279,34.4381332397
com-Youtube,b64_fast,1,tile_compute,1.12199783325,279,34.4381332397
com-Youtube,b64_fast,1,tile_store,0.0872611999512,279,34.4381332397
com-Youtube,b64_fast,1,output_scatter,0.316381454468,279,34.4381332397
com-Youtube,b64_fast,1,thread_amx_setup,0.030517578125,279,34.4381332397
com-Youtube,b64_fast,2,output_zero,0,279,33.2028865814
com-Youtube,b64_fast,2,row_schedule,0.0598430633545,279,33.2028865814
com-Youtube,b64_fast,2,partial_zero,0.17261505127,279,33.2028865814
com-Youtube,b64_fast,2,csr_prefetch,4.2417049408,279,33.2028865814
com-Youtube,b64_fast,2,feature_gather_decode,5.25188446045,279,33.2028865814
com-Youtube,b64_fast,2,fp32_neighbor_reduction,4.13084030151,279,33.2028865814
com-Youtube,b64_fast,2,partial_bf16_conversion,0.120162963867,279,33.2028865814
com-Youtube,b64_fast,2,tile_load,0.680446624756,279,33.2028865814
com-Youtube,b64_fast,2,tile_compute,1.18350982666,279,33.2028865814
com-Youtube,b64_fast,2,tile_store,0.0984668731689,279,33.2028865814
com-Youtube,b64_fast,2,output_scatter,0.0436305999756,279,33.2028865814
com-Youtube,b64_fast,2,thread_amx_setup,0.0336170196533,279,33.2028865814
com-Youtube,b64_accurate,1,output_zero,0,279,36.0908508301
com-Youtube,b64_accurate,1,row_schedule,0.0483989715576,279,36.0908508301
com-Youtube,b64_accurate,1,partial_zero,0.17261505127,279,36.0908508301
com-Youtube,b64_accurate,1,csr_prefetch,4.28199768066,279,36.0908508301
com-Youtube,b64_accurate,1,feature_gather_decode,5.39207458496,279,36.0908508301
com-Youtube,b64_accurate,1,fp32_neighbor_reduction,4.19664382935,279,36.0908508301
com-Youtube,b64_accurate,1,partial_bf16_conversion,0.194549560547,279,36.0908508301
com-Youtube,b64_accurate,1,tile_load,1.17659568787,279,36.0908508301
com-Youtube,b64_accurate,1,tile_compute,1.55138969421,279,36.0908508301
com-Youtube,b64_accurate,1,tile_store,0.0982284545898,279,36.0908508301
com-Youtube,b64_accurate,1,output_scatter,0.316143035889,279,36.0908508301
com-Youtube,b64_accurate,1,thread_amx_setup,0.0360012054443,279,36.0908508301
com-Youtube,b64_accurate,2,output_zero,0,279,34.5709323883
com-Youtube,b64_accurate,2,row_schedule,0.0576972961426,279,34.5709323883
com-Youtube,b64_accurate,2,partial_zero,0.168800354004,279,34.5709323883
com-Youtube,b64_accurate,2,csr_prefetch,4.20689582825,279,34.5709323883
com-Youtube,b64_accurate,2,feature_gather_decode,5.22804260254,279,34.5709323883
com-Youtube,b64_accurate,2,fp32_neighbor_reduction,4.19974327087,279,34.5709323883
com-Youtube,b64_accurate,2,partial_bf16_conversion,0.197649002075,279,34.5709323883
com-Youtube,b64_accurate,2,tile_load,1.10960006714,279,34.5709323883
com-Youtube,b64_accurate,2,tile_compute,1.66440010071,279,34.5709323883
com-Youtube,b64_accurate,2,tile_store,0.0810623168945,279,34.5709323883
com-Youtube,b64_accurate,2,output_scatter,0.0584125518799,279,34.5709323883
com-Youtube,b64_accurate,2,thread_amx_setup,0.0324249267578,279,34.5709323883
com-Youtube,bfull_fast,1,output_zero,0,279,31.0840606689
com-Youtube,bfull_fast,1,row_schedule,0.0536441802979,279,31.0840606689
com-Youtube,bfull_fast,1,partial_zero,0.0784397125244,279,31.0840606689
com-Youtube,bfull_fast,1,csr_prefetch,3.98826599121,279,31.0840606689
com-Youtube,bfull_fast,1,feature_gather_decode,5.038022995,279,31.0840606689
com-Youtube,bfull_fast,1,fp32_neighbor_reduction,3.73649597168,279,31.0840606689
com-Youtube,bfull_fast,1,partial_bf16_conversion,0.053882598877,279,31.0840606689
com-Youtube,bfull_fast,1,tile_load,0.346183776855,279,31.0840606689
com-Youtube,bfull_fast,1,tile_compute,0.708103179932,279,31.0840606689
com-Youtube,bfull_fast,1,tile_store,0.0348091125488,279,31.0840606689
com-Youtube,bfull_fast,1,output_scatter,0.308275222778,279,31.0840606689
com-Youtube,bfull_fast,1,thread_amx_setup,0.0319480895996,279,31.0840606689
com-Youtube,bfull_fast,2,output_zero,0,279,29.7927856445
com-Youtube,bfull_fast,2,row_schedule,0.0481605529785,279,29.7927856445
com-Youtube,bfull_fast,2,partial_zero,0.0996589660645,279,29.7927856445
com-Youtube,bfull_fast,2,csr_prefetch,3.99589538574,279,29.7927856445
com-Youtube,bfull_fast,2,feature_gather_decode,5.0630569458,279,29.7927856445
com-Youtube,bfull_fast,2,fp32_neighbor_reduction,3.82900238037,279,29.7927856445
com-Youtube,bfull_fast,2,partial_bf16_conversion,0.042200088501,279,29.7927856445
com-Youtube,bfull_fast,2,tile_load,0.275373458862,279,29.7927856445
com-Youtube,bfull_fast,2,tile_compute,0.789642333984,279,29.7927856445
com-Youtube,bfull_fast,2,tile_store,0.0450611114502,279,29.7927856445
com-Youtube,bfull_fast,2,output_scatter,0.0555515289307,279,29.7927856445
com-Youtube,bfull_fast,2,thread_amx_setup,0.0336170196533,279,29.7927856445
com-Youtube,bfull_accurate,1,output_zero,0,279,32.6199531555
com-Youtube,bfull_accurate,1,row_schedule,0.0555515289307,279,32.6199531555
com-Youtube,bfull_accurate,1,partial_zero,0.0908374786377,279,32.6199531555
com-Youtube,bfull_accurate,1,csr_prefetch,4.07958030701,279,32.6199531555
com-Youtube,bfull_accurate,1,feature_gather_decode,5.33294677734,279,32.6199531555
com-Youtube,bfull_accurate,1,fp32_neighbor_reduction,3.77607345581,279,32.6199531555
com-Youtube,bfull_accurate,1,partial_bf16_conversion,0.0813007354736,279,32.6199531555
com-Youtube,bfull_accurate,1,tile_load,0.553846359253,279,32.6199531555
com-Youtube,bfull_accurate,1,tile_compute,0.862598419189,279,32.6199531555
com-Youtube,bfull_accurate,1,tile_store,0.0360012054443,279,32.6199531555
com-Youtube,bfull_accurate,1,output_scatter,0.30517578125,279,32.6199531555
com-Youtube,bfull_accurate,1,thread_amx_setup,0.035285949707,279,32.6199531555
com-Youtube,bfull_accurate,2,output_zero,0,279,30.524969101
com-Youtube,bfull_accurate,2,row_schedule,0.0545978546143,279,30.524969101
com-Youtube,bfull_accurate,2,partial_zero,0.086784362793,279,30.524969101
com-Youtube,bfull_accurate,2,csr_prefetch,4.10318374634,279,30.524969101
com-Youtube,bfull_accurate,2,feature_gather_decode,4.99701499939,279,30.524969101
com-Youtube,bfull_accurate,2,fp32_neighbor_reduction,3.86095046997,279,30.524969101
com-Youtube,bfull_accurate,2,partial_bf16_conversion,0.0829696655273,279,30.524969101
com-Youtube,bfull_accurate,2,tile_load,0.557899475098,279,30.524969101
com-Youtube,bfull_accurate,2,tile_compute,0.980138778687,279,30.524969101
com-Youtube,bfull_accurate,2,tile_store,0.0264644622803,279,30.524969101
com-Youtube,bfull_accurate,2,output_scatter,0.0615119934082,279,30.524969101
com-Youtube,bfull_accurate,2,thread_amx_setup,0.0462532043457,279,30.524969101
