graph,method,kind,repeat,ms,layer1_ms,activation_conversion_ms,layer2_ms
regular-n17-q0,mkl_fp32,kernel_warmup,-1,0.0150203704834,0,0,0
regular-n17-q0,mkl_bf16_inputs,kernel_warmup,-1,0.00691413879395,0,0,0
regular-n17-q0,original,kernel_warmup,-1,0.018835067749,0,0,0
regular-n17-q0,original_nozero,kernel_warmup,-1,0.0138282775879,0,0,0
regular-n17-q0,shared_b1_fast_nozero,kernel_warmup,-1,0.00309944152832,0,0,0
regular-n17-q0,shared_b1_accurate_nozero,kernel_warmup,-1,0.00309944152832,0,0,0
regular-n17-q0,shared_b2_fast_nozero,kernel_warmup,-1,0.00286102294922,0,0,0
regular-n17-q0,shared_b2_accurate_nozero,kernel_warmup,-1,0.00286102294922,0,0,0
regular-n17-q0,shared_b4_fast_nozero,kernel_warmup,-1,0.00309944152832,0,0,0
regular-n17-q0,shared_b4_accurate_nozero,kernel_warmup,-1,0.00286102294922,0,0,0
regular-n17-q0,shared_b8_fast_nozero,kernel_warmup,-1,0.00309944152832,0,0,0
regular-n17-q0,shared_b8_accurate_nozero,kernel_warmup,-1,0.00309944152832,0,0,0
regular-n17-q0,replay_b8_fast_nozero,kernel_warmup,-1,0.00500679016113,0,0,0
regular-n17-q0,shared_b16_fast_nozero,kernel_warmup,-1,0.00286102294922,0,0,0
regular-n17-q0,shared_b16_accurate_nozero,kernel_warmup,-1,0.00405311584473,0,0,0
regular-n17-q0,shared_b32_fast_nozero,kernel_warmup,-1,0.00309944152832,0,0,0
regular-n17-q0,shared_b32_accurate_nozero,kernel_warmup,-1,0.00309944152832,0,0,0
regular-n17-q0,replay_b32_fast_nozero,kernel_warmup,-1,0.00500679016113,0,0,0
regular-n17-q0,shared_b64_fast_nozero,kernel_warmup,-1,0.00500679016113,0,0,0
regular-n17-q0,shared_b64_accurate_nozero,kernel_warmup,-1,0.00286102294922,0,0,0
regular-n17-q0,shared_bfull_fast_nozero,kernel_warmup,-1,0.00309944152832,0,0,0
regular-n17-q0,shared_bfull_accurate_nozero,kernel_warmup,-1,0.00405311584473,0,0,0
regular-n17-q0,replay_bfull_fast_nozero,kernel_warmup,-1,0.00500679016113,0,0,0
regular-n17-q0,mkl_bf16_inputs,kernel,0,0.00786781311035,0,0,0
regular-n17-q0,original,kernel,0,0.00405311584473,0,0,0
regular-n17-q0,original_nozero,kernel,0,0.00214576721191,0,0,0
regular-n17-q0,shared_b1_fast_nozero,kernel,0,0.00309944152832,0,0,0
regular-n17-q0,shared_b1_accurate_nozero,kernel,0,0.00214576721191,0,0,0
regular-n17-q0,shared_b2_fast_nozero,kernel,0,0.00190734863281,0,0,0
regular-n17-q0,shared_b2_accurate_nozero,kernel,0,0.00190734863281,0,0,0
regular-n17-q0,shared_b4_fast_nozero,kernel,0,0.00190734863281,0,0,0
regular-n17-q0,shared_b4_accurate_nozero,kernel,0,0.00214576721191,0,0,0
regular-n17-q0,shared_b8_fast_nozero,kernel,0,0.00309944152832,0,0,0
regular-n17-q0,shared_b8_accurate_nozero,kernel,0,0.00286102294922,0,0,0
regular-n17-q0,replay_b8_fast_nozero,kernel,0,0.00214576721191,0,0,0
regular-n17-q0,shared_b16_fast_nozero,kernel,0,0.00214576721191,0,0,0
regular-n17-q0,shared_b16_accurate_nozero,kernel,0,0.00309944152832,0,0,0
regular-n17-q0,shared_b32_fast_nozero,kernel,0,0.00405311584473,0,0,0
regular-n17-q0,shared_b32_accurate_nozero,kernel,0,0.00190734863281,0,0,0
regular-n17-q0,replay_b32_fast_nozero,kernel,0,0.00190734863281,0,0,0
regular-n17-q0,shared_b64_fast_nozero,kernel,0,0.00214576721191,0,0,0
regular-n17-q0,shared_b64_accurate_nozero,kernel,0,0.00190734863281,0,0,0
regular-n17-q0,shared_bfull_fast_nozero,kernel,0,0.00286102294922,0,0,0
regular-n17-q0,shared_bfull_accurate_nozero,kernel,0,0.00214576721191,0,0,0
regular-n17-q0,replay_bfull_fast_nozero,kernel,0,0.00190734863281,0,0,0
regular-n17-q0,mkl_fp32,kernel,0,0.00596046447754,0,0,0
regular-n17-q0,mkl_fp32,e2e_warmup,-1,0.0159740447998,0.00596046447754,0.00214576721191,0.00786781311035
regular-n17-q0,mkl_bf16_inputs,e2e_warmup,-1,0.0169277191162,0.00691413879395,0.00214576721191,0.00786781311035
regular-n17-q0,original,e2e_warmup,-1,0.0150203704834,0.00619888305664,0.00286102294922,0.00596046447754
regular-n17-q0,original_nozero,e2e_warmup,-1,0.0109672546387,0.00405311584473,0.00190734863281,0.00500679016113
regular-n17-q0,shared_b1_fast_nozero,e2e_warmup,-1,0.00905990600586,0.00309944152832,0.00286102294922,0.00309944152832
regular-n17-q0,shared_b1_accurate_nozero,e2e_warmup,-1,0.00810623168945,0.00309944152832,0.00190734863281,0.00309944152832
regular-n17-q0,shared_b2_fast_nozero,e2e_warmup,-1,0.00810623168945,0.00309944152832,0.00190734863281,0.00309944152832
regular-n17-q0,shared_b2_accurate_nozero,e2e_warmup,-1,0.00786781311035,0.00286102294922,0.00214576721191,0.00286102294922
regular-n17-q0,shared_b4_fast_nozero,e2e_warmup,-1,0.00691413879395,0.00190734863281,0.00309944152832,0.00190734863281
regular-n17-q0,shared_b4_accurate_nozero,e2e_warmup,-1,0.00810623168945,0.00309944152832,0.00190734863281,0.00309944152832
regular-n17-q0,shared_b8_fast_nozero,e2e_warmup,-1,0.00810623168945,0.00309944152832,0.00286102294922,0.00214576721191
regular-n17-q0,shared_b8_accurate_nozero,e2e_warmup,-1,0.00691413879395,0.00190734863281,0.00309944152832,0.00190734863281
regular-n17-q0,replay_b8_fast_nozero,e2e_warmup,-1,0.00882148742676,0.00381469726562,0.00309944152832,0.00190734863281
regular-n17-q0,shared_b16_fast_nozero,e2e_warmup,-1,0.00786781311035,0.00286102294922,0.00214576721191,0.00286102294922
regular-n17-q0,shared_b16_accurate_nozero,e2e_warmup,-1,0.00715255737305,0.00309944152832,0.00190734863281,0.00214576721191
regular-n17-q0,shared_b32_fast_nozero,e2e_warmup,-1,0.00691413879395,0.00190734863281,0.00309944152832,0.00190734863281
regular-n17-q0,shared_b32_accurate_nozero,e2e_warmup,-1,0.00786781311035,0.00286102294922,0.00309944152832,0.00190734863281
regular-n17-q0,replay_b32_fast_nozero,e2e_warmup,-1,0.00882148742676,0.00381469726562,0.00309944152832,0.00190734863281
regular-n17-q0,shared_b64_fast_nozero,e2e_warmup,-1,0.00691413879395,0.00286102294922,0.00214576721191,0.00190734863281
regular-n17-q0,shared_b64_accurate_nozero,e2e_warmup,-1,0.00715255737305,0.00309944152832,0.00190734863281,0.00214576721191
regular-n17-q0,shared_bfull_fast_nozero,e2e_warmup,-1,0.00596046447754,0.00190734863281,0.00214576721191,0.00190734863281
regular-n17-q0,shared_bfull_accurate_nozero,e2e_warmup,-1,0.00786781311035,0.00286102294922,0.00214576721191,0.00286102294922
regular-n17-q0,replay_bfull_fast_nozero,e2e_warmup,-1,0.00905990600586,0.00500679016113,0.00214576721191,0.00190734863281
regular-n17-q0,mkl_bf16_inputs,e2e,0,0.0150203704834,0.00619888305664,0.00190734863281,0.00691413879395
regular-n17-q0,original,e2e,0,0.0100135803223,0.00405311584473,0.00309944152832,0.00286102294922
regular-n17-q0,original_nozero,e2e,0,0.00882148742676,0.00500679016113,0.00190734863281,0.00190734863281
regular-n17-q0,shared_b1_fast_nozero,e2e,0,0.00691413879395,0.00309944152832,0.00190734863281,0.00190734863281
regular-n17-q0,shared_b1_accurate_nozero,e2e,0,0.00810623168945,0.00309944152832,0.00190734863281,0.00309944152832
regular-n17-q0,shared_b2_fast_nozero,e2e,0,0.00691413879395,0.00190734863281,0.00309944152832,0.00190734863281
regular-n17-q0,shared_b2_accurate_nozero,e2e,0,0.00810623168945,0.00190734863281,0.00309944152832,0.00309944152832
regular-n17-q0,shared_b4_fast_nozero,e2e,0,0.00715255737305,0.00214576721191,0.00190734863281,0.00309944152832
regular-n17-q0,shared_b4_accurate_nozero,e2e,0,0.00810623168945,0.00309944152832,0.00190734863281,0.00309944152832
regular-n17-q0,shared_b8_fast_nozero,e2e,0,0.00810623168945,0.00309944152832,0.00286102294922,0.00214576721191
regular-n17-q0,shared_b8_accurate_nozero,e2e,0,0.00691413879395,0.00190734863281,0.00309944152832,0.00190734863281
regular-n17-q0,replay_b8_fast_nozero,e2e,0,0.0100135803223,0.00405311584473,0.00190734863281,0.00405311584473
regular-n17-q0,shared_b16_fast_nozero,e2e,0,0.00715255737305,0.00214576721191,0.00286102294922,0.00214576721191
regular-n17-q0,shared_b16_accurate_nozero,e2e,0,0.00715255737305,0.00214576721191,0.00190734863281,0.00309944152832
regular-n17-q0,shared_b32_fast_nozero,e2e,0,0.00810623168945,0.00214576721191,0.00286102294922,0.00309944152832
regular-n17-q0,shared_b32_accurate_nozero,e2e,0,0.00810623168945,0.00309944152832,0.00190734863281,0.00309944152832
regular-n17-q0,replay_b32_fast_nozero,e2e,0,0.00905990600586,0.00405311584473,0.00309944152832,0.00190734863281
regular-n17-q0,shared_b64_fast_nozero,e2e,0,0.00691413879395,0.00190734863281,0.00309944152832,0.00190734863281
regular-n17-q0,shared_b64_accurate_nozero,e2e,0,0.00691413879395,0.00190734863281,0.00286102294922,0.00214576721191
regular-n17-q0,shared_bfull_fast_nozero,e2e,0,0.00810623168945,0.00309944152832,0.00190734863281,0.00309944152832
regular-n17-q0,shared_bfull_accurate_nozero,e2e,0,0.00786781311035,0.00286102294922,0.00214576721191,0.00286102294922
regular-n17-q0,replay_bfull_fast_nozero,e2e,0,0.0100135803223,0.00381469726562,0.00214576721191,0.00405311584473
regular-n17-q0,mkl_fp32,e2e,0,0.014066696167,0.00596046447754,0.00214576721191,0.00596046447754
