dataset,run,node,eligible,graph,method,boundary,reference,max_abs,mean_abs,relative_L2,normalized_max,finite,bitwise,gate,gate_type,checksum_actual,checksum_reference,checksum_algorithm,pass
diagnostic-10867492/mycielskian19,diagnostic-10867492,qhcn064,True,mycielskian19,b64_bf16,layer1_FP32,uninstrumented_same_method,0,0,0,0,1,1,0,bitwise,5aa5120862a4cee5,5aa5120862a4cee5,indexed_splitmix64_xor,1
diagnostic-10867492/mycielskian19,diagnostic-10867492,qhcn064,True,mycielskian19,b64_bf16,layer2_BF16,uninstrumented_same_method,0,0,0,0,1,1,0,bitwise,41c007c3f7bc1847,41c007c3f7bc1847,indexed_splitmix64_xor,1
diagnostic-10867492/mycielskian19,diagnostic-10867492,qhcn064,True,mycielskian19,b64_fp32,layer1_FP32,uninstrumented_same_method,0,0,0,0,1,1,0,bitwise,6743b2bb3a3286a5,6743b2bb3a3286a5,indexed_splitmix64_xor,1
diagnostic-10867492/mycielskian19,diagnostic-10867492,qhcn064,True,mycielskian19,b64_fp32,layer2_BF16,uninstrumented_same_method,0,0,0,0,1,1,0,bitwise,c1ffabac8c31789d,c1ffabac8c31789d,indexed_splitmix64_xor,1
diagnostic-10867492/mycielskian19,diagnostic-10867492,qhcn064,True,mycielskian19,full_bf16,layer1_FP32,uninstrumented_same_method,0,0,0,0,1,1,0,bitwise,c071d7f4d237c5c4,c071d7f4d237c5c4,indexed_splitmix64_xor,1
diagnostic-10867492/mycielskian19,diagnostic-10867492,qhcn064,True,mycielskian19,full_bf16,layer2_BF16,uninstrumented_same_method,0,0,0,0,1,1,0,bitwise,0fdcc5e0796d6009,0fdcc5e0796d6009,indexed_splitmix64_xor,1
diagnostic-10867492/mycielskian19,diagnostic-10867492,qhcn064,True,mycielskian19,full_fp32,layer1_FP32,uninstrumented_same_method,0,0,0,0,1,1,0,bitwise,337f68d07fb1e90d,337f68d07fb1e90d,indexed_splitmix64_xor,1
diagnostic-10867492/mycielskian19,diagnostic-10867492,qhcn064,True,mycielskian19,full_fp32,layer2_BF16,uninstrumented_same_method,0,0,0,0,1,1,0,bitwise,c72e1d737bd3dddf,c72e1d737bd3dddf,indexed_splitmix64_xor,1
diagnostic-10867492/ogbn-products,diagnostic-10867492,qhcn064,True,ogbn-products,b64_bf16,layer1_FP32,uninstrumented_same_method,0,0,0,0,1,1,0,bitwise,dce19cadcce983eb,dce19cadcce983eb,indexed_splitmix64_xor,1
diagnostic-10867492/ogbn-products,diagnostic-10867492,qhcn064,True,ogbn-products,b64_bf16,layer2_BF16,uninstrumented_same_method,0,0,0,0,1,1,0,bitwise,9313093e457ffbd9,9313093e457ffbd9,indexed_splitmix64_xor,1
diagnostic-10867492/ogbn-products,diagnostic-10867492,qhcn064,True,ogbn-products,b64_fp32,layer1_FP32,uninstrumented_same_method,0,0,0,0,1,1,0,bitwise,b9971d8604fbb15d,b9971d8604fbb15d,indexed_splitmix64_xor,1
diagnostic-10867492/ogbn-products,diagnostic-10867492,qhcn064,True,ogbn-products,b64_fp32,layer2_BF16,uninstrumented_same_method,0,0,0,0,1,1,0,bitwise,d7aee77b237901d3,d7aee77b237901d3,indexed_splitmix64_xor,1
diagnostic-10867492/ogbn-products,diagnostic-10867492,qhcn064,True,ogbn-products,full_bf16,layer1_FP32,uninstrumented_same_method,0,0,0,0,1,1,0,bitwise,22d40bb0be038794,22d40bb0be038794,indexed_splitmix64_xor,1
diagnostic-10867492/ogbn-products,diagnostic-10867492,qhcn064,True,ogbn-products,full_bf16,layer2_BF16,uninstrumented_same_method,0,0,0,0,1,1,0,bitwise,ffa66c1420fc5eeb,ffa66c1420fc5eeb,indexed_splitmix64_xor,1
diagnostic-10867492/ogbn-products,diagnostic-10867492,qhcn064,True,ogbn-products,full_fp32,layer1_FP32,uninstrumented_same_method,0,0,0,0,1,1,0,bitwise,b1a432c1c2bab744,b1a432c1c2bab744,indexed_splitmix64_xor,1
diagnostic-10867492/ogbn-products,diagnostic-10867492,qhcn064,True,ogbn-products,full_fp32,layer2_BF16,uninstrumented_same_method,0,0,0,0,1,1,0,bitwise,593f18f504f2897b,593f18f504f2897b,indexed_splitmix64_xor,1
diagnostic-10867492/reddit,diagnostic-10867492,qhcn064,True,reddit,b64_bf16,layer1_FP32,uninstrumented_same_method,0,0,0,0,1,1,0,bitwise,09647ce158037e02,09647ce158037e02,indexed_splitmix64_xor,1
diagnostic-10867492/reddit,diagnostic-10867492,qhcn064,True,reddit,b64_bf16,layer2_BF16,uninstrumented_same_method,0,0,0,0,1,1,0,bitwise,3bc695c8144fdbd0,3bc695c8144fdbd0,indexed_splitmix64_xor,1
diagnostic-10867492/reddit,diagnostic-10867492,qhcn064,True,reddit,b64_fp32,layer1_FP32,uninstrumented_same_method,0,0,0,0,1,1,0,bitwise,b458f81b7c47e977,b458f81b7c47e977,indexed_splitmix64_xor,1
diagnostic-10867492/reddit,diagnostic-10867492,qhcn064,True,reddit,b64_fp32,layer2_BF16,uninstrumented_same_method,0,0,0,0,1,1,0,bitwise,51cdf6890fc86011,51cdf6890fc86011,indexed_splitmix64_xor,1
diagnostic-10867492/reddit,diagnostic-10867492,qhcn064,True,reddit,full_bf16,layer1_FP32,uninstrumented_same_method,0,0,0,0,1,1,0,bitwise,ac61641086dcb43e,ac61641086dcb43e,indexed_splitmix64_xor,1
diagnostic-10867492/reddit,diagnostic-10867492,qhcn064,True,reddit,full_bf16,layer2_BF16,uninstrumented_same_method,0,0,0,0,1,1,0,bitwise,3ffad8586dcaa128,3ffad8586dcaa128,indexed_splitmix64_xor,1
diagnostic-10867492/reddit,diagnostic-10867492,qhcn064,True,reddit,full_fp32,layer1_FP32,uninstrumented_same_method,0,0,0,0,1,1,0,bitwise,52f2ce233869ad02,52f2ce233869ad02,indexed_splitmix64_xor,1
diagnostic-10867492/reddit,diagnostic-10867492,qhcn064,True,reddit,full_fp32,layer2_BF16,uninstrumented_same_method,0,0,0,0,1,1,0,bitwise,d8acbadf0ed56407,d8acbadf0ed56407,indexed_splitmix64_xor,1
diagnostic-10867492/roadNet-CA,diagnostic-10867492,qhcn064,True,roadNet-CA,b64_bf16,layer1_FP32,uninstrumented_same_method,0,0,0,0,1,1,0,bitwise,1fa5d37365db6e99,1fa5d37365db6e99,indexed_splitmix64_xor,1
diagnostic-10867492/roadNet-CA,diagnostic-10867492,qhcn064,True,roadNet-CA,b64_bf16,layer2_BF16,uninstrumented_same_method,0,0,0,0,1,1,0,bitwise,1ed96900c55712af,1ed96900c55712af,indexed_splitmix64_xor,1
diagnostic-10867492/roadNet-CA,diagnostic-10867492,qhcn064,True,roadNet-CA,b64_fp32,layer1_FP32,uninstrumented_same_method,0,0,0,0,1,1,0,bitwise,80ff88ced8cacdc4,80ff88ced8cacdc4,indexed_splitmix64_xor,1
diagnostic-10867492/roadNet-CA,diagnostic-10867492,qhcn064,True,roadNet-CA,b64_fp32,layer2_BF16,uninstrumented_same_method,0,0,0,0,1,1,0,bitwise,7a1550a97f571521,7a1550a97f571521,indexed_splitmix64_xor,1
diagnostic-10867492/roadNet-CA,diagnostic-10867492,qhcn064,True,roadNet-CA,full_bf16,layer1_FP32,uninstrumented_same_method,0,0,0,0,1,1,0,bitwise,1fa5d37365db6e99,1fa5d37365db6e99,indexed_splitmix64_xor,1
diagnostic-10867492/roadNet-CA,diagnostic-10867492,qhcn064,True,roadNet-CA,full_bf16,layer2_BF16,uninstrumented_same_method,0,0,0,0,1,1,0,bitwise,1ed96900c55712af,1ed96900c55712af,indexed_splitmix64_xor,1
diagnostic-10867492/roadNet-CA,diagnostic-10867492,qhcn064,True,roadNet-CA,full_fp32,layer1_FP32,uninstrumented_same_method,0,0,0,0,1,1,0,bitwise,80ff88ced8cacdc4,80ff88ced8cacdc4,indexed_splitmix64_xor,1
diagnostic-10867492/roadNet-CA,diagnostic-10867492,qhcn064,True,roadNet-CA,full_fp32,layer2_BF16,uninstrumented_same_method,0,0,0,0,1,1,0,bitwise,7a1550a97f571521,7a1550a97f571521,indexed_splitmix64_xor,1
diagnostic-10867492/wiki-Talk,diagnostic-10867492,qhcn064,True,wiki-Talk,b64_bf16,layer1_FP32,uninstrumented_same_method,0,0,0,0,1,1,0,bitwise,ee8935583731482c,ee8935583731482c,indexed_splitmix64_xor,1
diagnostic-10867492/wiki-Talk,diagnostic-10867492,qhcn064,True,wiki-Talk,b64_bf16,layer2_BF16,uninstrumented_same_method,0,0,0,0,1,1,0,bitwise,9a134a6583948ccc,9a134a6583948ccc,indexed_splitmix64_xor,1
diagnostic-10867492/wiki-Talk,diagnostic-10867492,qhcn064,True,wiki-Talk,b64_fp32,layer1_FP32,uninstrumented_same_method,0,0,0,0,1,1,0,bitwise,96886ec9e7e7c7d8,96886ec9e7e7c7d8,indexed_splitmix64_xor,1
diagnostic-10867492/wiki-Talk,diagnostic-10867492,qhcn064,True,wiki-Talk,b64_fp32,layer2_BF16,uninstrumented_same_method,0,0,0,0,1,1,0,bitwise,f284bee79f47856b,f284bee79f47856b,indexed_splitmix64_xor,1
diagnostic-10867492/wiki-Talk,diagnostic-10867492,qhcn064,True,wiki-Talk,full_bf16,layer1_FP32,uninstrumented_same_method,0,0,0,0,1,1,0,bitwise,3a8eb3f1458bc9d7,3a8eb3f1458bc9d7,indexed_splitmix64_xor,1
diagnostic-10867492/wiki-Talk,diagnostic-10867492,qhcn064,True,wiki-Talk,full_bf16,layer2_BF16,uninstrumented_same_method,0,0,0,0,1,1,0,bitwise,997ab7be2063754f,997ab7be2063754f,indexed_splitmix64_xor,1
diagnostic-10867492/wiki-Talk,diagnostic-10867492,qhcn064,True,wiki-Talk,full_fp32,layer1_FP32,uninstrumented_same_method,0,0,0,0,1,1,0,bitwise,d93381363f7a6f63,d93381363f7a6f63,indexed_splitmix64_xor,1
diagnostic-10867492/wiki-Talk,diagnostic-10867492,qhcn064,True,wiki-Talk,full_fp32,layer2_BF16,uninstrumented_same_method,0,0,0,0,1,1,0,bitwise,e7aca89817f6bd00,e7aca89817f6bd00,indexed_splitmix64_xor,1
extension-10868182/amazon0601,extension-10868182,qhcn052,True,amazon0601,b64_bf16,layer1_FP32,uninstrumented_same_method,0,0,0,0,1,1,0,bitwise,99bc8caff88f76c8,99bc8caff88f76c8,indexed_splitmix64_xor,1
extension-10868182/amazon0601,extension-10868182,qhcn052,True,amazon0601,b64_bf16,layer2_BF16,uninstrumented_same_method,0,0,0,0,1,1,0,bitwise,0d5ea0a4d0749c65,0d5ea0a4d0749c65,indexed_splitmix64_xor,1
extension-10868182/amazon0601,extension-10868182,qhcn052,True,amazon0601,b64_fp32,layer1_FP32,uninstrumented_same_method,0,0,0,0,1,1,0,bitwise,1e583a9e34f6ff22,1e583a9e34f6ff22,indexed_splitmix64_xor,1
extension-10868182/amazon0601,extension-10868182,qhcn052,True,amazon0601,b64_fp32,layer2_BF16,uninstrumented_same_method,0,0,0,0,1,1,0,bitwise,439ffb741c4056bb,439ffb741c4056bb,indexed_splitmix64_xor,1
extension-10868182/amazon0601,extension-10868182,qhcn052,True,amazon0601,full_bf16,layer1_FP32,uninstrumented_same_method,0,0,0,0,1,1,0,bitwise,99bc8caff88f76c8,99bc8caff88f76c8,indexed_splitmix64_xor,1
extension-10868182/amazon0601,extension-10868182,qhcn052,True,amazon0601,full_bf16,layer2_BF16,uninstrumented_same_method,0,0,0,0,1,1,0,bitwise,0d5ea0a4d0749c65,0d5ea0a4d0749c65,indexed_splitmix64_xor,1
extension-10868182/amazon0601,extension-10868182,qhcn052,True,amazon0601,full_fp32,layer1_FP32,uninstrumented_same_method,0,0,0,0,1,1,0,bitwise,1e583a9e34f6ff22,1e583a9e34f6ff22,indexed_splitmix64_xor,1
extension-10868182/amazon0601,extension-10868182,qhcn052,True,amazon0601,full_fp32,layer2_BF16,uninstrumented_same_method,0,0,0,0,1,1,0,bitwise,439ffb741c4056bb,439ffb741c4056bb,indexed_splitmix64_xor,1
extension-10868182/as-Skitter,extension-10868182,qhcn052,True,as-Skitter,b64_bf16,layer1_FP32,uninstrumented_same_method,0,0,0,0,1,1,0,bitwise,ccce01fe9c50f5ab,ccce01fe9c50f5ab,indexed_splitmix64_xor,1
extension-10868182/as-Skitter,extension-10868182,qhcn052,True,as-Skitter,b64_bf16,layer2_BF16,uninstrumented_same_method,0,0,0,0,1,1,0,bitwise,471321fdd2809b0a,471321fdd2809b0a,indexed_splitmix64_xor,1
extension-10868182/as-Skitter,extension-10868182,qhcn052,True,as-Skitter,b64_fp32,layer1_FP32,uninstrumented_same_method,0,0,0,0,1,1,0,bitwise,2a4651fd281d867d,2a4651fd281d867d,indexed_splitmix64_xor,1
extension-10868182/as-Skitter,extension-10868182,qhcn052,True,as-Skitter,b64_fp32,layer2_BF16,uninstrumented_same_method,0,0,0,0,1,1,0,bitwise,55c8041de73a7f2e,55c8041de73a7f2e,indexed_splitmix64_xor,1
extension-10868182/as-Skitter,extension-10868182,qhcn052,True,as-Skitter,full_bf16,layer1_FP32,uninstrumented_same_method,0,0,0,0,1,1,0,bitwise,d78700b1a87c275d,d78700b1a87c275d,indexed_splitmix64_xor,1
extension-10868182/as-Skitter,extension-10868182,qhcn052,True,as-Skitter,full_bf16,layer2_BF16,uninstrumented_same_method,0,0,0,0,1,1,0,bitwise,e01729a7f830bb24,e01729a7f830bb24,indexed_splitmix64_xor,1
extension-10868182/as-Skitter,extension-10868182,qhcn052,True,as-Skitter,full_fp32,layer1_FP32,uninstrumented_same_method,0,0,0,0,1,1,0,bitwise,4384a856abc0585e,4384a856abc0585e,indexed_splitmix64_xor,1
extension-10868182/as-Skitter,extension-10868182,qhcn052,True,as-Skitter,full_fp32,layer2_BF16,uninstrumented_same_method,0,0,0,0,1,1,0,bitwise,b9ad201ddfe1ef0b,b9ad201ddfe1ef0b,indexed_splitmix64_xor,1
extension-10868182/cit-Patents,extension-10868182,qhcn052,True,cit-Patents,b64_bf16,layer1_FP32,uninstrumented_same_method,0,0,0,0,1,1,0,bitwise,dfc1814242ddaada,dfc1814242ddaada,indexed_splitmix64_xor,1
extension-10868182/cit-Patents,extension-10868182,qhcn052,True,cit-Patents,b64_bf16,layer2_BF16,uninstrumented_same_method,0,0,0,0,1,1,0,bitwise,9899e8449fd3cd4a,9899e8449fd3cd4a,indexed_splitmix64_xor,1
extension-10868182/cit-Patents,extension-10868182,qhcn052,True,cit-Patents,b64_fp32,layer1_FP32,uninstrumented_same_method,0,0,0,0,1,1,0,bitwise,6a67efb2b6f71fc9,6a67efb2b6f71fc9,indexed_splitmix64_xor,1
extension-10868182/cit-Patents,extension-10868182,qhcn052,True,cit-Patents,b64_fp32,layer2_BF16,uninstrumented_same_method,0,0,0,0,1,1,0,bitwise,b65106b8f9ad14ec,b65106b8f9ad14ec,indexed_splitmix64_xor,1
extension-10868182/cit-Patents,extension-10868182,qhcn052,True,cit-Patents,full_bf16,layer1_FP32,uninstrumented_same_method,0,0,0,0,1,1,0,bitwise,799ea30333354907,799ea30333354907,indexed_splitmix64_xor,1
extension-10868182/cit-Patents,extension-10868182,qhcn052,True,cit-Patents,full_bf16,layer2_BF16,uninstrumented_same_method,0,0,0,0,1,1,0,bitwise,58fe702c3fb05475,58fe702c3fb05475,indexed_splitmix64_xor,1
extension-10868182/cit-Patents,extension-10868182,qhcn052,True,cit-Patents,full_fp32,layer1_FP32,uninstrumented_same_method,0,0,0,0,1,1,0,bitwise,9eac6dbcb76c7602,9eac6dbcb76c7602,indexed_splitmix64_xor,1
extension-10868182/cit-Patents,extension-10868182,qhcn052,True,cit-Patents,full_fp32,layer2_BF16,uninstrumented_same_method,0,0,0,0,1,1,0,bitwise,dcc574a5698f3aff,dcc574a5698f3aff,indexed_splitmix64_xor,1
extension-10868182/com-LiveJournal,extension-10868182,qhcn052,True,com-LiveJournal,b64_bf16,layer1_FP32,uninstrumented_same_method,0,0,0,0,1,1,0,bitwise,95ac74e9e65f9ecf,95ac74e9e65f9ecf,indexed_splitmix64_xor,1
extension-10868182/com-LiveJournal,extension-10868182,qhcn052,True,com-LiveJournal,b64_bf16,layer2_BF16,uninstrumented_same_method,0,0,0,0,1,1,0,bitwise,4b669015bb4c73cf,4b669015bb4c73cf,indexed_splitmix64_xor,1
extension-10868182/com-LiveJournal,extension-10868182,qhcn052,True,com-LiveJournal,b64_fp32,layer1_FP32,uninstrumented_same_method,0,0,0,0,1,1,0,bitwise,6bdf5faf57a200af,6bdf5faf57a200af,indexed_splitmix64_xor,1
extension-10868182/com-LiveJournal,extension-10868182,qhcn052,True,com-LiveJournal,b64_fp32,layer2_BF16,uninstrumented_same_method,0,0,0,0,1,1,0,bitwise,5527cba372f9b5d4,5527cba372f9b5d4,indexed_splitmix64_xor,1
extension-10868182/com-LiveJournal,extension-10868182,qhcn052,True,com-LiveJournal,full_bf16,layer1_FP32,uninstrumented_same_method,0,0,0,0,1,1,0,bitwise,9ab0499b69ff081a,9ab0499b69ff081a,indexed_splitmix64_xor,1
extension-10868182/com-LiveJournal,extension-10868182,qhcn052,True,com-LiveJournal,full_bf16,layer2_BF16,uninstrumented_same_method,0,0,0,0,1,1,0,bitwise,02b6dfcb07c99463,02b6dfcb07c99463,indexed_splitmix64_xor,1
extension-10868182/com-LiveJournal,extension-10868182,qhcn052,True,com-LiveJournal,full_fp32,layer1_FP32,uninstrumented_same_method,0,0,0,0,1,1,0,bitwise,4f33f35766411ae8,4f33f35766411ae8,indexed_splitmix64_xor,1
extension-10868182/com-LiveJournal,extension-10868182,qhcn052,True,com-LiveJournal,full_fp32,layer2_BF16,uninstrumented_same_method,0,0,0,0,1,1,0,bitwise,87f6ed20a304190c,87f6ed20a304190c,indexed_splitmix64_xor,1
extension-10868182/com-Youtube,extension-10868182,qhcn052,True,com-Youtube,b64_bf16,layer1_FP32,uninstrumented_same_method,0,0,0,0,1,1,0,bitwise,acd683fdea027978,acd683fdea027978,indexed_splitmix64_xor,1
extension-10868182/com-Youtube,extension-10868182,qhcn052,True,com-Youtube,b64_bf16,layer2_BF16,uninstrumented_same_method,0,0,0,0,1,1,0,bitwise,6afd314d1ab13dd6,6afd314d1ab13dd6,indexed_splitmix64_xor,1
extension-10868182/com-Youtube,extension-10868182,qhcn052,True,com-Youtube,b64_fp32,layer1_FP32,uninstrumented_same_method,0,0,0,0,1,1,0,bitwise,b74bb3d91952d5bc,b74bb3d91952d5bc,indexed_splitmix64_xor,1
extension-10868182/com-Youtube,extension-10868182,qhcn052,True,com-Youtube,b64_fp32,layer2_BF16,uninstrumented_same_method,0,0,0,0,1,1,0,bitwise,75e6fbaac99d2bcd,75e6fbaac99d2bcd,indexed_splitmix64_xor,1
extension-10868182/com-Youtube,extension-10868182,qhcn052,True,com-Youtube,full_bf16,layer1_FP32,uninstrumented_same_method,0,0,0,0,1,1,0,bitwise,39c42a12eab3ecf9,39c42a12eab3ecf9,indexed_splitmix64_xor,1
extension-10868182/com-Youtube,extension-10868182,qhcn052,True,com-Youtube,full_bf16,layer2_BF16,uninstrumented_same_method,0,0,0,0,1,1,0,bitwise,bbb654969d30375e,bbb654969d30375e,indexed_splitmix64_xor,1
extension-10868182/com-Youtube,extension-10868182,qhcn052,True,com-Youtube,full_fp32,layer1_FP32,uninstrumented_same_method,0,0,0,0,1,1,0,bitwise,eb36eaabb9076e2e,eb36eaabb9076e2e,indexed_splitmix64_xor,1
extension-10868182/com-Youtube,extension-10868182,qhcn052,True,com-Youtube,full_fp32,layer2_BF16,uninstrumented_same_method,0,0,0,0,1,1,0,bitwise,49bde5681f13e88d,49bde5681f13e88d,indexed_splitmix64_xor,1
extension-10868182/email-Enron,extension-10868182,qhcn052,True,email-Enron,b64_bf16,layer1_FP32,uninstrumented_same_method,0,0,0,0,1,1,0,bitwise,d7b349e275fb7b85,d7b349e275fb7b85,indexed_splitmix64_xor,1
extension-10868182/email-Enron,extension-10868182,qhcn052,True,email-Enron,b64_bf16,layer2_BF16,uninstrumented_same_method,0,0,0,0,1,1,0,bitwise,c30e9fea74623aa6,c30e9fea74623aa6,indexed_splitmix64_xor,1
extension-10868182/email-Enron,extension-10868182,qhcn052,True,email-Enron,b64_fp32,layer1_FP32,uninstrumented_same_method,0,0,0,0,1,1,0,bitwise,a96c9e2c83297b44,a96c9e2c83297b44,indexed_splitmix64_xor,1
extension-10868182/email-Enron,extension-10868182,qhcn052,True,email-Enron,b64_fp32,layer2_BF16,uninstrumented_same_method,0,0,0,0,1,1,0,bitwise,7b4b63c55e15a770,7b4b63c55e15a770,indexed_splitmix64_xor,1
extension-10868182/email-Enron,extension-10868182,qhcn052,True,email-Enron,full_bf16,layer1_FP32,uninstrumented_same_method,0,0,0,0,1,1,0,bitwise,ed5ca0b5aa3071af,ed5ca0b5aa3071af,indexed_splitmix64_xor,1
extension-10868182/email-Enron,extension-10868182,qhcn052,True,email-Enron,full_bf16,layer2_BF16,uninstrumented_same_method,0,0,0,0,1,1,0,bitwise,a973a76b363f427f,a973a76b363f427f,indexed_splitmix64_xor,1
extension-10868182/email-Enron,extension-10868182,qhcn052,True,email-Enron,full_fp32,layer1_FP32,uninstrumented_same_method,0,0,0,0,1,1,0,bitwise,0eebe4680f6ca61d,0eebe4680f6ca61d,indexed_splitmix64_xor,1
extension-10868182/email-Enron,extension-10868182,qhcn052,True,email-Enron,full_fp32,layer2_BF16,uninstrumented_same_method,0,0,0,0,1,1,0,bitwise,a96c95b56ab89840,a96c95b56ab89840,indexed_splitmix64_xor,1
extension-10868182/hollywood-2009,extension-10868182,qhcn052,True,hollywood-2009,b64_bf16,layer1_FP32,uninstrumented_same_method,0,0,0,0,1,1,0,bitwise,c7784e69dbab4d6f,c7784e69dbab4d6f,indexed_splitmix64_xor,1
extension-10868182/hollywood-2009,extension-10868182,qhcn052,True,hollywood-2009,b64_bf16,layer2_BF16,uninstrumented_same_method,0,0,0,0,1,1,0,bitwise,36fac7bdb5084f2d,36fac7bdb5084f2d,indexed_splitmix64_xor,1
extension-10868182/hollywood-2009,extension-10868182,qhcn052,True,hollywood-2009,b64_fp32,layer1_FP32,uninstrumented_same_method,0,0,0,0,1,1,0,bitwise,cb0f00c582e453c4,cb0f00c582e453c4,indexed_splitmix64_xor,1
extension-10868182/hollywood-2009,extension-10868182,qhcn052,True,hollywood-2009,b64_fp32,layer2_BF16,uninstrumented_same_method,0,0,0,0,1,1,0,bitwise,43b261257b4acd61,43b261257b4acd61,indexed_splitmix64_xor,1
extension-10868182/hollywood-2009,extension-10868182,qhcn052,True,hollywood-2009,full_bf16,layer1_FP32,uninstrumented_same_method,0,0,0,0,1,1,0,bitwise,c42b900a0666c4f4,c42b900a0666c4f4,indexed_splitmix64_xor,1
extension-10868182/hollywood-2009,extension-10868182,qhcn052,True,hollywood-2009,full_bf16,layer2_BF16,uninstrumented_same_method,0,0,0,0,1,1,0,bitwise,fd96ab728b428074,fd96ab728b428074,indexed_splitmix64_xor,1
extension-10868182/hollywood-2009,extension-10868182,qhcn052,True,hollywood-2009,full_fp32,layer1_FP32,uninstrumented_same_method,0,0,0,0,1,1,0,bitwise,98171593920bc9fa,98171593920bc9fa,indexed_splitmix64_xor,1
extension-10868182/hollywood-2009,extension-10868182,qhcn052,True,hollywood-2009,full_fp32,layer2_BF16,uninstrumented_same_method,0,0,0,0,1,1,0,bitwise,d42df838b7074ee1,d42df838b7074ee1,indexed_splitmix64_xor,1
extension-10868182/indochina-2004,extension-10868182,qhcn052,True,indochina-2004,b64_bf16,layer1_FP32,uninstrumented_same_method,0,0,0,0,1,1,0,bitwise,ad953b9174c971cc,ad953b9174c971cc,indexed_splitmix64_xor,1
extension-10868182/indochina-2004,extension-10868182,qhcn052,True,indochina-2004,b64_bf16,layer2_BF16,uninstrumented_same_method,0,0,0,0,1,1,0,bitwise,2d61f27ff1324059,2d61f27ff1324059,indexed_splitmix64_xor,1
extension-10868182/indochina-2004,extension-10868182,qhcn052,True,indochina-2004,b64_fp32,layer1_FP32,uninstrumented_same_method,0,0,0,0,1,1,0,bitwise,641f385b6e4363f2,641f385b6e4363f2,indexed_splitmix64_xor,1
extension-10868182/indochina-2004,extension-10868182,qhcn052,True,indochina-2004,b64_fp32,layer2_BF16,uninstrumented_same_method,0,0,0,0,1,1,0,bitwise,0c80b0dbca05ea6b,0c80b0dbca05ea6b,indexed_splitmix64_xor,1
extension-10868182/indochina-2004,extension-10868182,qhcn052,True,indochina-2004,full_bf16,layer1_FP32,uninstrumented_same_method,0,0,0,0,1,1,0,bitwise,c13660e6fc23fb4c,c13660e6fc23fb4c,indexed_splitmix64_xor,1
extension-10868182/indochina-2004,extension-10868182,qhcn052,True,indochina-2004,full_bf16,layer2_BF16,uninstrumented_same_method,0,0,0,0,1,1,0,bitwise,fd0e26fabe2a8e1e,fd0e26fabe2a8e1e,indexed_splitmix64_xor,1
extension-10868182/indochina-2004,extension-10868182,qhcn052,True,indochina-2004,full_fp32,layer1_FP32,uninstrumented_same_method,0,0,0,0,1,1,0,bitwise,4298d6c90a11132a,4298d6c90a11132a,indexed_splitmix64_xor,1
extension-10868182/indochina-2004,extension-10868182,qhcn052,True,indochina-2004,full_fp32,layer2_BF16,uninstrumented_same_method,0,0,0,0,1,1,0,bitwise,de40b8f18bf34647,de40b8f18bf34647,indexed_splitmix64_xor,1
extension-10868182/rgg_n_2_24_s0,extension-10868182,qhcn052,True,rgg_n_2_24_s0,b64_bf16,layer1_FP32,uninstrumented_same_method,0,0,0,0,1,1,0,bitwise,dde52b942be28bf9,dde52b942be28bf9,indexed_splitmix64_xor,1
extension-10868182/rgg_n_2_24_s0,extension-10868182,qhcn052,True,rgg_n_2_24_s0,b64_bf16,layer2_BF16,uninstrumented_same_method,0,0,0,0,1,1,0,bitwise,32e5f7a7ed8dafff,32e5f7a7ed8dafff,indexed_splitmix64_xor,1
extension-10868182/rgg_n_2_24_s0,extension-10868182,qhcn052,True,rgg_n_2_24_s0,b64_fp32,layer1_FP32,uninstrumented_same_method,0,0,0,0,1,1,0,bitwise,fd9f1fabbdbe7db6,fd9f1fabbdbe7db6,indexed_splitmix64_xor,1
extension-10868182/rgg_n_2_24_s0,extension-10868182,qhcn052,True,rgg_n_2_24_s0,b64_fp32,layer2_BF16,uninstrumented_same_method,0,0,0,0,1,1,0,bitwise,4e3325b68c7391ac,4e3325b68c7391ac,indexed_splitmix64_xor,1
extension-10868182/rgg_n_2_24_s0,extension-10868182,qhcn052,True,rgg_n_2_24_s0,full_bf16,layer1_FP32,uninstrumented_same_method,0,0,0,0,1,1,0,bitwise,dde52b942be28bf9,dde52b942be28bf9,indexed_splitmix64_xor,1
extension-10868182/rgg_n_2_24_s0,extension-10868182,qhcn052,True,rgg_n_2_24_s0,full_bf16,layer2_BF16,uninstrumented_same_method,0,0,0,0,1,1,0,bitwise,32e5f7a7ed8dafff,32e5f7a7ed8dafff,indexed_splitmix64_xor,1
extension-10868182/rgg_n_2_24_s0,extension-10868182,qhcn052,True,rgg_n_2_24_s0,full_fp32,layer1_FP32,uninstrumented_same_method,0,0,0,0,1,1,0,bitwise,fd9f1fabbdbe7db6,fd9f1fabbdbe7db6,indexed_splitmix64_xor,1
extension-10868182/rgg_n_2_24_s0,extension-10868182,qhcn052,True,rgg_n_2_24_s0,full_fp32,layer2_BF16,uninstrumented_same_method,0,0,0,0,1,1,0,bitwise,4e3325b68c7391ac,4e3325b68c7391ac,indexed_splitmix64_xor,1
extension-10868182/soc-LiveJournal1,extension-10868182,qhcn052,True,soc-LiveJournal1,b64_bf16,layer1_FP32,uninstrumented_same_method,0,0,0,0,1,1,0,bitwise,466370e2cc4a450b,466370e2cc4a450b,indexed_splitmix64_xor,1
extension-10868182/soc-LiveJournal1,extension-10868182,qhcn052,True,soc-LiveJournal1,b64_bf16,layer2_BF16,uninstrumented_same_method,0,0,0,0,1,1,0,bitwise,5623976c2a78d1c2,5623976c2a78d1c2,indexed_splitmix64_xor,1
extension-10868182/soc-LiveJournal1,extension-10868182,qhcn052,True,soc-LiveJournal1,b64_fp32,layer1_FP32,uninstrumented_same_method,0,0,0,0,1,1,0,bitwise,a0eb46790d63d78f,a0eb46790d63d78f,indexed_splitmix64_xor,1
extension-10868182/soc-LiveJournal1,extension-10868182,qhcn052,True,soc-LiveJournal1,b64_fp32,layer2_BF16,uninstrumented_same_method,0,0,0,0,1,1,0,bitwise,c6bd1bf25132febe,c6bd1bf25132febe,indexed_splitmix64_xor,1
extension-10868182/soc-LiveJournal1,extension-10868182,qhcn052,True,soc-LiveJournal1,full_bf16,layer1_FP32,uninstrumented_same_method,0,0,0,0,1,1,0,bitwise,9bc72878a6296112,9bc72878a6296112,indexed_splitmix64_xor,1
extension-10868182/soc-LiveJournal1,extension-10868182,qhcn052,True,soc-LiveJournal1,full_bf16,layer2_BF16,uninstrumented_same_method,0,0,0,0,1,1,0,bitwise,37f4fcafb5965e1a,37f4fcafb5965e1a,indexed_splitmix64_xor,1
extension-10868182/soc-LiveJournal1,extension-10868182,qhcn052,True,soc-LiveJournal1,full_fp32,layer1_FP32,uninstrumented_same_method,0,0,0,0,1,1,0,bitwise,6a719fa830cd9250,6a719fa830cd9250,indexed_splitmix64_xor,1
extension-10868182/soc-LiveJournal1,extension-10868182,qhcn052,True,soc-LiveJournal1,full_fp32,layer2_BF16,uninstrumented_same_method,0,0,0,0,1,1,0,bitwise,88c5a8097d720321,88c5a8097d720321,indexed_splitmix64_xor,1
extension-10868182/soc-Pokec,extension-10868182,qhcn052,True,soc-Pokec,b64_bf16,layer1_FP32,uninstrumented_same_method,0,0,0,0,1,1,0,bitwise,5824b37a373a89e5,5824b37a373a89e5,indexed_splitmix64_xor,1
extension-10868182/soc-Pokec,extension-10868182,qhcn052,True,soc-Pokec,b64_bf16,layer2_BF16,uninstrumented_same_method,0,0,0,0,1,1,0,bitwise,abe40b195b4d107a,abe40b195b4d107a,indexed_splitmix64_xor,1
extension-10868182/soc-Pokec,extension-10868182,qhcn052,True,soc-Pokec,b64_fp32,layer1_FP32,uninstrumented_same_method,0,0,0,0,1,1,0,bitwise,1f924099814e5544,1f924099814e5544,indexed_splitmix64_xor,1
extension-10868182/soc-Pokec,extension-10868182,qhcn052,True,soc-Pokec,b64_fp32,layer2_BF16,uninstrumented_same_method,0,0,0,0,1,1,0,bitwise,276bc0780666c1c6,276bc0780666c1c6,indexed_splitmix64_xor,1
extension-10868182/soc-Pokec,extension-10868182,qhcn052,True,soc-Pokec,full_bf16,layer1_FP32,uninstrumented_same_method,0,0,0,0,1,1,0,bitwise,3bac72dfc524eed6,3bac72dfc524eed6,indexed_splitmix64_xor,1
extension-10868182/soc-Pokec,extension-10868182,qhcn052,True,soc-Pokec,full_bf16,layer2_BF16,uninstrumented_same_method,0,0,0,0,1,1,0,bitwise,bab76b0cc1af52f8,bab76b0cc1af52f8,indexed_splitmix64_xor,1
extension-10868182/soc-Pokec,extension-10868182,qhcn052,True,soc-Pokec,full_fp32,layer1_FP32,uninstrumented_same_method,0,0,0,0,1,1,0,bitwise,4ce7077955d559f2,4ce7077955d559f2,indexed_splitmix64_xor,1
extension-10868182/soc-Pokec,extension-10868182,qhcn052,True,soc-Pokec,full_fp32,layer2_BF16,uninstrumented_same_method,0,0,0,0,1,1,0,bitwise,d53f4a89e3e37a4f,d53f4a89e3e37a4f,indexed_splitmix64_xor,1
extension-10868182/web-Google,extension-10868182,qhcn052,True,web-Google,b64_bf16,layer1_FP32,uninstrumented_same_method,0,0,0,0,1,1,0,bitwise,9fdb7dfcbbd1c35d,9fdb7dfcbbd1c35d,indexed_splitmix64_xor,1
extension-10868182/web-Google,extension-10868182,qhcn052,True,web-Google,b64_bf16,layer2_BF16,uninstrumented_same_method,0,0,0,0,1,1,0,bitwise,49223bfeb4d77750,49223bfeb4d77750,indexed_splitmix64_xor,1
extension-10868182/web-Google,extension-10868182,qhcn052,True,web-Google,b64_fp32,layer1_FP32,uninstrumented_same_method,0,0,0,0,1,1,0,bitwise,7d03c2554e3aab50,7d03c2554e3aab50,indexed_splitmix64_xor,1
extension-10868182/web-Google,extension-10868182,qhcn052,True,web-Google,b64_fp32,layer2_BF16,uninstrumented_same_method,0,0,0,0,1,1,0,bitwise,629c1a1ad295355e,629c1a1ad295355e,indexed_splitmix64_xor,1
extension-10868182/web-Google,extension-10868182,qhcn052,True,web-Google,full_bf16,layer1_FP32,uninstrumented_same_method,0,0,0,0,1,1,0,bitwise,c559a39a919c1ed4,c559a39a919c1ed4,indexed_splitmix64_xor,1
extension-10868182/web-Google,extension-10868182,qhcn052,True,web-Google,full_bf16,layer2_BF16,uninstrumented_same_method,0,0,0,0,1,1,0,bitwise,4a63a402f82cf8a0,4a63a402f82cf8a0,indexed_splitmix64_xor,1
extension-10868182/web-Google,extension-10868182,qhcn052,True,web-Google,full_fp32,layer1_FP32,uninstrumented_same_method,0,0,0,0,1,1,0,bitwise,780ec7c4d45425bc,780ec7c4d45425bc,indexed_splitmix64_xor,1
extension-10868182/web-Google,extension-10868182,qhcn052,True,web-Google,full_fp32,layer2_BF16,uninstrumented_same_method,0,0,0,0,1,1,0,bitwise,c6ce97f759ec7c86,c6ce97f759ec7c86,indexed_splitmix64_xor,1
smoke-10867490/precision_high_tail,smoke-10867490,qhcn001,False,precision_high_tail,b64_bf16,layer1_FP32,uninstrumented_same_method,0,0,0,0,1,1,0,bitwise,93a2a5b464104f26,93a2a5b464104f26,indexed_splitmix64_xor,1
smoke-10867490/precision_high_tail,smoke-10867490,qhcn001,False,precision_high_tail,b64_bf16,layer2_BF16,uninstrumented_same_method,0,0,0,0,1,1,0,bitwise,10b2a1e549c2ca2b,10b2a1e549c2ca2b,indexed_splitmix64_xor,1
smoke-10867490/precision_high_tail,smoke-10867490,qhcn001,False,precision_high_tail,b64_fp32,layer1_FP32,uninstrumented_same_method,0,0,0,0,1,1,0,bitwise,3c900e8e58f38c42,3c900e8e58f38c42,indexed_splitmix64_xor,1
smoke-10867490/precision_high_tail,smoke-10867490,qhcn001,False,precision_high_tail,b64_fp32,layer2_BF16,uninstrumented_same_method,0,0,0,0,1,1,0,bitwise,c93463a007e1fb5a,c93463a007e1fb5a,indexed_splitmix64_xor,1
smoke-10867490/precision_high_tail,smoke-10867490,qhcn001,False,precision_high_tail,full_bf16,layer1_FP32,uninstrumented_same_method,0,0,0,0,1,1,0,bitwise,fd9929634c13e665,fd9929634c13e665,indexed_splitmix64_xor,1
smoke-10867490/precision_high_tail,smoke-10867490,qhcn001,False,precision_high_tail,full_bf16,layer2_BF16,uninstrumented_same_method,0,0,0,0,1,1,0,bitwise,c3e21f54da2db323,c3e21f54da2db323,indexed_splitmix64_xor,1
smoke-10867490/precision_high_tail,smoke-10867490,qhcn001,False,precision_high_tail,full_fp32,layer1_FP32,uninstrumented_same_method,0,0,0,0,1,1,0,bitwise,1d7fb0945a18d14f,1d7fb0945a18d14f,indexed_splitmix64_xor,1
smoke-10867490/precision_high_tail,smoke-10867490,qhcn001,False,precision_high_tail,full_fp32,layer2_BF16,uninstrumented_same_method,0,0,0,0,1,1,0,bitwise,19b31722ac0fbac6,19b31722ac0fbac6,indexed_splitmix64_xor,1
smoke-10867490/precision_scope_tail,smoke-10867490,qhcn001,False,precision_scope_tail,b64_bf16,layer1_FP32,uninstrumented_same_method,0,0,0,0,1,1,0,bitwise,5c245af8c681665d,5c245af8c681665d,indexed_splitmix64_xor,1
smoke-10867490/precision_scope_tail,smoke-10867490,qhcn001,False,precision_scope_tail,b64_bf16,layer2_BF16,uninstrumented_same_method,0,0,0,0,1,1,0,bitwise,720a41ee26115ec4,720a41ee26115ec4,indexed_splitmix64_xor,1
smoke-10867490/precision_scope_tail,smoke-10867490,qhcn001,False,precision_scope_tail,b64_fp32,layer1_FP32,uninstrumented_same_method,0,0,0,0,1,1,0,bitwise,33e05a3a57b98688,33e05a3a57b98688,indexed_splitmix64_xor,1
smoke-10867490/precision_scope_tail,smoke-10867490,qhcn001,False,precision_scope_tail,b64_fp32,layer2_BF16,uninstrumented_same_method,0,0,0,0,1,1,0,bitwise,a62cd31b320344fc,a62cd31b320344fc,indexed_splitmix64_xor,1
smoke-10867490/precision_scope_tail,smoke-10867490,qhcn001,False,precision_scope_tail,full_bf16,layer1_FP32,uninstrumented_same_method,0,0,0,0,1,1,0,bitwise,9cea1db907ae99aa,9cea1db907ae99aa,indexed_splitmix64_xor,1
smoke-10867490/precision_scope_tail,smoke-10867490,qhcn001,False,precision_scope_tail,full_bf16,layer2_BF16,uninstrumented_same_method,0,0,0,0,1,1,0,bitwise,5e08ab14e3b35aed,5e08ab14e3b35aed,indexed_splitmix64_xor,1
smoke-10867490/precision_scope_tail,smoke-10867490,qhcn001,False,precision_scope_tail,full_fp32,layer1_FP32,uninstrumented_same_method,0,0,0,0,1,1,0,bitwise,fe1403f79bc18a79,fe1403f79bc18a79,indexed_splitmix64_xor,1
smoke-10867490/precision_scope_tail,smoke-10867490,qhcn001,False,precision_scope_tail,full_fp32,layer2_BF16,uninstrumented_same_method,0,0,0,0,1,1,0,bitwise,859e389977aee172,859e389977aee172,indexed_splitmix64_xor,1
smoke-10867490/precision_tail,smoke-10867490,qhcn001,False,precision_tail,b64_bf16,layer1_FP32,uninstrumented_same_method,0,0,0,0,1,1,0,bitwise,cb348bca3e205b45,cb348bca3e205b45,indexed_splitmix64_xor,1
smoke-10867490/precision_tail,smoke-10867490,qhcn001,False,precision_tail,b64_bf16,layer2_BF16,uninstrumented_same_method,0,0,0,0,1,1,0,bitwise,4c4fcf2efd16d72b,4c4fcf2efd16d72b,indexed_splitmix64_xor,1
smoke-10867490/precision_tail,smoke-10867490,qhcn001,False,precision_tail,b64_fp32,layer1_FP32,uninstrumented_same_method,0,0,0,0,1,1,0,bitwise,d53b24cfc5ed48e4,d53b24cfc5ed48e4,indexed_splitmix64_xor,1
smoke-10867490/precision_tail,smoke-10867490,qhcn001,False,precision_tail,b64_fp32,layer2_BF16,uninstrumented_same_method,0,0,0,0,1,1,0,bitwise,3f7b88ec811528ac,3f7b88ec811528ac,indexed_splitmix64_xor,1
smoke-10867490/precision_tail,smoke-10867490,qhcn001,False,precision_tail,full_bf16,layer1_FP32,uninstrumented_same_method,0,0,0,0,1,1,0,bitwise,12365fb1887a9bff,12365fb1887a9bff,indexed_splitmix64_xor,1
smoke-10867490/precision_tail,smoke-10867490,qhcn001,False,precision_tail,full_bf16,layer2_BF16,uninstrumented_same_method,0,0,0,0,1,1,0,bitwise,bfccbc7f90116982,bfccbc7f90116982,indexed_splitmix64_xor,1
smoke-10867490/precision_tail,smoke-10867490,qhcn001,False,precision_tail,full_fp32,layer1_FP32,uninstrumented_same_method,0,0,0,0,1,1,0,bitwise,d4b16ba2ce8baa49,d4b16ba2ce8baa49,indexed_splitmix64_xor,1
smoke-10867490/precision_tail,smoke-10867490,qhcn001,False,precision_tail,full_fp32,layer2_BF16,uninstrumented_same_method,0,0,0,0,1,1,0,bitwise,42e43bf03b590ad3,42e43bf03b590ad3,indexed_splitmix64_xor,1
