dataset,run,node,eligible,graph,checks,bitwise_checks,report_only_differences,pass
diagnostic-10867492/mycielskian19,diagnostic-10867492,qhcn064,True,mycielskian19,24,6,6,1
diagnostic-10867492/ogbn-products,diagnostic-10867492,qhcn064,True,ogbn-products,24,6,6,1
diagnostic-10867492/reddit,diagnostic-10867492,qhcn064,True,reddit,24,6,6,1
diagnostic-10867492/roadNet-CA,diagnostic-10867492,qhcn064,True,roadNet-CA,24,6,6,1
diagnostic-10867492/wiki-Talk,diagnostic-10867492,qhcn064,True,wiki-Talk,24,6,6,1
extension-10868182/amazon0601,extension-10868182,qhcn052,True,amazon0601,24,6,6,1
extension-10868182/as-Skitter,extension-10868182,qhcn052,True,as-Skitter,24,6,6,1
extension-10868182/cit-Patents,extension-10868182,qhcn052,True,cit-Patents,24,6,6,1
extension-10868182/com-LiveJournal,extension-10868182,qhcn052,True,com-LiveJournal,24,6,6,1
extension-10868182/com-Youtube,extension-10868182,qhcn052,True,com-Youtube,24,6,6,1
extension-10868182/email-Enron,extension-10868182,qhcn052,True,email-Enron,24,6,6,1
extension-10868182/hollywood-2009,extension-10868182,qhcn052,True,hollywood-2009,24,6,6,1
extension-10868182/indochina-2004,extension-10868182,qhcn052,True,indochina-2004,24,6,6,1
extension-10868182/rgg_n_2_24_s0,extension-10868182,qhcn052,True,rgg_n_2_24_s0,24,6,6,1
extension-10868182/soc-LiveJournal1,extension-10868182,qhcn052,True,soc-LiveJournal1,24,6,6,1
extension-10868182/soc-Pokec,extension-10868182,qhcn052,True,soc-Pokec,24,6,6,1
extension-10868182/web-Google,extension-10868182,qhcn052,True,web-Google,24,6,6,1
smoke-10867490/precision_high_tail,smoke-10867490,qhcn001,False,precision_high_tail,24,6,6,1
smoke-10867490/precision_scope_tail,smoke-10867490,qhcn001,False,precision_scope_tail,24,6,6,1
smoke-10867490/precision_tail,smoke-10867490,qhcn001,False,precision_tail,24,6,6,1
