graph	path	layer	repeats	e2e_ms	layer_ms	projection_ms	conversion_ms	lr_ms	max_prescan_ms	kernel_ms	normalization_ms	activation_ms	speedup_vs_B0_FP32	speedup_vs_B0_BF16	speedup_vs_original_B1
arxiv	B0_BF16	1	3	67.190999	29.672198	3.826915	0.6676	1.22048	0.665084	20.578313	1.272249	1.431428	1.0936813426453147	1.0	6.481000483412964
arxiv	B0_BF16	2	3	67.190999	30.49216	4.156212	1.248042	1.205224	0.616772	20.625651	1.226178	1.43912	1.0936813426453147	1.0	6.481000483412964
arxiv	B0_BF16	3	3	67.190999	7.02364	0.98526	1.242829	0.224894	0.406885	3.945569	0.191774	2.5e-05	1.0936813426453147	1.0	6.481000483412964
arxiv	B0_FP32	1	3	73.485542	30.501493	5.240293	2.6e-05	1.215767	0.673012	20.683742	1.272024	1.4273	1.0	0.9143431098324077	5.925858136829147
arxiv	B0_FP32	2	3	73.485542	35.229593	10.141119	2.9e-05	1.201412	0.637697	20.601118	1.222164	1.427924	1.0	0.9143431098324077	5.925858136829147
arxiv	B0_FP32	3	3	73.485542	7.707895	2.980582	2.2e-05	0.241103	0.406232	3.878181	0.192105	2.8e-05	1.0	0.9143431098324077	5.925858136829147
arxiv	B1_TFS_PREMAX	1	3	435.464897	134.126764	0	0.691948	0.965259	0.755595	129.193942	1.231921	1.422578	0.16875193042253414	0.15429716485276196	1.0
arxiv	B1_TFS_PREMAX	2	3	435.464897	262.175732	0	1.242664	1.349393	0.739724	256.157234	1.235672	1.430416	0.16875193042253414	0.15429716485276196	1.0
arxiv	B1_TFS_PREMAX	3	3	435.464897	38.406946	0	1.253447	1.275215	0.390702	35.285492	0.191873	2.6e-05	0.16875193042253414	0.15429716485276196	1.0
arxiv	ICPP_TFS_ONLINE_B32	1	3	411.818702	113.195027	0	0.668266	0.957051	0	108.905245	1.248909	1.41632	0.1784414880701557	0.16315674512518863	1.0574189440284332
arxiv	ICPP_TFS_ONLINE_B32	2	3	411.818702	261.320565	0	1.245842	1.360307	0	256.091343	1.24682	1.428556	0.1784414880701557	0.16315674512518863	1.0574189440284332
arxiv	ICPP_TFS_ONLINE_B32	3	3	411.818702	38.162901	0	1.252017	1.270493	0	35.46158	0.197838	2.8e-05	0.1784414880701557	0.16315674512518863	1.0574189440284332
arxiv	ICPP_TFS_PAIR_B32	1	3	328.159668	76.397295	0	0.607404	0.954873	0	71.983937	1.332551	1.515474	0.22393227799096868	0.20475093545011755	1.3269909116314684
arxiv	ICPP_TFS_PAIR_B32	2	3	328.159668	215.551311	0	1.315857	1.413165	0	210.166131	1.229244	1.422988	0.22393227799096868	0.20475093545011755	1.3269909116314684
arxiv	ICPP_TFS_PAIR_B32	3	3	328.159668	36.016934	0	1.253884	1.267909	0	33.312876	0.191953	2.6e-05	0.22393227799096868	0.20475093545011755	1.3269909116314684
products	B0_BF16	1	3	3723.188874	1611.108495	53.355818	11.549012	17.962935	41.063425	1446.192824	19.51068	21.425647	1.0277549467666356	1.0	4.243708919613622
products	B0_BF16	2	3	3723.188874	1626.651066	60.142266	21.286529	18.245119	41.161042	1446.304803	20.02887	21.89914	1.0277549467666356	1.0	4.243708919613622
products	B0_BF16	3	3	3723.188874	490.616721	14.786326	21.211799	3.738343	26.058708	421.570453	3.294212	0.000107	1.0277549467666356	1.0	4.243708919613622
products	B0_FP32	1	3	3826.525783	1609.937839	62.673809	2.3e-05	18.237278	41.012878	1447.11031	19.515405	21.40498	1.0	0.9729945870326833	4.129105807726371
products	B0_FP32	2	3	3826.525783	1693.126425	144.711871	1.9e-05	18.319749	41.137513	1447.180466	20.050227	21.903286	1.0	0.9729945870326833	4.129105807726371
products	B0_FP32	3	3	3826.525783	523.051093	68.494686	2.2e-05	3.828083	26.038539	421.555692	3.300106	2.6e-05	1.0	0.9729945870326833	4.129105807726371
products	B1_TFS_PREMAX	1	3	15800.129834	5313.897799	0	11.616087	12.501379	41.052196	5210.122452	18.909341	21.419872	0.24218318603722938	0.2356429290845535	1.0
products	B1_TFS_PREMAX	2	3	15800.129834	9179.86517	0	20.253505	20.739772	41.042464	9055.892177	19.695123	22.260733	0.24218318603722938	0.2356429290845535	1.0
products	B1_TFS_PREMAX	3	3	15800.129834	1304.563057	0	21.478349	18.911354	25.917401	1235.707922	3.279399	2.9e-05	0.24218318603722938	0.2356429290845535	1.0
products	ICPP_TFS_ONLINE_B32	1	3	14751.955641	4118.017627	0	11.670882	12.712751	0	4055.324882	19.254796	21.474464	0.25939108523109744	0.2523861218543912	1.0710532365001706
products	ICPP_TFS_ONLINE_B32	2	3	14751.955641	9339.080432	0	20.944571	21.270109	0	9256.680567	19.908506	21.999915	0.25939108523109744	0.2523861218543912	1.0710532365001706
products	ICPP_TFS_ONLINE_B32	3	3	14751.955641	1294.669796	0	21.819537	19.19124	0	1249.19166	3.358502	2.9e-05	0.25939108523109744	0.2523861218543912	1.0710532365001706
products	ICPP_TFS_PAIR_B32	1	3	10023.882202	2493.772961	0	11.590119	12.699621	0	2428.982468	19.038362	21.389539	0.3817408969786694	0.3714318264092465	1.576248554761298
products	ICPP_TFS_PAIR_B32	2	3	10023.882202	6319.772896	0	22.934955	21.050183	0	6239.236123	19.185868	21.943968	0.3817408969786694	0.3714318264092465	1.576248554761298
products	ICPP_TFS_PAIR_B32	3	3	10023.882202	1218.382079	0	22.140103	18.86386	0	1174.222459	3.361766	4.5e-05	0.3817408969786694	0.3714318264092465	1.576248554761298
