graph,schedule,window,kind,sampled_windows,reuse_p50,reuse_p90,source_pages_p50,occupancy_p50
ogbn-products,degree,64,sampled_256_tiles,750,1,1.00208768267,320,0.3125
ogbn-products,qshuffle,64,sampled_256_tiles,750,1,1.00271370421,330,0.3232421875
ogbn-products,qsource,64,sampled_256_tiles,750,1.00483091787,1.10560625815,318,0.3232421875
ogbn-products,qpage,64,sampled_256_tiles,750,1.00787401575,1.06666666667,317,0.3212890625
reddit,degree,64,sampled_256_tiles,768,1.03401360544,1.20612485277,624,0.921875
reddit,qshuffle,64,sampled_256_tiles,768,1.01789264414,1.1525974026,636,0.9228515625
reddit,qsource,64,sampled_256_tiles,768,1.32203389831,2.62753036437,424,0.9150390625
reddit,qpage,64,sampled_256_tiles,768,1.2275334608,1.81238938053,491,0.9375
mycielskian19,degree,64,sampled_256_tiles,768,2.06451612903,3.06586826347,92,1
mycielskian19,qshuffle,64,sampled_256_tiles,768,1.29648241206,2.21166306695,163,1
mycielskian19,qsource,64,sampled_256_tiles,768,2.65284974093,6.73684210526,86,1
mycielskian19,qpage,64,sampled_256_tiles,768,2.73066666667,5.78531073446,63,1
roadNet-CA,degree,64,sampled_256_tiles,765,1.09090909091,1.2,19,0.046875
roadNet-CA,qshuffle,64,sampled_256_tiles,765,1,1,34,0.046875
roadNet-CA,qsource,64,sampled_256_tiles,765,1.06666666667,1.2,30,0.046875
roadNet-CA,qpage,64,sampled_256_tiles,765,1.11627906977,1.26315789474,18,0.046875
wiki-Talk,degree,64,sampled_256_tiles,48,1.06666666667,2.28571428571,15,0.015625
wiki-Talk,qshuffle,64,sampled_256_tiles,48,1,1.06666666667,16,0.015625
wiki-Talk,qsource,64,sampled_256_tiles,48,1.18518518519,4,13,0.015625
wiki-Talk,qpage,64,sampled_256_tiles,48,1.19047619048,2,12,0.015625
hollywood-2009,degree,64,sampled_256_tiles,768,1.45454545455,2.28571428571,127,0.359375
hollywood-2009,qshuffle,64,sampled_256_tiles,768,1,1.06666666667,200,0.3671875
hollywood-2009,qsource,64,sampled_256_tiles,768,1.61514195584,4,110,0.369140625
hollywood-2009,qpage,64,sampled_256_tiles,768,1.77777777778,5.33333333333,80,0.375
indochina-2004,degree,64,sampled_256_tiles,630,2.08695652174,5.33333333333,24,0.203125
indochina-2004,qshuffle,64,sampled_256_tiles,630,1.23076923077,1.84802431611,49,0.203125
indochina-2004,qsource,64,sampled_256_tiles,630,3.61290322581,16,16,0.203125
indochina-2004,qpage,64,sampled_256_tiles,630,3.55555555556,16,11,0.203125
soc-Pokec,degree,64,sampled_256_tiles,672,1,1.03225806452,159,0.15625
soc-Pokec,qshuffle,64,sampled_256_tiles,672,1,1.00097751711,158,0.1650390625
soc-Pokec,qsource,64,sampled_256_tiles,672,1.00121212121,1.05109489051,158,0.16796875
soc-Pokec,qpage,64,sampled_256_tiles,672,1.00169204738,1.05882352941,157,0.162109375
cit-Patents,degree,64,sampled_256_tiles,426,1,1,95,0.09375
cit-Patents,qshuffle,64,sampled_256_tiles,426,1,1,96,0.09375
cit-Patents,qsource,64,sampled_256_tiles,426,1,1.06666666667,95,0.09375
cit-Patents,qpage,64,sampled_256_tiles,426,1,1.02752293578,94,0.09375
soc-LiveJournal1,degree,64,sampled_256_tiles,681,1.02702702703,1.23076923077,69,0.078125
soc-LiveJournal1,qshuffle,64,sampled_256_tiles,681,1,1,73,0.078125
soc-LiveJournal1,qsource,64,sampled_256_tiles,681,1.03225806452,1.33333333333,72,0.078125
soc-LiveJournal1,qpage,64,sampled_256_tiles,681,1.03225806452,1.33333333333,70,0.078125
com-LiveJournal,degree,64,sampled_256_tiles,768,1.03703703704,1.23076923077,76,0.09375
com-LiveJournal,qshuffle,64,sampled_256_tiles,768,1,1,83,0.09375
com-LiveJournal,qsource,64,sampled_256_tiles,768,1.01587301587,1.33333333333,80,0.09375
com-LiveJournal,qpage,64,sampled_256_tiles,768,1.03225806452,1.33333333333,72,0.09375
as-Skitter,degree,64,sampled_256_tiles,768,1.23076923077,2.28571428571,52,0.078125
as-Skitter,qshuffle,64,sampled_256_tiles,768,1.02857142857,1.125,65,0.078125
as-Skitter,qsource,64,sampled_256_tiles,768,1.28,2.78260869565,48,0.078125
as-Skitter,qpage,64,sampled_256_tiles,768,1.33333333333,2.63917525773,41,0.078125
rgg_n_2_24_s0,degree,64,sampled_256_tiles,768,1,1.02325581395,239,0.25
rgg_n_2_24_s0,qshuffle,64,sampled_256_tiles,768,1,1,246,0.25
rgg_n_2_24_s0,qsource,64,sampled_256_tiles,768,1.11392405063,1.29147982063,208,0.25
rgg_n_2_24_s0,qpage,64,sampled_256_tiles,768,1.11304347826,1.29361702128,202,0.25
web-Google,degree,64,sampled_256_tiles,618,1,1.02127659574,79,0.078125
web-Google,qshuffle,64,sampled_256_tiles,618,1,1.01587301587,80,0.078125
web-Google,qsource,64,sampled_256_tiles,618,1.23076923077,1.85034013605,64,0.078125
web-Google,qpage,64,sampled_256_tiles,618,1.23076923077,1.96923076923,62,0.078125
email-Enron,degree,64,sampled_256_tiles,768,1.28,8,31,0.046875
email-Enron,qshuffle,64,sampled_256_tiles,768,1.03428571429,1.23076923077,40,0.0478515625
email-Enron,qsource,64,sampled_256_tiles,768,1.36734693878,16,28,0.046875
email-Enron,qpage,64,sampled_256_tiles,768,1.54838709677,16,20,0.0478515625
amazon0601,degree,64,sampled_256_tiles,765,1.19402985075,1.55339805825,74,0.15625
amazon0601,qshuffle,64,sampled_256_tiles,765,1,1.01052631579,103,0.15625
amazon0601,qsource,64,sampled_256_tiles,765,1.11888111888,1.50943396226,83,0.15625
amazon0601,qpage,64,sampled_256_tiles,765,1.14285714286,1.56862745098,79,0.15625
com-Youtube,degree,64,sampled_256_tiles,768,1.23076923077,3.2,13,0.015625
com-Youtube,qshuffle,64,sampled_256_tiles,768,1.00523560209,1.14285714286,16,0.015625
com-Youtube,qsource,64,sampled_256_tiles,768,1.33333333333,16,14,0.015625
com-Youtube,qpage,64,sampled_256_tiles,768,1.33333333333,5.33333333333,10,0.015625
regular128_reuse1,degree,64,sampled_256_tiles,768,1,1,1010,1
regular128_reuse1,qshuffle,64,sampled_256_tiles,768,1,1,1010,1
regular128_reuse1,qsource,64,sampled_256_tiles,768,1,1,1009,1
regular128_reuse1,qpage,64,sampled_256_tiles,768,1,1,1008,1
regular128_reuse4,degree,64,sampled_256_tiles,768,4,4,255,1
regular128_reuse4,qshuffle,64,sampled_256_tiles,768,1,1,1009,1
regular128_reuse4,qsource,64,sampled_256_tiles,768,4,4,255,1
regular128_reuse4,qpage,64,sampled_256_tiles,768,4,4,255,1
regular128_reuse16,degree,64,sampled_256_tiles,768,16,16,64,1
regular128_reuse16,qshuffle,64,sampled_256_tiles,768,1,1.06666666667,1006,1
regular128_reuse16,qsource,64,sampled_256_tiles,768,16,16,64,1
regular128_reuse16,qpage,64,sampled_256_tiles,768,16,16,64,1
