graph,method,repeat,layer1_ms,relu_ms,interlayer_conversion_ms,layer2_ms,total_ms
ogbn-products,paper_tfs,0,165.822982788,4.33707237244,4.96101379395,157.186031342,332.307100296
ogbn-products,paper_tfs,1,164.629936218,4.36806678772,5.07283210754,168.577194214,342.648029327
ogbn-products,paper_tfs,2,165.24887085,4.5599937439,5.23400306702,164.307117462,339.349985123
ogbn-products,b64_fast,0,143.107175827,4.34279441833,4.89902496338,141.942977905,294.291973114
ogbn-products,b64_fast,1,145.615100861,4.36496734619,4.86087799072,142.509937286,297.350883484
ogbn-products,b64_fast,2,145.911931992,4.33397293091,4.89211082458,138.824939728,293.962955475
ogbn-products,bfull_fast,0,144.604921341,4.35400009155,4.85897064209,138.803958893,292.621850967
ogbn-products,bfull_fast,1,143.509864807,4.310131073,4.94885444641,139.256000519,292.024850845
ogbn-products,bfull_fast,2,140.670776367,4.3511390686,4.97508049011,139.270782471,289.267778397
ogbn-products,s64_mfull_degree_fast,0,142.058849335,4.40216064453,4.92787361145,139.008998871,290.397882462
ogbn-products,s64_mfull_degree_fast,1,142.782926559,4.34398651123,4.92095947266,139.512062073,291.559934616
ogbn-products,s64_mfull_degree_fast,2,143.826007843,4.35400009155,4.91881370544,139.811992645,292.910814285
ogbn-products,s64_mfull_qshuffle_fast,0,143.588066101,4.3158531189,5.07211685181,136.457920074,289.433956146
ogbn-products,s64_mfull_qshuffle_fast,1,141.45898819,4.40502166748,4.85682487488,139.784097672,290.504932404
ogbn-products,s64_mfull_qshuffle_fast,2,141.673803329,4.20498847961,4.85706329346,141.377925873,292.113780975
ogbn-products,s64_mfull_qsource_fast,0,140.079975128,4.32515144348,4.88686561584,133.025169373,282.31716156
ogbn-products,s64_mfull_qsource_fast,1,138.39507103,4.20498847961,5.09095191956,135.627031326,283.318042755
ogbn-products,s64_mfull_qsource_fast,2,141.47901535,4.4150352478,4.89783287048,135.432004929,286.223888397
ogbn-products,s64_mfull_qpage_fast,0,137.627124786,4.48298454285,4.89282608032,134.783983231,281.78691864
ogbn-products,s64_mfull_qpage_fast,1,137.938022614,4.32705879211,4.90188598633,136.996030807,284.162998199
ogbn-products,s64_mfull_qpage_fast,2,142.559051514,4.33802604675,5.6779384613,135.377883911,287.952899933
ogbn-products,s64_m64_degree_fast,0,144.654989243,4.32395935059,4.90784645081,138.385057449,292.271852493
ogbn-products,s64_m64_degree_fast,1,141.963005066,4.36592102051,4.89187240601,141.853094101,293.073892593
ogbn-products,s64_m64_degree_fast,2,147.481203079,4.39786911011,4.84895706177,145.009994507,301.738023758
ogbn-products,s64_m64_qshuffle_fast,0,145.001173019,4.30989265442,4.92310523987,138.861894608,293.096065521
ogbn-products,s64_m64_qshuffle_fast,1,141.615867615,4.37498092651,4.93502616882,141.777992249,292.703866959
ogbn-products,s64_m64_qshuffle_fast,2,151.15404129,4.34398651123,4.90593910217,144.773960114,305.177927017
ogbn-products,s64_m64_qsource_fast,0,141.339063644,4.85682487488,5.42521476746,140.543937683,292.16504097
ogbn-products,s64_m64_qsource_fast,1,142.122983932,4.34398651123,5.8798789978,139.019966125,291.366815567
ogbn-products,s64_m64_qsource_fast,2,144.124984741,5.047082901,4.92310523987,140.880823135,294.975996017
ogbn-products,s64_m64_qpage_fast,0,143.420934677,11.2409591675,11.7170810699,139.343976974,305.722951889
ogbn-products,s64_m64_qpage_fast,1,143.234968185,4.36687469482,4.86302375793,143.445968628,295.910835266
ogbn-products,s64_m64_qpage_fast,2,143.238782883,4.40216064453,4.95505332947,142.63677597,295.232772827
reddit,paper_tfs,0,155.406951904,0.371932983398,1.52921676636,156.563997269,313.872098923
reddit,paper_tfs,1,146.812200546,0.377893447876,1.67298316956,158.947944641,307.811021805
reddit,paper_tfs,2,151.293992996,0.37693977356,1.60908699036,163.572072983,316.852092743
reddit,b64_fast,0,60.6620311737,0.375986099243,1.60503387451,58.1059455872,120.748996735
reddit,b64_fast,1,64.9609565735,0.383138656616,1.70397758484,63.0638599396,130.111932755
reddit,b64_fast,2,61.9599819183,0.395059585571,1.68395042419,58.9258670807,122.964859009
reddit,bfull_fast,0,66.684961319,0.37407875061,1.76501274109,64.5749568939,133.399009705
reddit,bfull_fast,1,68.7289237976,0.37407875061,1.67393684387,61.861038208,132.6379776
reddit,bfull_fast,2,66.4281845093,0.372886657715,1.77192687988,64.5041465759,133.077144623
reddit,s64_mfull_degree_fast,0,58.6311817169,0.37693977356,1.71804428101,60.5478286743,121.273994446
reddit,s64_mfull_degree_fast,1,59.7379207611,0.396013259888,1.68895721436,57.7020645142,119.52495575
reddit,s64_mfull_degree_fast,2,59.5328807831,0.375032424927,1.708984375,61.7060661316,123.322963715
reddit,s64_mfull_qshuffle_fast,0,55.8409690857,0.365018844604,1.55115127563,56.9779872894,114.735126495
reddit,s64_mfull_qshuffle_fast,1,61.6068840027,0.386953353882,1.70993804932,62.0560646057,125.759840012
reddit,s64_mfull_qshuffle_fast,2,60.1599216461,0.391006469727,1.71208381653,60.5189800262,122.781991959
reddit,s64_mfull_qsource_fast,0,41.778087616,0.370025634766,1.59883499146,41.8629646301,85.6099128723
reddit,s64_mfull_qsource_fast,1,46.6248989105,0.384092330933,1.708984375,48.1679439545,96.8859195709
reddit,s64_mfull_qsource_fast,2,46.1509227753,0.379085540771,1.71899795532,45.7739830017,94.0229892731
reddit,s64_mfull_qpage_fast,0,47.6930141449,0.366926193237,1.5561580658,47.4028587341,97.0189571381
reddit,s64_mfull_qpage_fast,1,48.1688976288,0.37693977356,1.69706344604,50.1461029053,100.389003754
reddit,s64_mfull_qpage_fast,2,51.7270565033,0.391960144043,1.73711776733,51.2750148773,105.131149292
reddit,s64_m64_degree_fast,0,61.7201328278,0.371932983398,1.53088569641,59.1111183167,122.734069824
reddit,s64_m64_degree_fast,1,59.9579811096,0.387907028198,1.71303749084,60.564994812,122.623920441
reddit,s64_m64_degree_fast,2,63.1229877472,0.387191772461,1.79195404053,65.5598640442,130.861997604
reddit,s64_m64_qshuffle_fast,0,62.0350837708,0.36883354187,1.53517723083,56.4608573914,120.399951935
reddit,s64_m64_qshuffle_fast,1,63.5240077972,0.386953353882,1.70993804932,65.1190280914,130.739927292
reddit,s64_m64_qshuffle_fast,2,66.6561126709,0.389814376831,1.6930103302,63.4880065918,132.22694397
reddit,s64_m64_qsource_fast,0,48.7570762634,0.364780426025,1.56402587891,45.7320213318,96.4179039001
reddit,s64_m64_qsource_fast,1,49.2720603943,0.377893447876,1.69801712036,50.833940506,102.181911469
reddit,s64_m64_qsource_fast,2,49.6621131897,0.377893447876,1.71113014221,49.4899749756,101.241111755
reddit,s64_m64_qpage_fast,0,52.7651309967,0.367879867554,1.55210494995,49.8328208923,104.517936707
reddit,s64_m64_qpage_fast,1,52.4730682373,0.380039215088,1.71494483948,56.0529232025,110.620975494
reddit,s64_m64_qpage_fast,2,56.4091205597,0.391960144043,1.72305107117,54.6379089355,113.16204071
mycielskian19,paper_tfs,0,1122.08509445,0.720977783203,0.821828842163,1069.34905052,2192.9769516
mycielskian19,paper_tfs,1,1055.2380085,0.755071640015,0.95009803772,1111.77897453,2168.72215271
mycielskian19,paper_tfs,2,1078.45592499,0.741004943848,0.904083251953,1079.42891121,2159.52992439
mycielskian19,b64_fast,0,527.855157852,0.775814056396,1.0302066803,541.099786758,1070.76096535
mycielskian19,b64_fast,1,558.174848557,0.750064849854,0.838041305542,568.418979645,1128.18193436
mycielskian19,b64_fast,2,567.60597229,0.736951828003,0.82802772522,548.541069031,1117.71202087
mycielskian19,bfull_fast,0,1222.2969532,0.715017318726,0.871896743774,1222.75900841,2446.64287567
mycielskian19,bfull_fast,1,1240.27609825,0.715970993042,0.844955444336,1241.12415314,2482.96117783
mycielskian19,bfull_fast,2,1274.34015274,0.720977783203,0.818967819214,1208.94789696,2484.8279953
mycielskian19,s64_mfull_degree_fast,0,574.218034744,0.712871551514,0.814199447632,541.754961014,1117.50006676
mycielskian19,s64_mfull_degree_fast,1,542.253017426,0.724077224731,0.848054885864,571.424007416,1115.24915695
mycielskian19,s64_mfull_degree_fast,2,547.633886337,0.730991363525,0.900030136108,552.451133728,1101.71604156
mycielskian19,s64_mfull_qshuffle_fast,0,937.752008438,0.715017318726,0.847816467285,916.625976562,1855.94081879
mycielskian19,s64_mfull_qshuffle_fast,1,942.826986313,0.707149505615,0.811815261841,908.044099808,1852.39005089
mycielskian19,s64_mfull_qshuffle_fast,2,940.654039383,0.725030899048,0.846862792969,928.645133972,1870.87106705
mycielskian19,s64_mfull_qsource_fast,0,556.658029556,0.72193145752,0.849008560181,561.239004135,1119.46797371
mycielskian19,s64_mfull_qsource_fast,1,578.173875809,0.705003738403,0.829935073853,581.359148026,1161.06796265
mycielskian19,s64_mfull_qsource_fast,2,601.528167725,0.711917877197,0.798940658569,566.550016403,1169.58904266
mycielskian19,s64_mfull_qpage_fast,0,467.858076096,0.71907043457,0.839948654175,459.84005928,929.257154465
mycielskian19,s64_mfull_qpage_fast,1,444.683074951,0.716924667358,0.842094421387,448.929071426,895.171165466
mycielskian19,s64_mfull_qpage_fast,2,430.204153061,0.738859176636,0.869035720825,467.679977417,899.492025375
mycielskian19,s64_m64_degree_fast,0,578.100919724,0.715970993042,0.854969024658,520.328044891,1099.99990463
mycielskian19,s64_m64_degree_fast,1,576.220989227,0.715017318726,0.827074050903,550.60505867,1128.36813927
mycielskian19,s64_m64_degree_fast,2,565.270185471,0.72979927063,0.815153121948,518.49603653,1085.31117439
mycielskian19,s64_m64_qshuffle_fast,0,930.08685112,0.707149505615,0.839948654175,894.464015961,1826.09796524
mycielskian19,s64_m64_qshuffle_fast,1,904.021024704,0.808000564575,1.1727809906,962.110042572,1868.11184883
mycielskian19,s64_m64_qshuffle_fast,2,941.966056824,0.741958618164,0.84400177002,925.580024719,1869.13204193
mycielskian19,s64_m64_qsource_fast,0,552.019119263,0.712871551514,0.838994979858,565.791130066,1119.36211586
mycielskian19,s64_m64_qsource_fast,1,570.468187332,0.730037689209,0.820875167847,587.595939636,1159.61503983
mycielskian19,s64_m64_qsource_fast,2,590.482950211,0.733852386475,0.802040100098,586.543083191,1178.56192589
mycielskian19,s64_m64_qpage_fast,0,472.205162048,0.710964202881,0.831842422485,453.569173813,927.317142487
mycielskian19,s64_m64_qpage_fast,1,481.124162674,0.706911087036,0.808954238892,470.106124878,952.746152878
mycielskian19,s64_m64_qpage_fast,2,491.907119751,0.725030899048,0.833988189697,464.365959167,957.832098007
roadNet-CA,paper_tfs,0,15.0640010834,5.98001480103,4.28700447083,11.8629932404,37.1940135956
roadNet-CA,paper_tfs,1,15.0539875031,6.05297088623,4.27103042603,11.8360519409,37.2140407562
roadNet-CA,paper_tfs,2,15.0439739227,6.18100166321,4.25410270691,11.9388103485,37.4178886414
roadNet-CA,b64_fast,0,16.7629718781,6.03008270264,4.27484512329,13.5450363159,40.6129360199
roadNet-CA,b64_fast,1,16.6268348694,5.80215454102,4.27794456482,13.6680603027,40.374994278
roadNet-CA,b64_fast,2,16.5660381317,5.78379631042,4.10103797913,13.3950710297,39.8459434509
roadNet-CA,bfull_fast,0,16.4020061493,5.75709342957,4.04596328735,13.3581161499,39.5631790161
roadNet-CA,bfull_fast,1,16.4189338684,5.84411621094,3.9210319519,13.2918357849,39.4759178162
roadNet-CA,bfull_fast,2,16.3068771362,6.78300857544,3.91411781311,13.1249427795,40.1289463043
roadNet-CA,s64_mfull_degree_fast,0,16.4070129395,5.75995445251,3.89003753662,13.1800174713,39.2370223999
roadNet-CA,s64_mfull_degree_fast,1,16.4082050323,5.79285621643,3.97109985352,13.1390094757,39.311170578
roadNet-CA,s64_mfull_degree_fast,2,16.3559913635,5.54394721985,4.74119186401,15.1979923248,41.8391227722
roadNet-CA,s64_mfull_qshuffle_fast,0,18.5508728027,6.62803649902,4.66012954712,14.7099494934,44.5489883423
roadNet-CA,s64_mfull_qshuffle_fast,1,18.3491706848,6.54196739197,4.63485717773,14.7061347961,44.2321300507
roadNet-CA,s64_mfull_qshuffle_fast,2,18.3551311493,5.88297843933,3.91793251038,14.6808624268,42.8369045258
roadNet-CA,s64_mfull_qsource_fast,0,18.4500217438,5.9769153595,3.97610664368,14.5938396454,42.9968833923
roadNet-CA,s64_mfull_qsource_fast,1,18.2840824127,6.52980804443,3.95703315735,14.5511627197,43.3220863342
roadNet-CA,s64_mfull_qsource_fast,2,18.2049274445,6.28209114075,4.66299057007,14.7080421448,43.8580513
roadNet-CA,s64_mfull_qpage_fast,0,17.5228118896,5.60808181763,3.96800041199,13.9560699463,41.0549640656
roadNet-CA,s64_mfull_qpage_fast,1,17.3320770264,5.82003593445,4.69303131104,13.9079093933,41.7530536652
roadNet-CA,s64_mfull_qpage_fast,2,17.3621177673,6.12878799438,4.69303131104,14.0810012817,42.2649383545
roadNet-CA,s64_m64_degree_fast,0,16.2949562073,5.695104599,4.00400161743,13.2448673248,39.2389297485
roadNet-CA,s64_m64_degree_fast,1,16.1728858948,5.93209266663,4.90498542786,13.1740570068,40.1840209961
roadNet-CA,s64_m64_degree_fast,2,16.0720348358,5.95593452454,4.7299861908,13.1950378418,39.9529933929
roadNet-CA,s64_m64_qshuffle_fast,0,18.5739994049,6.19983673096,3.87716293335,14.8220062256,43.4730052948
roadNet-CA,s64_m64_qshuffle_fast,1,18.4919834137,6.64901733398,4.62698936462,14.7581100464,44.5261001587
roadNet-CA,s64_m64_qshuffle_fast,2,18.3641910553,6.31189346313,3.97896766663,14.6360397339,43.2910919189
roadNet-CA,s64_m64_qsource_fast,0,18.4619426727,6.08110427856,5.77902793884,14.6958827972,45.0179576874
roadNet-CA,s64_m64_qsource_fast,1,18.3370113373,5.89299201965,4.64606285095,14.7268772125,43.6029434204
roadNet-CA,s64_m64_qsource_fast,2,18.3410644531,5.84101676941,4.01091575623,15.0880813599,43.2810783386
roadNet-CA,s64_m64_qpage_fast,0,17.5530910492,6.72698020935,3.97086143494,13.9491558075,42.200088501
roadNet-CA,s64_m64_qpage_fast,1,17.3499584198,5.97310066223,3.94296646118,13.9861106873,41.2521362305
roadNet-CA,s64_m64_qpage_fast,2,17.3761844635,6.10685348511,4.68611717224,14.0340328217,42.2031879425
wiki-Talk,paper_tfs,0,51.5418052673,3.51619720459,5.01894950867,47.8329658508,107.909917831
wiki-Talk,paper_tfs,1,50.6699085236,3.50689888,4.97007369995,47.9550361633,107.101917267
wiki-Talk,paper_tfs,2,51.0921478271,3.50904464722,4.93502616882,47.4758148193,107.012033463
wiki-Talk,b64_fast,0,21.2750434875,3.51595878601,4.52709197998,18.7649726868,48.0830669403
wiki-Talk,b64_fast,1,21.7781066895,3.51881980896,4.9741268158,20.5819606781,50.8530139923
wiki-Talk,b64_fast,2,21.4948654175,3.95894050598,4.54521179199,19.2899703979,49.2889881134
wiki-Talk,bfull_fast,0,21.5179920197,3.5080909729,4.55689430237,18.3610916138,47.9440689087
wiki-Talk,bfull_fast,1,21.2609767914,3.49998474121,4.56500053406,19.0119743347,48.3379364014
wiki-Talk,bfull_fast,2,19.8948383331,3.49712371826,4.57191467285,17.1430110931,45.1068878174
wiki-Talk,s64_mfull_degree_fast,0,18.6190605164,3.50999832153,4.95100021362,18.0010795593,45.0811386108
wiki-Talk,s64_mfull_degree_fast,1,19.6540355682,3.50999832153,4.58884239197,17.6291465759,45.3820228577
wiki-Talk,s64_mfull_degree_fast,2,19.9091434479,3.49998474121,4.5428276062,17.786026001,45.7379817963
wiki-Talk,s64_mfull_qshuffle_fast,0,20.5919742584,3.51285934448,4.58097457886,18.5241699219,47.2099781036
wiki-Talk,s64_mfull_qshuffle_fast,1,21.8460559845,3.51905822754,4.56285476685,19.6340084076,49.5619773865
wiki-Talk,s64_mfull_qshuffle_fast,2,21.1000442505,3.50093841553,4.55498695374,18.5220241547,47.6779937744
wiki-Talk,s64_mfull_qsource_fast,0,19.7851657867,3.50594520569,4.60886955261,18.1951522827,46.0951328278
wiki-Talk,s64_mfull_qsource_fast,1,21.1319923401,3.51309776306,4.55594062805,17.7109241486,46.9119548798
wiki-Talk,s64_mfull_qsource_fast,2,20.3678607941,3.50499153137,5.00202178955,19.5550918579,48.4299659729
wiki-Talk,s64_mfull_qpage_fast,0,24.631023407,3.48091125488,4.54998016357,19.0579891205,51.7199039459
wiki-Talk,s64_mfull_qpage_fast,1,21.027803421,3.50403785706,4.96912002563,17.8518295288,47.3527908325
wiki-Talk,s64_mfull_qpage_fast,2,21.3098526001,3.49712371826,4.58407402039,17.8809165955,47.2719669342
wiki-Talk,s64_m64_degree_fast,0,21.6689109802,3.52120399475,5.05590438843,18.3129310608,48.5589504242
wiki-Talk,s64_m64_degree_fast,1,21.094083786,3.52382659912,4.55212593079,20.7600593567,49.9300956726
wiki-Talk,s64_m64_degree_fast,2,21.6960906982,3.50594520569,4.54998016357,20.0600624084,49.812078476
wiki-Talk,s64_m64_qshuffle_fast,0,24.0919589996,3.52001190186,4.56404685974,20.5669403076,52.7429580688
wiki-Talk,s64_m64_qshuffle_fast,1,23.2479572296,3.49807739258,4.96101379395,19.0329551697,50.7400035858
wiki-Talk,s64_m64_qshuffle_fast,2,21.605014801,3.52692604065,4.56190109253,18.7799930573,48.4738349915
wiki-Talk,s64_m64_qsource_fast,0,21.4939117432,3.49307060242,4.57906723022,18.5759067535,48.1419563293
wiki-Talk,s64_m64_qsource_fast,1,20.5619335175,3.51190567017,4.98199462891,19.4351673126,48.4910011292
wiki-Talk,s64_m64_qsource_fast,2,21.6429233551,3.49617004395,4.54592704773,19.3428993225,49.0279197693
wiki-Talk,s64_m64_qpage_fast,0,20.5171108246,3.51190567017,4.57501411438,19.7720527649,48.376083374
wiki-Talk,s64_m64_qpage_fast,1,21.7700004578,3.51309776306,4.54902648926,19.1268920898,48.9590167999
wiki-Talk,s64_m64_qpage_fast,2,21.0988521576,3.51500511169,4.5690536499,19.3331241608,48.51603508
hollywood-2009,paper_tfs,0,147.916078568,1.99294090271,2.39992141724,147.793054581,300.101995468
hollywood-2009,paper_tfs,1,162.581920624,1.98793411255,2.26402282715,149.623155594,316.457033157
hollywood-2009,paper_tfs,2,155.951023102,1.94191932678,2.3889541626,151.942014694,312.223911285
hollywood-2009,b64_fast,0,102.663993835,1.97887420654,25.8240699768,92.5569534302,223.023891449
hollywood-2009,b64_fast,1,100.078105927,1.98101997375,2.39992141724,99.4100570679,203.869104385
hollywood-2009,b64_fast,2,97.7501869202,1.97696685791,2.40302085876,98.9158153534,201.04598999
hollywood-2009,bfull_fast,0,100.704908371,1.95598602295,2.39300727844,96.6320037842,201.685905457
hollywood-2009,bfull_fast,1,100.694894791,1.98698043823,2.37798690796,99.1439819336,204.20384407
hollywood-2009,bfull_fast,2,99.5528697968,1.97505950928,2.38394737244,98.2439517975,202.155828476
hollywood-2009,s64_mfull_degree_fast,0,97.7919101715,1.93905830383,2.21490859985,97.3701477051,199.31602478
hollywood-2009,s64_mfull_degree_fast,1,97.8910923004,1.97982788086,2.40516662598,95.3140258789,197.590112686
hollywood-2009,s64_mfull_degree_fast,2,98.4530448914,1.94978713989,2.21920013428,96.1518287659,198.773860931
hollywood-2009,s64_mfull_qshuffle_fast,0,100.782871246,1.95598602295,2.39515304565,101.645946503,206.779956818
hollywood-2009,s64_mfull_qshuffle_fast,1,108.676195145,1.97887420654,2.38299369812,104.923963547,217.962026596
hollywood-2009,s64_mfull_qshuffle_fast,2,108.753919601,1.98602676392,2.3889541626,104.027032852,217.15593338
hollywood-2009,s64_mfull_qsource_fast,0,89.9839401245,1.9371509552,2.38680839539,87.4230861664,181.730985641
hollywood-2009,s64_mfull_qsource_fast,1,91.9079780579,2.00200080872,2.28190422058,91.0329818726,187.22486496
hollywood-2009,s64_mfull_qsource_fast,2,95.7369804382,1.98101997375,2.28595733643,95.0179100037,195.021867752
hollywood-2009,s64_mfull_qpage_fast,0,86.452960968,1.96385383606,2.39205360413,82.9970836639,173.805952072
hollywood-2009,s64_mfull_qpage_fast,1,88.369846344,1.95097923279,2.23517417908,88.7639522552,181.319952011
hollywood-2009,s64_mfull_qpage_fast,2,90.9171104431,1.9998550415,2.30002403259,89.6351337433,184.85212326
hollywood-2009,s64_m64_degree_fast,0,94.918012619,1.95598602295,2.66599655151,92.5669670105,192.106962204
hollywood-2009,s64_m64_degree_fast,1,96.8298912048,1.97410583496,2.39682197571,97.8531837463,199.054002762
hollywood-2009,s64_m64_degree_fast,2,100.306987762,1.96194648743,2.41112709045,100.193023682,204.873085022
hollywood-2009,s64_m64_qshuffle_fast,0,100.670814514,1.94811820984,2.39992141724,104.671001434,209.689855576
hollywood-2009,s64_m64_qshuffle_fast,1,109.386920929,1.96313858032,2.43401527405,106.9688797,220.752954483
hollywood-2009,s64_m64_qshuffle_fast,2,107.839107513,1.97100639343,2.38609313965,105.762004852,217.958211899
hollywood-2009,s64_m64_qsource_fast,0,88.790178299,1.96599960327,2.40683555603,87.5289440155,180.691957474
hollywood-2009,s64_m64_qsource_fast,1,93.3780670166,2.07901000977,2.41899490356,90.5480384827,188.424110413
hollywood-2009,s64_m64_qsource_fast,2,92.6899909973,1.98698043823,2.42114067078,90.3668403625,187.464952469
hollywood-2009,s64_m64_qpage_fast,0,85.7620239258,1.93381309509,2.40802764893,83.9490890503,174.05295372
hollywood-2009,s64_m64_qpage_fast,1,87.8660678864,1.99913978577,2.40993499756,88.3860588074,180.661201477
hollywood-2009,s64_m64_qpage_fast,2,89.0889167786,1.96218490601,2.45881080627,89.4541740417,182.964086533
indochina-2004,paper_tfs,0,171.316146851,12.8948688507,14.858007431,157.277107239,356.346130371
indochina-2004,paper_tfs,1,168.503046036,12.2928619385,14.4731998444,157.812833786,353.081941605
indochina-2004,paper_tfs,2,167.968988419,12.3379230499,14.3020153046,156.414985657,351.02391243
indochina-2004,b64_fast,0,98.6461639404,12.3200416565,14.6827697754,88.7629985809,214.411973953
indochina-2004,b64_fast,1,100.004911423,12.6080513,14.5750045776,89.4429683685,216.630935669
indochina-2004,b64_fast,2,98.9871025085,12.3629570007,14.6079063416,89.9610519409,215.919017792
indochina-2004,bfull_fast,0,96.3940620422,12.4640464783,14.683008194,86.3099098206,209.851026535
indochina-2004,bfull_fast,1,95.9239006042,12.5150680542,14.6608352661,86.3540172577,209.453821182
indochina-2004,bfull_fast,2,96.0810184479,12.3980045319,14.664888382,86.7810249329,209.924936295
indochina-2004,s64_mfull_degree_fast,0,96.6939926147,12.3810768127,14.6479606628,86.4961147308,210.219144821
indochina-2004,s64_mfull_degree_fast,1,97.2321033478,12.3248100281,14.6090984344,86.2050056458,210.371017456
indochina-2004,s64_mfull_degree_fast,2,97.4719524384,12.3021602631,14.5449638367,86.7059230804,211.024999619
indochina-2004,s64_mfull_qshuffle_fast,0,116.630077362,13.0069255829,14.750957489,104.169130325,248.557090759
indochina-2004,s64_mfull_qshuffle_fast,1,115.925073624,12.6399993896,14.5490169525,102.488040924,245.60213089
indochina-2004,s64_mfull_qshuffle_fast,2,115.803003311,12.9170417786,14.4639015198,103.927135468,247.111082077
indochina-2004,s64_mfull_qsource_fast,0,96.8749523163,13.0980014801,14.8730278015,85.263967514,210.109949112
indochina-2004,s64_mfull_qsource_fast,1,96.4560508728,12.8929615021,14.6498680115,85.077047348,209.075927734
indochina-2004,s64_mfull_qsource_fast,2,95.9761142731,12.9919052124,14.447927475,86.1041545868,209.520101547
indochina-2004,s64_mfull_qpage_fast,0,96.0509777069,12.9201412201,14.9250030518,85.1018428802,208.997964859
indochina-2004,s64_mfull_qpage_fast,1,94.5539474487,12.8800868988,14.436006546,85.2069854736,207.077026367
indochina-2004,s64_mfull_qpage_fast,2,94.5410728455,13.0610466003,14.6009922028,85.2208137512,207.4239254
indochina-2004,s64_m64_degree_fast,0,99.2608070374,12.9380226135,14.9731636047,87.9487991333,215.120792389
indochina-2004,s64_m64_degree_fast,1,97.7358818054,13.1039619446,14.8491859436,88.3738994598,214.062929153
indochina-2004,s64_m64_degree_fast,2,97.4471569061,13.1998062134,14.5761966705,87.9588127136,213.181972504
indochina-2004,s64_m64_qshuffle_fast,0,120.83697319,12.923002243,14.6360397339,107.355833054,255.751848221
indochina-2004,s64_m64_qshuffle_fast,1,119.451999664,12.9330158234,14.5118236542,107.023954391,253.920793533
indochina-2004,s64_m64_qshuffle_fast,2,119.683980942,13.0598545074,14.5411491394,106.902837753,254.187822342
indochina-2004,s64_m64_qsource_fast,0,101.073026657,12.9601955414,14.4579410553,89.7150039673,218.206167221
indochina-2004,s64_m64_qsource_fast,1,99.5311737061,13.0479335785,14.3918991089,89.1320705414,216.103076935
indochina-2004,s64_m64_qsource_fast,2,100.247144699,12.8707885742,14.585018158,89.5941257477,217.297077179
indochina-2004,s64_m64_qpage_fast,0,99.6170043945,12.9599571228,14.456987381,88.3450508118,215.37899971
indochina-2004,s64_m64_qpage_fast,1,98.3071327209,13.0319595337,14.5390033722,88.5009765625,214.379072189
indochina-2004,s64_m64_qpage_fast,2,98.4179973602,12.9668712616,14.5361423492,88.3688926697,214.289903641
soc-Pokec,paper_tfs,0,47.1770763397,3.03506851196,3.39388847351,44.9059009552,98.5119342804
soc-Pokec,paper_tfs,1,46.5757846832,3.00812721252,3.40008735657,45.4638004303,98.4477996826
soc-Pokec,paper_tfs,2,49.1428375244,2.82001495361,3.22294235229,46.8850135803,102.070808411
soc-Pokec,b64_fast,0,45.3569889069,2.8030872345,3.2320022583,43.3859825134,94.7780609131
soc-Pokec,b64_fast,1,45.8450317383,3.06391716003,3.40604782104,42.7649021149,95.0798988342
soc-Pokec,b64_fast,2,44.9831485748,2.79498100281,3.39603424072,42.3369407654,93.5111045837
soc-Pokec,bfull_fast,0,45.0661182404,3.08609008789,3.38292121887,42.8919792175,94.4271087646
soc-Pokec,bfull_fast,1,44.723033905,3.05795669556,3.40795516968,43.1871414185,94.3760871887
soc-Pokec,bfull_fast,2,44.6588993073,3.06797027588,3.44514846802,42.3529148102,93.5249328613
soc-Pokec,s64_mfull_degree_fast,0,44.8889732361,3.07011604309,3.4019947052,43.5290336609,94.8901176453
soc-Pokec,s64_mfull_degree_fast,1,44.7888374329,3.05223464966,3.43894958496,42.9518222809,94.2318439484
soc-Pokec,s64_mfull_degree_fast,2,44.7428226471,2.76803970337,3.18312644958,43.0510044098,93.7449932098
soc-Pokec,s64_mfull_qshuffle_fast,0,44.6810722351,3.05700302124,3.39984893799,42.4401760101,93.5781002045
soc-Pokec,s64_mfull_qshuffle_fast,1,44.1749095917,2.93612480164,3.4339427948,43.0309772491,93.5759544373
soc-Pokec,s64_mfull_qshuffle_fast,2,44.4221496582,3.05581092834,3.39412689209,42.484998703,93.3570861816
soc-Pokec,s64_mfull_qsource_fast,0,44.7909832001,3.06510925293,3.42488288879,43.3440208435,94.6249961853
soc-Pokec,s64_mfull_qsource_fast,1,44.0299510956,3.00121307373,3.40580940247,42.6921844482,93.12915802
soc-Pokec,s64_mfull_qsource_fast,2,45.2208518982,2.99215316772,3.44896316528,43.0200099945,94.6819782257
soc-Pokec,s64_mfull_qpage_fast,0,45.1691150665,3.0620098114,3.39388847351,42.2298908234,93.8549041748
soc-Pokec,s64_mfull_qpage_fast,1,44.4068908691,3.00788879395,3.41415405273,42.0210361481,92.8499698639
soc-Pokec,s64_mfull_qpage_fast,2,45.0620651245,3.05080413818,3.40509414673,42.5488948822,94.0668582916
soc-Pokec,s64_m64_degree_fast,0,44.3158149719,3.00407409668,3.42488288879,42.8590774536,93.603849411
soc-Pokec,s64_m64_degree_fast,1,44.56615448,3.04794311523,3.41486930847,41.6121482849,92.6411151886
soc-Pokec,s64_m64_degree_fast,2,44.3999767303,3.00002098083,3.41701507568,41.7511463165,92.5681591034
soc-Pokec,s64_m64_qshuffle_fast,0,46.6198921204,2.97212600708,3.4339427948,42.9658889771,95.9918498993
soc-Pokec,s64_m64_qshuffle_fast,1,46.0181236267,2.99501419067,3.42607498169,41.9979095459,94.437122345
soc-Pokec,s64_m64_qshuffle_fast,2,46.0841655731,3.01599502563,3.41987609863,43.5421466827,96.0621833801
soc-Pokec,s64_m64_qsource_fast,0,44.6751117706,3.03387641907,3.40509414673,43.557882309,94.6719646454
soc-Pokec,s64_m64_qsource_fast,1,44.4288253784,3.04007530212,3.39889526367,42.8609848022,93.7287807465
soc-Pokec,s64_m64_qsource_fast,2,45.0599193573,3.03602218628,3.38792800903,42.2389507294,93.722820282
soc-Pokec,s64_m64_qpage_fast,0,45.6068515778,3.03101539612,3.40890884399,42.6840782166,94.7308540344
soc-Pokec,s64_m64_qpage_fast,1,44.912815094,3.00908088684,3.41701507568,42.0501232147,93.3890342712
soc-Pokec,s64_m64_qpage_fast,2,44.8880195618,3.0210018158,3.42202186584,42.2987937927,93.6298370361
cit-Patents,paper_tfs,0,34.9521636963,6.42895698547,6.93488121033,30.3661823273,78.6821842194
cit-Patents,paper_tfs,1,34.6190929413,6.52194023132,6.98304176331,30.7619571686,78.8860321045
cit-Patents,paper_tfs,2,35.6659889221,6.81710243225,7.19881057739,30.40599823,80.0879001617
cit-Patents,b64_fast,0,38.2008552551,6.76012039185,7.19404220581,32.7179431915,84.8729610443
cit-Patents,b64_fast,1,37.8429889679,6.50000572205,7.00712203979,32.2558879852,83.606004715
cit-Patents,b64_fast,2,37.3780727386,6.35385513306,6.93702697754,32.1111679077,82.780122757
cit-Patents,bfull_fast,0,37.1749401093,6.34813308716,6.92987442017,32.1009159088,82.5538635254
cit-Patents,bfull_fast,1,37.4970436096,6.30497932434,6.96396827698,32.0901870728,82.8561782837
cit-Patents,bfull_fast,2,37.7068519592,6.27017021179,7.00283050537,32.2170257568,83.1968784332
cit-Patents,s64_mfull_degree_fast,0,37.6019477844,6.28304481506,7.18593597412,32.7129364014,83.783864975
cit-Patents,s64_mfull_degree_fast,1,37.6310348511,6.30402565002,6.97493553162,32.5770378113,83.487033844
cit-Patents,s64_mfull_degree_fast,2,37.6930236816,6.30307197571,6.96992874146,32.5310230255,83.4970474243
cit-Patents,s64_mfull_qshuffle_fast,0,38.7449264526,6.29115104675,6.96492195129,33.3340167999,85.3350162506
cit-Patents,s64_mfull_qshuffle_fast,1,38.5551452637,6.30903244019,6.97088241577,33.4091186523,85.244178772
cit-Patents,s64_mfull_qshuffle_fast,2,38.5789871216,6.32691383362,7.02619552612,33.4439277649,85.3760242462
cit-Patents,s64_mfull_qsource_fast,0,37.6660823822,6.3169002533,7.00902938843,32.5720310211,83.564043045
cit-Patents,s64_mfull_qsource_fast,1,37.3899936676,6.31403923035,6.98113441467,32.753944397,83.4391117096
cit-Patents,s64_mfull_qsource_fast,2,37.5480651855,6.33883476257,6.96301460266,32.7100753784,83.5599899292
cit-Patents,s64_mfull_qpage_fast,0,37.6331806183,6.33382797241,6.97302818298,32.5880050659,83.5280418396
cit-Patents,s64_mfull_qpage_fast,1,37.5511646271,6.31284713745,7.04622268677,32.726764679,83.6369991302
cit-Patents,s64_mfull_qpage_fast,2,37.407875061,6.82711601257,6.95085525513,32.5450897217,83.7309360504
cit-Patents,s64_m64_degree_fast,0,37.1289253235,6.8678855896,6.96206092834,32.1309566498,83.0898284912
cit-Patents,s64_m64_degree_fast,1,36.9539260864,6.32500648499,7.21096992493,32.2020053864,82.6919078827
cit-Patents,s64_m64_degree_fast,2,36.8971824646,6.29878044128,6.99400901794,32.2971343994,82.4871063232
cit-Patents,s64_m64_qshuffle_fast,0,38.8951301575,6.30187988281,6.95204734802,33.488035202,85.6370925903
cit-Patents,s64_m64_qshuffle_fast,1,38.5680198669,6.34598731995,7.00211524963,33.5350036621,85.4511260986
cit-Patents,s64_m64_qshuffle_fast,2,38.6579036713,6.35290145874,7.00902938843,33.6711406708,85.6909751892
cit-Patents,s64_m64_qsource_fast,0,38.0439758301,6.33311271667,7.77888298035,32.8459739685,85.0019454956
cit-Patents,s64_m64_qsource_fast,1,37.8580093384,6.37197494507,7.32588768005,33.1900119781,84.7458839417
cit-Patents,s64_m64_qsource_fast,2,37.693977356,6.75582885742,6.97207450867,32.7041149139,84.125995636
cit-Patents,s64_m64_qpage_fast,0,37.7349853516,6.30903244019,7.15303421021,32.6619148254,83.8589668274
cit-Patents,s64_m64_qpage_fast,1,37.4970436096,6.33096694946,7.0059299469,32.7711105347,83.6050510406
cit-Patents,s64_m64_qpage_fast,2,37.6310348511,6.28304481506,7.03597068787,32.7110290527,83.6610794067
soc-LiveJournal1,paper_tfs,0,123.677968979,8.86821746826,9.80496406555,122.728824615,265.079975128
soc-LiveJournal1,paper_tfs,1,132.334947586,8.4068775177,9.29808616638,124.147891998,274.187803268
soc-LiveJournal1,paper_tfs,2,129.516839981,8.44216346741,9.24801826477,122.173786163,269.380807877
soc-LiveJournal1,b64_fast,0,129.84085083,8.93807411194,9.37008857727,126.37090683,274.519920349
soc-LiveJournal1,b64_fast,1,130.94997406,8.77904891968,9.17911529541,125.901937485,274.81007576
soc-LiveJournal1,b64_fast,2,130.497932434,8.74400138855,9.18507575989,128.885030746,277.312040329
soc-LiveJournal1,bfull_fast,0,130.06401062,8.89611244202,9.36698913574,125.363826752,273.69093895
soc-LiveJournal1,bfull_fast,1,130.28883934,8.73994827271,9.20009613037,127.379894257,275.608778
soc-LiveJournal1,bfull_fast,2,130.452871323,8.75902175903,9.13095474243,125.373125076,273.7159729
soc-LiveJournal1,s64_mfull_degree_fast,0,134.562969208,8.75997543335,9.14907455444,127.046108246,279.518127441
soc-LiveJournal1,s64_mfull_degree_fast,1,134.433031082,8.8939666748,9.34100151062,126.441001892,279.10900116
soc-LiveJournal1,s64_mfull_degree_fast,2,133.621931076,8.81004333496,9.36007499695,126.340866089,278.132915497
soc-LiveJournal1,s64_mfull_qshuffle_fast,0,131.139993668,8.83817672729,9.85479354858,124.639034271,274.471998215
soc-LiveJournal1,s64_mfull_qshuffle_fast,1,130.098104477,8.83483886719,9.81712341309,125.736951828,274.487018585
soc-LiveJournal1,s64_mfull_qshuffle_fast,2,130.765199661,8.89301300049,9.80591773987,126.162052155,275.626182556
soc-LiveJournal1,s64_mfull_qsource_fast,0,134.218931198,8.91399383545,9.43112373352,127.729892731,280.293941498
soc-LiveJournal1,s64_mfull_qsource_fast,1,133.708000183,8.92996788025,9.73987579346,128.38602066,280.763864517
soc-LiveJournal1,s64_mfull_qsource_fast,2,134.174108505,8.81409645081,9.69099998474,128.865003586,281.544208527
soc-LiveJournal1,s64_mfull_qpage_fast,0,134.612798691,8.8939666748,9.84120368958,130.299806595,283.64777565
soc-LiveJournal1,s64_mfull_qpage_fast,1,135.759115219,8.88991355896,9.38200950623,128.345012665,282.376050949
soc-LiveJournal1,s64_mfull_qpage_fast,2,135.416984558,8.8529586792,9.64903831482,128.948926926,282.867908478
soc-LiveJournal1,s64_m64_degree_fast,0,129.184961319,8.89086723328,9.43398475647,122.677087784,270.186901093
soc-LiveJournal1,s64_m64_degree_fast,1,128.339767456,8.89921188354,9.40799713135,125.602006912,272.248983383
soc-LiveJournal1,s64_m64_degree_fast,2,129.179000854,8.88395309448,9.43088531494,124.474048615,271.967887878
soc-LiveJournal1,s64_m64_qshuffle_fast,0,131.107091904,8.87703895569,9.72199440002,127.260923386,276.967048645
soc-LiveJournal1,s64_m64_qshuffle_fast,1,132.66992569,8.87989997864,9.79399681091,126.89614296,278.239965439
soc-LiveJournal1,s64_m64_qshuffle_fast,2,130.05399704,8.81910324097,9.45997238159,124.56703186,272.900104523
soc-LiveJournal1,s64_m64_qsource_fast,0,136.564016342,8.84580612183,9.82308387756,129.055023193,284.287929535
soc-LiveJournal1,s64_m64_qsource_fast,1,135.699987411,8.88895988464,9.82999801636,130.400180817,284.819126129
soc-LiveJournal1,s64_m64_qsource_fast,2,135.085821152,8.93521308899,9.32884216309,129.333972931,282.683849335
soc-LiveJournal1,s64_m64_qpage_fast,0,137.266159058,8.92281532288,9.79113578796,129.029989243,285.010099411
soc-LiveJournal1,s64_m64_qpage_fast,1,135.617017746,8.88109207153,9.38487052917,128.973007202,282.855987549
soc-LiveJournal1,s64_m64_qpage_fast,2,136.528968811,8.85701179504,9.49001312256,130.487203598,285.363197327
com-LiveJournal,paper_tfs,0,113.848924637,8.25309753418,7.80010223389,110.161781311,240.063905716
com-LiveJournal,paper_tfs,1,118.802070618,7.94291496277,8.21304321289,122.226953506,257.1849823
com-LiveJournal,paper_tfs,2,122.992992401,7.41291046143,7.80296325684,116.809129715,255.017995834
com-LiveJournal,b64_fast,0,119.510889053,8.55898857117,8.10408592224,112.577915192,248.751878738
com-LiveJournal,b64_fast,1,121.432065964,8.72707366943,8.10503959656,114.187955856,252.452135086
com-LiveJournal,b64_fast,2,119.822978973,8.50796699524,7.6630115509,115.364074707,251.358032227
com-LiveJournal,bfull_fast,0,121.176958084,8.50605964661,8.10194015503,115.417957306,253.202915192
com-LiveJournal,bfull_fast,1,119.590044022,8.47387313843,7.69805908203,115.478038788,251.24001503
com-LiveJournal,bfull_fast,2,122.698068619,8.34608078003,7.65681266785,116.172075272,254.873037338
com-LiveJournal,s64_mfull_degree_fast,0,123.644113541,8.75401496887,8.44502449036,117.071866989,257.915019989
com-LiveJournal,s64_mfull_degree_fast,1,124.519109726,8.32295417786,8.17394256592,117.374897003,258.390903473
com-LiveJournal,s64_mfull_degree_fast,2,122.998952866,8.40401649475,8.04901123047,116.003036499,255.45501709
com-LiveJournal,s64_mfull_qshuffle_fast,0,121.7918396,8.61716270447,8.61096382141,116.371870041,255.391836166
com-LiveJournal,s64_mfull_qshuffle_fast,1,122.179031372,8.24689865112,8.03804397583,113.236904144,251.700878143
com-LiveJournal,s64_mfull_qshuffle_fast,2,120.36895752,8.49199295044,8.15892219543,116.17398262,253.193855286
com-LiveJournal,s64_mfull_qsource_fast,0,120.33200264,8.2859992981,8.04114341736,117.679834366,254.338979721
com-LiveJournal,s64_mfull_qsource_fast,1,121.047019958,8.49294662476,8.49199295044,115.134000778,253.165960312
com-LiveJournal,s64_mfull_qsource_fast,2,122.986078262,8.47387313843,8.4400177002,115.297079086,255.197048187
com-LiveJournal,s64_mfull_qpage_fast,0,120.653152466,8.41307640076,7.77888298035,117.500066757,254.345178604
com-LiveJournal,s64_mfull_qpage_fast,1,123.763084412,8.53610038757,8.10790061951,117.089033127,257.496118546
com-LiveJournal,s64_mfull_qpage_fast,2,123.950958252,8.46409797668,8.2368850708,116.912126541,257.564067841
com-LiveJournal,s64_m64_degree_fast,0,117.004156113,8.52394104004,8.16106796265,112.337827682,246.026992798
com-LiveJournal,s64_m64_degree_fast,1,117.491960526,8.50391387939,8.07905197144,114.047050476,248.121976852
com-LiveJournal,s64_m64_degree_fast,2,120.568037033,8.54301452637,8.13102722168,113.370895386,250.612974167
com-LiveJournal,s64_m64_qshuffle_fast,0,118.957996368,8.51082801819,8.30411911011,112.772941589,248.545885086
com-LiveJournal,s64_m64_qshuffle_fast,1,118.992805481,8.60810279846,8.23593139648,114.453077316,250.289916992
com-LiveJournal,s64_m64_qshuffle_fast,2,123.268127441,8.73899459839,8.38184356689,112.576007843,252.96497345
com-LiveJournal,s64_m64_qsource_fast,0,122.395992279,8.39900970459,8.50391387939,118.850946426,258.149862289
com-LiveJournal,s64_m64_qsource_fast,1,124.658107758,8.33988189697,8.11505317688,117.105960846,258.219003677
com-LiveJournal,s64_m64_qsource_fast,2,124.396085739,8.30698013306,8.44693183899,116.501092911,257.651090622
com-LiveJournal,s64_m64_qpage_fast,0,123.211860657,8.45813751221,8.10194015503,117.476940155,257.248878479
com-LiveJournal,s64_m64_qpage_fast,1,125.105142593,8.45885276794,7.75218009949,118.317842484,259.634017944
com-LiveJournal,s64_m64_qpage_fast,2,124.903202057,8.3749294281,8.46695899963,116.16897583,257.914066315
as-Skitter,paper_tfs,0,53.0247688293,3.43012809753,3.56197357178,48.1970310211,108.21390152
as-Skitter,paper_tfs,1,49.889087677,3.56006622314,3.45897674561,44.3389415741,101.24707222
as-Skitter,paper_tfs,2,48.2790470123,3.11088562012,3.28421592712,49.4539737701,104.12812233
as-Skitter,b64_fast,0,37.8530025482,3.32307815552,3.57294082642,35.2630615234,80.0120830536
as-Skitter,b64_fast,1,38.2590293884,3.5548210144,3.50308418274,35.0780487061,80.3949832916
as-Skitter,b64_fast,2,38.8851165771,3.41987609863,3.55410575867,34.2149734497,80.0740718842
as-Skitter,bfull_fast,0,36.8690490723,3.51190567017,3.52597236633,33.7560176849,77.6629447937
as-Skitter,bfull_fast,1,38.948059082,3.32093238831,3.55505943298,33.9279174805,79.7519683838
as-Skitter,bfull_fast,2,37.6880168915,3.47805023193,3.57604026794,35.0110530853,79.7531604767
as-Skitter,s64_mfull_degree_fast,0,36.810874939,3.35216522217,3.57890129089,32.8011512756,76.5430927277
as-Skitter,s64_mfull_degree_fast,1,37.8909111023,3.64398956299,3.50594520569,34.1010093689,79.1418552399
as-Skitter,s64_mfull_degree_fast,2,35.4731082916,3.59606742859,3.47399711609,33.805847168,76.3490200043
as-Skitter,s64_mfull_qshuffle_fast,0,36.3280773163,3.54409217834,3.53384017944,34.5602035522,77.9662132263
as-Skitter,s64_mfull_qshuffle_fast,1,39.4420623779,3.53789329529,3.52501869202,34.5919132233,81.0968875885
as-Skitter,s64_mfull_qshuffle_fast,2,38.831949234,3.57484817505,3.51405143738,35.1569652557,81.0778141022
as-Skitter,s64_mfull_qsource_fast,0,36.0939502716,3.79300117493,3.45587730408,32.5090885162,75.8519172668
as-Skitter,s64_mfull_qsource_fast,1,35.740852356,3.62610816956,3.51691246033,34.3990325928,77.2829055786
as-Skitter,s64_mfull_qsource_fast,2,35.758972168,3.24106216431,3.60703468323,32.6840877533,75.2911567688
as-Skitter,s64_mfull_qpage_fast,0,37.346124649,3.30281257629,3.58510017395,32.8741073608,77.1081447601
as-Skitter,s64_mfull_qpage_fast,1,37.290096283,3.58486175537,3.47304344177,33.8549613953,78.2029628754
as-Skitter,s64_mfull_qpage_fast,2,35.8111858368,3.53598594666,3.51786613464,33.2441329956,76.1091709137
as-Skitter,s64_m64_degree_fast,0,38.3720397949,3.67307662964,3.50785255432,34.9719524384,80.5249214172
as-Skitter,s64_m64_degree_fast,1,38.5248661041,3.62610816956,3.49903106689,35.2518558502,80.9018611908
as-Skitter,s64_m64_degree_fast,2,37.859916687,3.55291366577,3.59320640564,34.815788269,79.8218250275
as-Skitter,s64_m64_qshuffle_fast,0,39.617061615,3.5879611969,3.49402427673,35.2108478546,81.9098949432
as-Skitter,s64_m64_qshuffle_fast,1,39.6399497986,3.41296195984,3.54504585266,35.8290672302,82.4270248413
as-Skitter,s64_m64_qshuffle_fast,2,37.8398895264,3.6461353302,3.49998474121,36.789894104,81.7759037018
as-Skitter,s64_m64_qsource_fast,0,37.4009609222,3.40294837952,3.55911254883,34.7158908844,79.078912735
as-Skitter,s64_m64_qsource_fast,1,37.1840000153,3.60417366028,3.48591804504,35.2900028229,79.5640945435
as-Skitter,s64_m64_qsource_fast,2,37.7550125122,3.75509262085,3.42297554016,34.6438884735,79.5769691467
as-Skitter,s64_m64_qpage_fast,0,38.0082130432,3.47399711609,3.55982780457,35.2501869202,80.292224884
as-Skitter,s64_m64_qpage_fast,1,38.7949943542,3.5879611969,3.53813171387,34.9698066711,80.8908939362
as-Skitter,s64_m64_qpage_fast,2,36.8740558624,3.6289691925,3.48997116089,34.7340106964,78.7270069122
rgg_n_2_24_s0,paper_tfs,0,436.637163162,52.5619983673,38.9659404755,400.119066238,928.284168243
rgg_n_2_24_s0,paper_tfs,1,425.840139389,53.9588928223,35.9101295471,397.313833237,913.022994995
rgg_n_2_24_s0,paper_tfs,2,426.083803177,55.3381443024,35.8059406281,397.557973862,914.785861969
rgg_n_2_24_s0,b64_fast,0,434.85212326,50.6498813629,35.5780124664,404.536008835,925.616025925
rgg_n_2_24_s0,b64_fast,1,435.418128967,52.3269176483,35.4290008545,404.302120209,927.476167679
rgg_n_2_24_s0,b64_fast,2,436.083078384,51.8460273743,35.6209278107,404.165029526,927.715063095
rgg_n_2_24_s0,bfull_fast,0,436.542987823,50.4410266876,35.4290008545,404.819965363,927.232980728
rgg_n_2_24_s0,bfull_fast,1,437.554121017,50.586938858,35.5160236359,405.909061432,929.566144943
rgg_n_2_24_s0,bfull_fast,2,437.736988068,49.6311187744,35.5730056763,407.056093216,929.997205734
rgg_n_2_24_s0,s64_mfull_degree_fast,0,438.085079193,50.7547855377,35.6061458588,408.519029617,932.965040207
rgg_n_2_24_s0,s64_mfull_degree_fast,1,438.405990601,48.7611293793,35.6829166412,407.343149185,930.193185806
rgg_n_2_24_s0,s64_mfull_degree_fast,2,438.006162643,50.7550239563,35.6719493866,407.211065292,931.644201279
rgg_n_2_24_s0,s64_mfull_qshuffle_fast,0,454.173088074,51.2969493866,36.5109443665,421.398162842,963.379144669
rgg_n_2_24_s0,s64_mfull_qshuffle_fast,1,452.931880951,50.5611896515,35.5539321899,429.637908936,968.684911728
rgg_n_2_24_s0,s64_mfull_qshuffle_fast,2,459.808826447,52.8080463409,35.4161262512,429.225921631,977.25892067
rgg_n_2_24_s0,s64_mfull_qsource_fast,0,439.442157745,48.5289096832,36.5579128265,407.239198685,931.76817894
rgg_n_2_24_s0,s64_mfull_qsource_fast,1,435.4159832,50.2469539642,35.5801582336,414.366006851,935.609102249
rgg_n_2_24_s0,s64_mfull_qsource_fast,2,443.835020065,51.7489910126,35.4759693146,413.56086731,944.620847702
rgg_n_2_24_s0,s64_mfull_qpage_fast,0,440.17791748,51.1028766632,36.6711616516,407.373905182,935.325860977
rgg_n_2_24_s0,s64_mfull_qpage_fast,1,436.494827271,50.1050949097,35.8469486237,415.006160736,937.45303154
rgg_n_2_24_s0,s64_mfull_qpage_fast,2,444.423913956,50.2490997314,35.7370376587,414.458990097,944.869041443
rgg_n_2_24_s0,s64_m64_degree_fast,0,434.429168701,50.5449771881,37.0008945465,403.150081635,925.12512207
rgg_n_2_24_s0,s64_m64_degree_fast,1,432.150125504,50.7619380951,35.8150005341,410.81404686,929.541110992
rgg_n_2_24_s0,s64_m64_degree_fast,2,440.483093262,50.7848262787,35.8891487122,410.085916519,937.242984772
rgg_n_2_24_s0,s64_m64_qshuffle_fast,0,456.759929657,49.5879650116,36.3290309906,424.765110016,967.442035675
rgg_n_2_24_s0,s64_m64_qshuffle_fast,1,455.483198166,50.9328842163,35.875082016,432.897806168,975.188970566
rgg_n_2_24_s0,s64_m64_qshuffle_fast,2,461.880922318,49.0660667419,35.8700752258,432.569980621,979.387044907
rgg_n_2_24_s0,s64_m64_qsource_fast,0,441.565990448,48.9280223846,37.0149612427,409.476041794,936.985015869
rgg_n_2_24_s0,s64_m64_qsource_fast,1,438.314199448,49.400806427,35.9439849854,415.994167328,939.653158188
rgg_n_2_24_s0,s64_m64_qsource_fast,2,446.291923523,49.7090816498,35.9799861908,416.213989258,948.194980621
rgg_n_2_24_s0,s64_m64_qpage_fast,0,441.00689888,48.4521389008,36.6408824921,408.993005753,935.092926025
rgg_n_2_24_s0,s64_m64_qpage_fast,1,437.495946884,50.1761436462,35.7518196106,415.389060974,938.812971115
rgg_n_2_24_s0,s64_m64_qpage_fast,2,446.232795715,50.763130188,35.9320640564,415.621995926,948.549985886
web-Google,paper_tfs,0,9.64283943176,1.45816802979,1.77192687988,8.48007202148,21.3530063629
web-Google,paper_tfs,1,9.40895080566,1.47104263306,1.75905227661,8.3429813385,20.9820270538
web-Google,paper_tfs,2,9.4850063324,1.47604942322,1.75499916077,8.25500488281,20.9710597992
web-Google,b64_fast,0,10.1320743561,1.45602226257,1.75786018372,8.45503807068,21.800994873
web-Google,b64_fast,1,10.0162029266,1.45483016968,1.75809860229,8.45694541931,21.6860771179
web-Google,b64_fast,2,10.1361274719,1.45483016968,1.76310539246,8.39591026306,21.7499732971
web-Google,bfull_fast,0,9.97185707092,1.46794319153,1.76906585693,8.3179473877,21.5268135071
web-Google,bfull_fast,1,9.97304916382,1.44386291504,1.76596641541,8.39495658875,21.577835083
web-Google,bfull_fast,2,9.98783111572,1.47008895874,1.77001953125,8.34798812866,21.5759277344
web-Google,s64_mfull_degree_fast,0,9.8831653595,1.45578384399,1.92308425903,8.49914550781,21.7611789703
web-Google,s64_mfull_degree_fast,1,9.84001159668,1.43980979919,1.76906585693,8.32796096802,21.3768482208
web-Google,s64_mfull_degree_fast,2,9.84907150269,1.44815444946,1.89590454102,8.66293907166,21.8560695648
web-Google,s64_mfull_qshuffle_fast,0,10.1139545441,1.43909454346,1.77788734436,8.45003128052,21.7809677124
web-Google,s64_mfull_qshuffle_fast,1,10.0438594818,1.43599510193,1.9199848175,8.69011878967,22.0899581909
web-Google,s64_mfull_qshuffle_fast,2,9.88602638245,1.42693519592,1.95097923279,8.69417190552,21.9581127167
web-Google,s64_mfull_qsource_fast,0,9.86909866333,1.44910812378,1.99699401855,8.455991745,21.7711925507
web-Google,s64_mfull_qsource_fast,1,9.72104072571,1.48892402649,2.0170211792,8.39304924011,21.6200351715
web-Google,s64_mfull_qsource_fast,2,9.70482826233,1.45101547241,1.78098678589,8.24213027954,21.1789608002
web-Google,s64_mfull_qpage_fast,0,9.94992256165,1.42693519592,1.77812576294,8.15200805664,21.3069915771
web-Google,s64_mfull_qpage_fast,1,9.66596603394,1.44410133362,1.79100036621,8.24308395386,21.1441516876
web-Google,s64_mfull_qpage_fast,2,9.70602035522,1.43909454346,1.9748210907,8.50200653076,21.6219425201
web-Google,s64_m64_degree_fast,0,9.98401641846,1.48010253906,1.96385383606,8.34703445435,21.7750072479
web-Google,s64_m64_degree_fast,1,9.87601280212,1.43790245056,1.94787979126,8.52608680725,21.7878818512
web-Google,s64_m64_degree_fast,2,9.82713699341,1.46007537842,1.95384025574,8.53109359741,21.772146225
web-Google,s64_m64_qshuffle_fast,0,10.0200176239,1.43718719482,1.77383422852,8.45098495483,21.6820240021
web-Google,s64_m64_qshuffle_fast,1,9.93609428406,1.4328956604,1.96409225464,8.58497619629,21.9180583954
web-Google,s64_m64_qshuffle_fast,2,10.046005249,1.42312049866,1.9199848175,8.84485244751,22.2339630127
web-Google,s64_m64_qsource_fast,0,10.0100040436,1.4181137085,1.78790092468,8.33892822266,21.5549468994
web-Google,s64_m64_qsource_fast,1,9.64498519897,1.44600868225,2.03204154968,8.56804847717,21.6910839081
web-Google,s64_m64_qsource_fast,2,9.6549987793,1.4979839325,2.02894210815,8.34012031555,21.5220451355
web-Google,s64_m64_qpage_fast,0,9.88411903381,1.46484375,2.00819969177,8.45980644226,21.8169689178
web-Google,s64_m64_qpage_fast,1,9.67288017273,1.44219398499,1.95097923279,8.43000411987,21.4960575104
web-Google,s64_m64_qpage_fast,2,9.68194007874,1.44410133362,1.79290771484,8.2221031189,21.1410522461
email-Enron,paper_tfs,0,1.08599662781,0.0619888305664,0.0689029693604,1.11508369446,2.33197212219
email-Enron,paper_tfs,1,1.060962677,0.06103515625,0.18310546875,1.02400779724,2.32911109924
email-Enron,paper_tfs,2,1.04784965515,0.0660419464111,0.180959701538,1.02806091309,2.32291221619
email-Enron,b64_fast,0,0.566959381104,0.0660419464111,0.186920166016,0.56004524231,1.37996673584
email-Enron,b64_fast,1,0.504016876221,0.0660419464111,0.154972076416,0.478982925415,1.20401382446
email-Enron,b64_fast,2,0.504016876221,0.0669956207275,0.156879425049,0.502109527588,1.23000144958
email-Enron,bfull_fast,0,0.495910644531,0.068187713623,0.149965286255,0.479936599731,1.19400024414
email-Enron,bfull_fast,1,0.473022460938,0.0669956207275,0.152111053467,0.469923019409,1.16205215454
email-Enron,bfull_fast,2,0.464200973511,0.0629425048828,0.149011611938,0.444889068604,1.12104415894
email-Enron,s64_mfull_degree_fast,0,0.492811203003,0.0650882720947,0.155925750732,0.461101531982,1.17492675781
email-Enron,s64_mfull_degree_fast,1,0.463962554932,0.0641345977783,0.169992446899,0.471830368042,1.16991996765
email-Enron,s64_mfull_degree_fast,2,0.467777252197,0.0710487365723,0.158071517944,0.463962554932,1.16086006165
email-Enron,s64_mfull_qshuffle_fast,0,0.540018081665,0.06103515625,0.209093093872,0.498056411743,1.30820274353
email-Enron,s64_mfull_qshuffle_fast,1,0.47492980957,0.06103515625,0.168085098267,0.460863113403,1.16491317749
email-Enron,s64_mfull_qshuffle_fast,2,0.486135482788,0.0648498535156,0.161170959473,0.471830368042,1.18398666382
email-Enron,s64_mfull_qsource_fast,0,0.518083572388,0.0669956207275,0.212907791138,0.502109527588,1.30009651184
email-Enron,s64_mfull_qsource_fast,1,0.49090385437,0.0700950622559,0.165939331055,0.463008880615,1.1899471283
email-Enron,s64_mfull_qsource_fast,2,0.517129898071,0.0710487365723,0.159978866577,0.440835952759,1.18899345398
email-Enron,s64_mfull_qpage_fast,0,0.553131103516,0.0638961791992,0.19097328186,0.476121902466,1.28412246704
email-Enron,s64_mfull_qpage_fast,1,0.513076782227,0.0679492950439,0.152826309204,0.431060791016,1.16491317749
email-Enron,s64_mfull_qpage_fast,2,0.492811203003,0.0691413879395,0.1540184021,0.448942184448,1.16491317749
email-Enron,s64_m64_degree_fast,0,0.581979751587,0.0631809234619,0.192880630493,0.52809715271,1.36613845825
email-Enron,s64_m64_degree_fast,1,0.495910644531,0.0629425048828,0.163078308105,0.514984130859,1.23691558838
email-Enron,s64_m64_degree_fast,2,0.504016876221,0.0720024108887,0.158071517944,0.461101531982,1.19519233704
email-Enron,s64_m64_qshuffle_fast,0,0.626802444458,0.0691413879395,0.207901000977,0.534057617188,1.43790245056
email-Enron,s64_m64_qshuffle_fast,1,0.504016876221,0.0660419464111,0.168085098267,0.471830368042,1.20997428894
email-Enron,s64_m64_qshuffle_fast,2,0.54407119751,0.0650882720947,0.158071517944,0.486850738525,1.25408172607
email-Enron,s64_m64_qsource_fast,0,0.626087188721,0.0650882720947,0.207901000977,0.578880310059,1.47795677185
email-Enron,s64_m64_qsource_fast,1,0.532865524292,0.068187713623,0.155925750732,0.473976135254,1.2309551239
email-Enron,s64_m64_qsource_fast,2,0.488042831421,0.0679492950439,0.16713142395,0.540018081665,1.26314163208
email-Enron,s64_m64_qpage_fast,0,0.575065612793,0.0669956207275,0.197887420654,0.524044036865,1.36399269104
email-Enron,s64_m64_qpage_fast,1,0.523090362549,0.0638961791992,0.158071517944,0.491142272949,1.23620033264
email-Enron,s64_m64_qpage_fast,2,0.518083572388,0.0669956207275,0.140905380249,0.461101531982,1.18708610535
amazon0601,paper_tfs,0,5.48386573792,0.774145126343,1.00302696228,5.54084777832,12.8018856049
amazon0601,paper_tfs,1,5.93090057373,0.782012939453,1.02496147156,5.50103187561,13.2389068604
amazon0601,paper_tfs,2,5.93304634094,0.789165496826,1.03878974915,5.52701950073,13.2880210876
amazon0601,b64_fast,0,5.13887405396,0.779151916504,1.01089477539,4.45413589478,11.3830566406
amazon0601,b64_fast,1,5.0950050354,0.79607963562,1.02281570435,4.54711914062,11.461019516
amazon0601,b64_fast,2,5.18703460693,0.787973403931,1.00111961365,4.39190864563,11.3680362701
amazon0601,bfull_fast,0,5.1748752594,0.792980194092,1.0130405426,4.71210479736,11.6930007935
amazon0601,bfull_fast,1,5.18202781677,0.80394744873,1.0039806366,4.55713272095,11.547088623
amazon0601,bfull_fast,2,5.24806976318,0.765800476074,0.954151153564,4.51683998108,11.4848613739
amazon0601,s64_mfull_degree_fast,0,5.11884689331,0.769138336182,0.954866409302,4.55403327942,11.3968849182
amazon0601,s64_mfull_degree_fast,1,5.08689880371,0.771999359131,1.02400779724,4.6169757843,11.4998817444
amazon0601,s64_mfull_degree_fast,2,5.14483451843,0.777959823608,0.946044921875,4.55212593079,11.4209651947
amazon0601,s64_mfull_qshuffle_fast,0,6.16383552551,0.739097595215,0.95009803772,5.34987449646,13.2029056549
amazon0601,s64_mfull_qshuffle_fast,1,5.80191612244,0.741958618164,0.882148742676,5.37276268005,12.7987861633
amazon0601,s64_mfull_qshuffle_fast,2,5.92398643494,0.730991363525,0.895977020264,5.41806221008,12.9690170288
amazon0601,s64_mfull_qsource_fast,0,5.82504272461,0.726938247681,0.855922698975,5.22303581238,12.6309394836
amazon0601,s64_mfull_qsource_fast,1,5.56087493896,0.753164291382,0.985860824585,5.13696670532,12.4368667603
amazon0601,s64_mfull_qsource_fast,2,5.63311576843,0.740051269531,0.88095664978,5.06901741028,12.323141098
amazon0601,s64_mfull_qpage_fast,0,5.85293769836,0.741004943848,0.867128372192,5.13386726379,12.5949382782
amazon0601,s64_mfull_qpage_fast,1,5.50699234009,0.741004943848,0.895977020264,5.10096549988,12.2449398041
amazon0601,s64_mfull_qpage_fast,2,5.53488731384,0.749111175537,0.88095664978,5.12194633484,12.286901474
amazon0601,s64_m64_degree_fast,0,5.38802146912,0.726938247681,0.877141952515,4.85277175903,11.8448734283
amazon0601,s64_m64_degree_fast,1,5.17702102661,0.724077224731,0.887870788574,4.82511520386,11.6140842438
amazon0601,s64_m64_degree_fast,2,5.14817237854,0.735998153687,1.01494789124,4.86302375793,11.7621421814
amazon0601,s64_m64_qshuffle_fast,0,6.16979598999,0.737190246582,0.960826873779,5.45406341553,13.3218765259
amazon0601,s64_m64_qshuffle_fast,1,5.9700012207,0.750064849854,0.86498260498,5.42306900024,13.0081176758
amazon0601,s64_m64_qshuffle_fast,2,5.85699081421,0.741004943848,0.881910324097,5.42998313904,12.9098892212
amazon0601,s64_m64_qsource_fast,0,5.90801239014,0.731945037842,1.0039806366,5.17988204956,12.8238201141
amazon0601,s64_m64_qsource_fast,1,5.56206703186,0.75101852417,0.885009765625,5.06186485291,12.2599601746
amazon0601,s64_m64_qsource_fast,2,5.48410415649,0.730037689209,0.993967056274,5.50603866577,12.7141475677
amazon0601,s64_m64_qpage_fast,0,5.84316253662,0.73504447937,0.849008560181,5.13792037964,12.5651359558
amazon0601,s64_m64_qpage_fast,1,5.65886497498,0.741958618164,0.881195068359,5.00297546387,12.2849941254
amazon0601,s64_m64_qpage_fast,2,5.59496879578,0.739097595215,0.977993011475,5.13887405396,12.4509334564
com-Youtube,paper_tfs,0,22.8209495544,2.48599052429,2.37202644348,20.5059051514,48.1848716736
com-Youtube,paper_tfs,1,21.763086319,2.60400772095,2.84099578857,21.0361480713,48.2442378998
com-Youtube,paper_tfs,2,22.0928192139,2.59900093079,2.86912918091,20.0409889221,47.6019382477
com-Youtube,b64_fast,0,15.6121253967,2.52795219421,2.42400169373,13.9138698578,34.4779491425
com-Youtube,b64_fast,1,15.832901001,2.66599655151,2.83098220825,13.9729976654,35.3028774261
com-Youtube,b64_fast,2,15.1917934418,2.61998176575,2.86102294922,14.1291618347,34.8019599915
com-Youtube,bfull_fast,0,14.6369934082,2.52985954285,2.44808197021,13.7150287628,33.3299636841
com-Youtube,bfull_fast,1,14.5070552826,2.48694419861,2.43806838989,13.2520198822,32.6840877533
com-Youtube,bfull_fast,2,14.6980285645,2.51388549805,2.42805480957,13.1180286407,32.7579975128
com-Youtube,s64_mfull_degree_fast,0,14.9900913239,2.5520324707,2.86793708801,13.3118629456,33.7219238281
com-Youtube,s64_mfull_degree_fast,1,15.7618522644,2.65216827393,2.83694267273,13.0319595337,34.2829227448
com-Youtube,s64_mfull_degree_fast,2,15.1529312134,2.69103050232,2.83002853394,12.8660202026,33.5400104523
com-Youtube,s64_mfull_qshuffle_fast,0,15.9151554108,2.66790390015,2.84314155579,13.4449005127,34.8711013794
com-Youtube,s64_mfull_qshuffle_fast,1,15.4919624329,2.67004966736,2.84004211426,13.267993927,34.2700481415
com-Youtube,s64_mfull_qshuffle_fast,2,15.557050705,2.70390510559,2.84004211426,13.7460231781,34.8470211029
com-Youtube,s64_mfull_qsource_fast,0,15.2959823608,2.65979766846,2.85315513611,13.8640403748,34.6729755402
com-Youtube,s64_mfull_qsource_fast,1,15.8529281616,2.70509719849,2.81286239624,13.0670070648,34.4378948212
com-Youtube,s64_mfull_qsource_fast,2,14.7559642792,2.67195701599,2.8350353241,13.7739181519,34.0368747711
com-Youtube,s64_mfull_qpage_fast,0,15.2900218964,2.72297859192,2.82883644104,14.1019821167,34.943819046
com-Youtube,s64_mfull_qpage_fast,1,15.3617858887,2.70199775696,2.84099578857,13.0910873413,33.9958667755
com-Youtube,s64_mfull_qpage_fast,2,15.4900550842,2.62594223022,2.86817550659,13.594865799,34.57903862
com-Youtube,s64_m64_degree_fast,0,15.3839588165,2.68411636353,2.85696983337,14.0769481659,35.0019931793
com-Youtube,s64_m64_degree_fast,1,15.468120575,2.63094902039,2.85696983337,14.142036438,35.0980758667
com-Youtube,s64_m64_degree_fast,2,16.0241127014,2.66885757446,2.82907485962,14.3971443176,35.9191894531
com-Youtube,s64_m64_qshuffle_fast,0,16.3660049438,2.5839805603,2.87008285522,13.5188102722,35.3388786316
com-Youtube,s64_m64_qshuffle_fast,1,16.7770385742,2.5417804718,2.41708755493,14.7321224213,36.4680290222
com-Youtube,s64_m64_qshuffle_fast,2,16.3309574127,2.50005722046,2.37107276917,14.4519805908,35.6540679932
com-Youtube,s64_m64_qsource_fast,0,16.5820121765,2.70009040833,2.82001495361,14.3628120422,36.4649295807
com-Youtube,s64_m64_qsource_fast,1,16.0160064697,2.52985954285,2.4561882019,14.3887996674,35.3908538818
com-Youtube,s64_m64_qsource_fast,2,16.480922699,2.48003005981,2.47001647949,14.3299102783,35.7608795166
com-Youtube,s64_m64_qpage_fast,0,15.6888961792,2.55298614502,2.46620178223,14.6069526672,35.3150367737
com-Youtube,s64_m64_qpage_fast,1,15.7740116119,2.47311592102,2.36487388611,14.5440101624,35.1560115814
com-Youtube,s64_m64_qpage_fast,2,16.5240764618,2.47597694397,2.40993499756,14.0690803528,35.4790687561
regular128_reuse1,paper_tfs,0,92.9570198059,0.853061676025,1.1739730835,82.6780796051,177.662134171
regular128_reuse1,paper_tfs,1,89.1959667206,0.880002975464,1.08504295349,90.008020401,181.169033051
regular128_reuse1,paper_tfs,2,86.3130092621,0.926971435547,1.1351108551,91.4080142975,179.78310585
regular128_reuse1,b64_fast,0,99.3180274963,0.86498260498,1.08599662781,98.9890098572,200.258016586
regular128_reuse1,b64_fast,1,99.4579792023,0.85711479187,1.07908248901,99.1809368134,200.575113297
regular128_reuse1,b64_fast,2,99.8649597168,0.863075256348,1.19590759277,99.0059375763,200.929880142
regular128_reuse1,bfull_fast,0,98.9058017731,0.862121582031,1.09004974365,98.6309051514,199.48887825
regular128_reuse1,bfull_fast,1,98.8969802856,0.869035720825,1.20496749878,97.8810787201,198.852062225
regular128_reuse1,bfull_fast,2,98.9029407501,0.864028930664,1.07908248901,98.5219478607,199.368000031
regular128_reuse1,s64_mfull_degree_fast,0,98.6521244049,0.866889953613,1.08909606934,98.1538295746,198.761940002
regular128_reuse1,s64_mfull_degree_fast,1,98.0651378632,0.869035720825,1.06978416443,97.4349975586,197.438955307
regular128_reuse1,s64_mfull_degree_fast,2,98.3738899231,0.872135162354,1.08599662781,97.8989601135,198.230981827
regular128_reuse1,s64_mfull_qshuffle_fast,0,59.7109794617,0.860214233398,1.08599662781,58.082818985,119.740009308
regular128_reuse1,s64_mfull_qshuffle_fast,1,59.0920448303,0.872850418091,1.0941028595,59.6530437469,120.712041855
regular128_reuse1,s64_mfull_qshuffle_fast,2,60.9872341156,0.925779342651,1.13320350647,60.4038238525,123.450040817
regular128_reuse1,s64_mfull_qsource_fast,0,95.9827899933,0.888109207153,1.08695030212,93.7180519104,191.675901413
regular128_reuse1,s64_mfull_qsource_fast,1,94.9890613556,0.842094421387,1.18684768677,93.6191082001,190.637111664
regular128_reuse1,s64_mfull_qsource_fast,2,94.7849750519,0.859975814819,1.08504295349,93.8289165497,190.55891037
regular128_reuse1,s64_mfull_qpage_fast,0,95.146894455,0.853061676025,1.08408927917,92.5538539886,189.637899399
regular128_reuse1,s64_mfull_qpage_fast,1,95.0021743774,0.859975814819,1.13296508789,92.344045639,189.339160919
regular128_reuse1,s64_mfull_qpage_fast,2,94.0759181976,0.869035720825,1.19090080261,92.2031402588,188.33899498
regular128_reuse1,s64_m64_degree_fast,0,99.4610786438,0.854969024658,1.31297111511,98.7539291382,200.382947922
regular128_reuse1,s64_m64_degree_fast,1,99.6868610382,0.846147537231,1.07598304749,99.4999408722,201.108932495
regular128_reuse1,s64_m64_degree_fast,2,99.8210906982,0.859975814819,1.0929107666,98.904132843,200.678110123
regular128_reuse1,s64_m64_qshuffle_fast,0,62.6480579376,0.853061676025,1.1830329895,61.4609718323,126.145124435
regular128_reuse1,s64_m64_qshuffle_fast,1,63.2109642029,0.885963439941,1.09815597534,63.69805336,128.893136978
regular128_reuse1,s64_m64_qshuffle_fast,2,63.2429122925,0.93412399292,1.11699104309,63.2758140564,128.569841385
regular128_reuse1,s64_m64_qsource_fast,0,98.0308055878,0.887155532837,1.0838508606,94.9671268463,194.968938828
regular128_reuse1,s64_m64_qsource_fast,1,96.617937088,0.886201858521,1.07979774475,95.4310894012,194.015026093
regular128_reuse1,s64_m64_qsource_fast,2,96.1530208588,0.858068466187,1.04284286499,95.694065094,193.747997284
regular128_reuse1,s64_m64_qpage_fast,0,97.4428653717,0.846147537231,1.09195709229,95.251083374,194.632053375
regular128_reuse1,s64_m64_qpage_fast,1,107.815027237,0.875949859619,6.82592391968,95.7059860229,211.222887039
regular128_reuse1,s64_m64_qpage_fast,2,96.9309806824,0.871896743774,1.06310844421,94.4108963013,193.276882172
regular128_reuse4,paper_tfs,0,54.6841621399,0.852823257446,1.13797187805,54.2321205139,110.907077789
regular128_reuse4,paper_tfs,1,54.5659065247,0.84400177002,1.15609169006,54.3820858002,110.948085785
regular128_reuse4,paper_tfs,2,54.6100139618,0.858068466187,1.21688842773,54.2039871216,110.888957977
regular128_reuse4,b64_fast,0,35.117149353,0.854969024658,1.21903419495,35.0549221039,72.2460746765
regular128_reuse4,b64_fast,1,35.2160930634,0.865936279297,1.14297866821,35.1550579071,72.380065918
regular128_reuse4,b64_fast,2,34.9550247192,0.849962234497,1.20210647583,34.9071025848,71.9141960144
regular128_reuse4,bfull_fast,0,32.2549343109,0.844955444336,1.1990070343,32.0188999176,66.3177967072
regular128_reuse4,bfull_fast,1,32.3190689087,0.883102416992,1.1420249939,32.0649147034,66.4091110229
regular128_reuse4,bfull_fast,2,32.5469970703,0.937938690186,1.15919113159,32.191991806,66.8361186981
regular128_reuse4,s64_mfull_degree_fast,0,33.7870121002,0.854015350342,1.15489959717,33.9078903198,69.7038173676
regular128_reuse4,s64_mfull_degree_fast,1,33.9040756226,0.862121582031,1.18899345398,34.2769622803,70.2321529388
regular128_reuse4,s64_mfull_degree_fast,2,34.0089797974,0.843048095703,1.20782852173,34.2440605164,70.3039169312
regular128_reuse4,s64_mfull_qshuffle_fast,0,34.2140197754,0.91290473938,1.14917755127,33.5688591003,69.8449611664
regular128_reuse4,s64_mfull_qshuffle_fast,1,34.8601341248,0.890016555786,1.14488601685,33.5240364075,70.4190731049
regular128_reuse4,s64_mfull_qshuffle_fast,2,34.9161624908,0.895977020264,1.13892555237,33.6198806763,70.5709457397
regular128_reuse4,s64_mfull_qsource_fast,0,34.1279506683,0.853061676025,1.20210647583,34.3208312988,70.503950119
regular128_reuse4,s64_mfull_qsource_fast,1,34.1579914093,0.869035720825,1.26385688782,34.6200466156,70.9109306335
regular128_reuse4,s64_mfull_qsource_fast,2,34.1730117798,0.869035720825,1.27100944519,34.548997879,70.8620548248
regular128_reuse4,s64_mfull_qpage_fast,0,34.451007843,0.870943069458,1.216173172,34.2519283295,70.7900524139
regular128_reuse4,s64_mfull_qpage_fast,1,34.0981483459,0.875949859619,1.20401382446,34.5120429993,70.6901550293
regular128_reuse4,s64_mfull_qpage_fast,2,34.2619419098,0.869989395142,1.30295753479,34.6031188965,71.0380077362
regular128_reuse4,s64_m64_degree_fast,0,34.9531173706,0.871896743774,1.14607810974,35.178899765,72.1499919891
regular128_reuse4,s64_m64_degree_fast,1,35.1350307465,0.851154327393,1.13892555237,35.3119373322,72.4370479584
regular128_reuse4,s64_m64_degree_fast,2,35.4740619659,0.853061676025,1.15203857422,35.3407859802,72.8199481964
regular128_reuse4,s64_m64_qshuffle_fast,0,35.5560779572,0.89693069458,1.15418434143,34.6899032593,72.2970962524
regular128_reuse4,s64_m64_qshuffle_fast,1,35.905122757,0.898838043213,1.14703178406,34.707069397,72.6580619812
regular128_reuse4,s64_m64_qshuffle_fast,2,35.9609127045,0.890970230103,1.14893913269,34.8269939423,72.8278160095
regular128_reuse4,s64_m64_qsource_fast,0,35.8030796051,0.871896743774,1.19400024414,35.8500480652,73.7190246582
regular128_reuse4,s64_m64_qsource_fast,1,35.8929634094,0.862836837769,1.32608413696,35.984992981,74.0668773651
regular128_reuse4,s64_m64_qsource_fast,2,35.8159542084,0.856161117554,1.33895874023,35.8920097351,73.9030838013
regular128_reuse4,s64_m64_qpage_fast,0,36.0429286957,0.854969024658,1.18708610535,35.9580516815,74.0430355072
regular128_reuse4,s64_m64_qpage_fast,1,35.9189510345,0.870943069458,1.28793716431,36.0691547394,74.1469860077
regular128_reuse4,s64_m64_qpage_fast,2,35.4011058807,0.865936279297,1.19304656982,35.8788967133,73.3389854431
regular128_reuse16,paper_tfs,0,45.9859371185,1.00088119507,1.22618675232,44.7838306427,92.9968357086
regular128_reuse16,paper_tfs,1,45.4959869385,0.849008560181,1.12199783325,44.517993927,91.9849872589
regular128_reuse16,paper_tfs,2,45.5060005188,0.871181488037,1.13892555237,44.5249080658,92.041015625
regular128_reuse16,b64_fast,0,17.5728797913,0.862121582031,1.22785568237,17.3699855804,37.0328426361
regular128_reuse16,b64_fast,1,17.6529884338,0.859022140503,1.17492675781,17.1720981598,36.8590354919
regular128_reuse16,b64_fast,2,17.6260471344,0.870943069458,1.12795829773,17.1940326691,36.8189811707
regular128_reuse16,bfull_fast,0,16.2420272827,0.901937484741,1.1579990387,15.8979892731,34.1999530792
regular128_reuse16,bfull_fast,1,16.3080692291,0.880002975464,1.1260509491,15.8269405365,34.1410636902
regular128_reuse16,bfull_fast,2,16.2789821625,0.89693069458,1.1260509491,15.9330368042,34.2350006104
regular128_reuse16,s64_mfull_degree_fast,0,16.8740749359,0.993967056274,1.2309551239,16.5700912476,35.6690883636
regular128_reuse16,s64_mfull_degree_fast,1,17.128944397,1.15704536438,1.36089324951,16.6239738464,36.2708568573
regular128_reuse16,s64_mfull_degree_fast,2,16.8981552124,0.924825668335,1.17301940918,16.3810253143,35.3770256042
regular128_reuse16,s64_mfull_qshuffle_fast,0,30.4529666901,0.898122787476,1.1248588562,30.2541255951,62.7300739288
regular128_reuse16,s64_mfull_qshuffle_fast,1,31.4421653748,0.899791717529,1.12700462341,30.1740169525,63.6429786682
regular128_reuse16,s64_mfull_qshuffle_fast,2,31.396150589,0.913858413696,1.14798545837,30.1251411438,63.5831356049
regular128_reuse16,s64_mfull_qsource_fast,0,17.0571804047,0.862836837769,1.29103660583,16.361951828,35.5730056763
regular128_reuse16,s64_mfull_qsource_fast,1,16.7210102081,0.899791717529,1.09910964966,16.3280963898,35.0480079651
regular128_reuse16,s64_mfull_qsource_fast,2,16.7570114136,0.863790512085,1.22809410095,16.7670249939,35.6159210205
regular128_reuse16,s64_mfull_qpage_fast,0,17.1158313751,0.867128372192,1.13105773926,16.3488388062,35.4628562927
regular128_reuse16,s64_mfull_qpage_fast,1,16.7210102081,0.85711479187,1.12986564636,16.3872241974,35.0952148438
regular128_reuse16,s64_mfull_qpage_fast,2,16.7648792267,0.874042510986,1.18708610535,16.4439678192,35.2699756622
regular128_reuse16,s64_m64_degree_fast,0,18.0778503418,0.883102416992,1.27792358398,17.4670219421,37.7058982849
regular128_reuse16,s64_m64_degree_fast,1,17.7099704742,0.853061676025,1.13487243652,17.5220966339,37.2200012207
regular128_reuse16,s64_m64_degree_fast,2,17.7960395813,0.871896743774,1.14107131958,17.4598693848,37.2688770294
regular128_reuse16,s64_m64_qshuffle_fast,0,31.9650173187,0.886917114258,1.13821029663,31.1098098755,65.0999546051
regular128_reuse16,s64_m64_qshuffle_fast,1,32.2279930115,0.890016555786,1.13892555237,31.2600135803,65.5169487
regular128_reuse16,s64_m64_qshuffle_fast,2,32.2470664978,0.894069671631,1.13892555237,31.0850143433,65.3650760651
regular128_reuse16,s64_m64_qsource_fast,0,18.1670188904,0.846147537231,1.13987922668,17.6079273224,37.7609729767
regular128_reuse16,s64_m64_qsource_fast,1,17.7938938141,0.877141952515,1.140832901,17.5790786743,37.3909473419
regular128_reuse16,s64_m64_qsource_fast,2,17.9018974304,0.867128372192,1.12700462341,17.5538063049,37.449836731
regular128_reuse16,s64_m64_qpage_fast,0,18.2240009308,0.869989395142,1.13105773926,17.529964447,37.7550125122
regular128_reuse16,s64_m64_qpage_fast,1,17.8971290588,0.865936279297,1.29008293152,17.737865448,37.7910137177
regular128_reuse16,s64_m64_qpage_fast,2,17.9901123047,0.88095664978,1.14607810974,17.3978805542,37.4150276184
