graph,method,kind,median_ms,min_ms,max_ms,cv,p25_ms,p75_ms,speedup_vs_tfs,speedup_vs_mkl,speedup_vs_degree
ogbn-products,s64_mfull_qsource_fast,alternating_e2e,282.737970352,280.074119568,368.305921555,0.11356997632345409,282.418966293,287.915945053,1.2038243039633263,4.794686517881805,1.0274039138583113
reddit,s64_m64_qsource_fast,alternating_e2e,100.852012634,94.5689678192,111.208200455,0.05828503779099277,96.4951515198,104.164123535,3.0489333434317225,4.39458964928563,1.2880942024175808
roadNet-CA,s64_m64_degree_fast,consecutive_e2e,40.0650501251,39.4299030304,64.0108585358,0.21630464307264938,39.7238731384,40.2030944824,0.8921479365654678,1.6918980035128763,
wiki-Talk,s64_mfull_qshuffle_fast,consecutive_e2e,47.9187965393,47.1429824829,72.0629692078,0.18648913324198838,47.1751689911,48.1960773468,2.256669618785457,1.8980625516211815,0.9661369448611011
wiki-Talk,s64_m64_degree_fast,consecutive_e2e,49.5460033417,48.7499237061,60.7900619507,0.09506185122145651,48.9971637726,57.5759410858,2.1825553026592446,1.835725731553613,
wiki-Talk,s64_m64_qsource_fast,consecutive_e2e,49.3500232697,48.51603508,64.0909671783,0.11356017846457377,48.7589836121,50.9040355682,2.1912227219838827,1.8430158124331295,1.0039712255236226
wiki-Talk,s64_m64_degree_fast,alternating_e2e,48.6161708832,46.5939044952,71.1848735809,0.17484817898318605,47.8410720825,49.947977066,2.215706852495532,1.875097468992599,
email-Enron,b64_fast,alternating_e2e,1.36494636536,1.19805335999,1.41096115112,0.06642582321465289,1.2149810791,1.36613845825,1.6777292576371803,1.4958951965057454,
email-Enron,s64_m64_qpage_fast,alternating_e2e,1.26886367798,1.20115280151,1.51801109314,0.09877749947521436,1.20186805725,1.44791603088,1.8047726418614496,1.6091694851573988,0.96768132280744
email-Enron,source_mkl_fp32,alternating_e2e,2.04181671143,1.41596794128,2.10499763489,0.17585731829982829,1.42908096313,2.06804275513,1.1215553479656732,1.0,
