graph	layer	block	actual_input_feature_FMA	padded_input_feature_FMA	useful_projection_FMA	block_projection_calls	conversion_elements	source_neighbor_steps	logical_H_bytes	edgewise_original_AMX_calls	TDP_reduction	original_input_width_amplification	traffic_is_logical_not_DRAM
arxiv	1	16	2544579584	2544579584	8356298752	132304	270958592	1319080	5089159168	10552640	9.97006893216	4	true
arxiv	2	16	5089159168	5089159168	16712597504	132304	541917184	1319080	10178318336	21105280	9.97006893216	8	true
arxiv	3	16	636144896	636144896	2611343360	16538	67739648	164885	1272289792	3957240	9.97006893216	6.4	true
arxiv	1	32	2544579584	2544579584	6474498048	101208	207273984	1319080	5089159168	10552640	13.0333570469	4	true
arxiv	2	32	5089159168	5089159168	12948996096	101208	414547968	1319080	10178318336	21105280	13.0333570469	8	true
arxiv	3	32	636144896	636144896	2023280640	12651	51818496	164885	1272289792	3957240	13.0333570469	6.4	true
arxiv	1	64	2544579584	2544579584	5839192064	90312	184958976	1319080	5089159168	10552640	14.6058109664	4	true
arxiv	2	64	5089159168	5089159168	11678384128	90312	369917952	1319080	10178318336	21105280	14.6058109664	8	true
arxiv	3	64	636144896	636144896	1824747520	11289	46239744	164885	1272289792	3957240	14.6058109664	6.4	true
products	1	16	100933642400	113045679488	234127744000	4581840	9383608320	63227544	201867284800	505820352	13.7995966686	3.125	true
products	2	16	258390124544	258390124544	599367024640	4581840	18767216640	63227544	516780249088	1011640704	13.7995966686	8	true
products	3	16	32298765568	32298765568	110040039680	572730	2345902080	7903443	64597531136	189682632	13.7995966686	5.44680851064	true
products	1	32	100933642400	113045679488	137224934400	2684672	5498208256	63227544	201867284800	505820352	23.5513105512	3.125	true
products	2	32	258390124544	258390124544	351295832064	2684672	10996416512	63227544	516780249088	1011640704	23.5513105512	8	true
products	3	32	32298765568	32298765568	64495719168	335584	1374552064	7903443	64597531136	189682632	23.5513105512	5.44680851064	true
products	1	64	100933642400	113045679488	90819148800	1776064	3637379072	63227544	201867284800	505820352	35.5998117185	3.125	true
products	2	64	258390124544	258390124544	232497020928	1776064	7274758144	63227544	516780249088	1011640704	35.5998117185	8	true
products	3	64	32298765568	32298765568	42684999936	222008	909344768	7903443	64597531136	189682632	35.5998117185	5.44680851064	true
