graph,method,edges,blocks,corrections,parts,tdp,residual_state_bytes_per_thread,mode
window_tail,d2_b64_all,3985,14,3,20,640,8192,smoke
window_tail,d3_b64_period4,3985,14,5,24,768,8192,smoke
window_high_tail,d2_b64_all,18366,30,9,48,1536,8192,smoke
window_high_tail,d3_b64_period4,18366,30,12,54,1728,8192,smoke
window_scope_tail,d2_b64_all,73632,94,32,158,5056,8192,smoke
window_scope_tail,d3_b64_period4,73632,94,41,176,5632,8192,smoke
ogbn-products,d2_b64_all,123718152,218018,150039,518096,16579072,8192,focus
ogbn-products,d3_b64_period4,123718152,218018,155053,528124,16899968,8192,focus
reddit,d2_b64_all,114615892,119990,14561,149112,4771584,8192,focus
reddit,d3_b64_period4,114615892,119990,36658,193306,6185792,8192,focus
mycielskian19,d2_b64_all,903194710,897060,24576,946212,30278784,8192,focus
mycielskian19,d3_b64_period4,903194710,897060,234551,1366162,43717184,8192,focus
roadNet-CA,d2_b64_all,5533214,122827,122827,368481,11791392,8192,focus
roadNet-CA,d3_b64_period4,5533214,122827,122827,368481,11791392,8192,focus
wiki-Talk,d2_b64_all,5021410,15131,9227,33585,1074720,8192,focus
wiki-Talk,d3_b64_period4,5021410,15131,10526,36183,1157856,8192,focus
