graph,method,repeat,layer1_ms,relu_ms,conversion_ms,layer2_ms,total_ms
ogbn-products,original_nozero,0,173.228979111,55.0570487976,19.2358493805,164.127111435,411.648988724
ogbn-products,original_nozero,1,162.977933884,51.8341064453,18.7220573425,164.848804474,398.382902145
ogbn-products,original_nozero,2,170.151948929,53.8470745087,19.7420120239,161.774873734,405.515909195
ogbn-products,shared_b2_fast_nozero,0,272.218942642,49.4539737701,18.4299945831,278.484106064,618.587017059
ogbn-products,shared_b2_fast_nozero,1,272.706031799,48.8748550415,18.4819698334,264.793157578,604.856014252
ogbn-products,shared_b2_fast_nozero,2,276.536941528,48.2549667358,18.571138382,264.366865158,607.729911804
ogbn-products,shared_b2_accurate_nozero,0,320.70016861,49.9169826508,18.4118747711,315.275192261,704.304218292
ogbn-products,shared_b2_accurate_nozero,1,314.758062363,49.0310192108,18.5070037842,321.679830551,703.975915909
ogbn-products,shared_b2_accurate_nozero,2,323.703050613,48.4499931335,18.4860229492,329.963922501,720.602989197
ogbn-products,shared_b4_fast_nozero,0,214.226961136,49.8950481415,18.5759067535,209.233999252,491.931915283
ogbn-products,shared_b4_fast_nozero,1,213.29498291,49.5779514313,18.4099674225,208.182096481,489.464998245
ogbn-products,shared_b4_fast_nozero,2,216.999053955,49.3769645691,18.5451507568,211.668014526,496.589183807
ogbn-products,shared_b4_accurate_nozero,0,234.938144684,49.2358207703,18.3501243591,236.232995987,538.7570858
ogbn-products,shared_b4_accurate_nozero,1,241.225004196,48.9010810852,18.5160636902,233.956813812,542.598962784
ogbn-products,shared_b4_accurate_nozero,2,242.932081223,48.8359928131,18.6669826508,245.629072189,556.064128876
ogbn-products,shared_b8_fast_nozero,0,179.501056671,50.5130290985,18.1980133057,179.593086243,427.805185318
ogbn-products,shared_b8_fast_nozero,1,184.553861618,50.5621433258,18.4090137482,183.296918869,436.821937561
ogbn-products,shared_b8_fast_nozero,2,181.477069855,49.1778850555,18.4681415558,180.526018143,429.649114609
ogbn-products,shared_b8_accurate_nozero,0,194.37289238,49.5140552521,18.3730125427,197.190999985,459.450960159
ogbn-products,shared_b8_accurate_nozero,1,193.989992142,49.4039058685,18.541097641,194.550037384,456.485033035
ogbn-products,shared_b8_accurate_nozero,2,192.384958267,47.926902771,18.5301303864,192.91305542,451.755046844
ogbn-products,shared_b16_fast_nozero,0,166.768789291,50.7190227509,18.3160305023,159.0321064,394.835948944
ogbn-products,shared_b16_fast_nozero,1,164.24703598,48.9928722382,18.5940265656,159.52706337,391.360998154
ogbn-products,shared_b16_fast_nozero,2,162.579059601,49.5538711548,18.3000564575,164.221048355,394.654035568
ogbn-products,shared_b16_accurate_nozero,0,168.663024902,48.7329959869,18.3281898499,173.840999603,409.565210342
ogbn-products,shared_b16_accurate_nozero,1,170.804023743,49.6318340302,18.4321403503,172.610044479,411.478042603
ogbn-products,shared_b16_accurate_nozero,2,170.475959778,47.837972641,18.4688568115,170.057058334,406.839847565
ogbn-products,shared_b32_fast_nozero,0,151.469945908,49.8039722443,18.2120800018,144.453048706,363.93904686
ogbn-products,shared_b32_fast_nozero,1,148.202896118,49.8909950256,18.4440612793,148.637056351,365.175008774
ogbn-products,shared_b32_fast_nozero,2,146.742105484,51.7838001251,18.5010433197,147.328138351,364.35508728
ogbn-products,shared_b32_accurate_nozero,0,157.773017883,48.8920211792,18.4299945831,154.698848724,379.79388237
ogbn-products,shared_b32_accurate_nozero,1,160.028219223,49.3638515472,18.5980796814,156.257867813,384.248018265
ogbn-products,shared_b32_accurate_nozero,2,156.68797493,50.0380992889,18.5570716858,158.704996109,383.988142014
ogbn-products,shared_b64_fast_nozero,0,147.474050522,49.6180057526,18.5270309448,143.633842468,359.252929688
ogbn-products,shared_b64_fast_nozero,1,148.042917252,50.4260063171,18.5689926147,142.118930817,359.156847
ogbn-products,shared_b64_fast_nozero,2,143.085956573,51.2700080872,18.4140205383,142.663002014,355.432987213
ogbn-products,shared_b64_accurate_nozero,0,148.400068283,50.3408908844,18.1949138641,151.464223862,368.400096893
ogbn-products,shared_b64_accurate_nozero,1,152.581930161,51.6800880432,18.5010433197,148.924827576,371.687889099
ogbn-products,shared_b64_accurate_nozero,2,147.678136826,52.7698993683,18.5990333557,146.013975143,365.061044693
ogbn-products,shared_bfull_fast_nozero,0,140.882015228,50.9929656982,18.483877182,137.932062149,348.290920258
ogbn-products,shared_bfull_fast_nozero,1,145.354032516,49.2479801178,18.4321403503,140.465974808,353.500127792
ogbn-products,shared_bfull_fast_nozero,2,141.207933426,51.9618988037,18.2571411133,137.324094772,348.751068115
ogbn-products,shared_bfull_accurate_nozero,0,148.916006088,50.5809783936,18.5208320618,144.000053406,362.017869949
ogbn-products,shared_bfull_accurate_nozero,1,148.344993591,50.1790046692,18.4741020203,144.381046295,361.379146576
ogbn-products,shared_bfull_accurate_nozero,2,147.953033447,50.6448745728,18.5730457306,143.680095673,360.851049423
