graph,method,kind,repeat,order,ms
indochina-2004,paper_tfs,e2e,0,0,350.046873093
indochina-2004,paper_tfs,e2e,1,0,350.434064865
indochina-2004,paper_tfs,e2e,2,0,353.006839752
indochina-2004,paper_tfs,e2e,3,0,353.060007095
indochina-2004,paper_tfs,e2e,4,0,349.890947342
indochina-2004,b8_fast,e2e,0,1,291.68510437
indochina-2004,b8_fast,e2e,1,1,293.918132782
indochina-2004,b8_fast,e2e,2,1,291.751861572
indochina-2004,b8_fast,e2e,3,1,291.868925095
indochina-2004,b8_fast,e2e,4,1,291.417837143
indochina-2004,b8_accurate,e2e,0,2,336.737155914
indochina-2004,b8_accurate,e2e,1,2,335.633993149
indochina-2004,b8_accurate,e2e,2,2,336.463928223
indochina-2004,b8_accurate,e2e,3,2,335.979938507
indochina-2004,b8_accurate,e2e,4,2,334.680080414
indochina-2004,b16_fast,e2e,0,3,248.888969421
indochina-2004,b16_fast,e2e,1,3,247.881889343
indochina-2004,b16_fast,e2e,2,3,249.311923981
indochina-2004,b16_fast,e2e,3,3,248.121976852
indochina-2004,b16_fast,e2e,4,3,247.978925705
indochina-2004,b16_accurate,e2e,0,4,270.388126373
indochina-2004,b16_accurate,e2e,1,4,271.447896957
indochina-2004,b16_accurate,e2e,2,4,272.199869156
indochina-2004,b16_accurate,e2e,3,4,272.500038147
indochina-2004,b16_accurate,e2e,4,4,269.312143326
indochina-2004,b64_fast,e2e,0,5,216.476202011
indochina-2004,b64_fast,e2e,1,5,216.315984726
indochina-2004,b64_fast,e2e,2,5,216.022968292
indochina-2004,b64_fast,e2e,3,5,215.518951416
indochina-2004,b64_fast,e2e,4,5,215.246915817
indochina-2004,b64_accurate,e2e,0,6,225.801944733
indochina-2004,b64_accurate,e2e,1,6,227.225065231
indochina-2004,b64_accurate,e2e,2,6,225.619077682
indochina-2004,b64_accurate,e2e,3,6,226.75204277
indochina-2004,b64_accurate,e2e,4,6,227.010965347
indochina-2004,bfull_fast,e2e,0,7,210.736989975
indochina-2004,bfull_fast,e2e,1,7,209.868907928
indochina-2004,bfull_fast,e2e,2,7,209.745883942
indochina-2004,bfull_fast,e2e,3,7,208.885192871
indochina-2004,bfull_fast,e2e,4,7,209.023952484
indochina-2004,bfull_accurate,e2e,0,8,216.732978821
indochina-2004,bfull_accurate,e2e,1,8,216.950178146
indochina-2004,bfull_accurate,e2e,2,8,217.739105225
indochina-2004,bfull_accurate,e2e,3,8,217.622995377
indochina-2004,bfull_accurate,e2e,4,8,218.061208725
indochina-2004,source_mkl_fp32,e2e,0,9,694.521188736
indochina-2004,source_mkl_fp32,e2e,1,9,694.850921631
indochina-2004,source_mkl_fp32,e2e,2,9,697.355985641
indochina-2004,source_mkl_fp32,e2e,3,9,696.205854416
indochina-2004,source_mkl_fp32,e2e,4,9,700.166940689
