graph	variant	method	pass	max_absolute_budget	max_error_to_budget	reference	not_full_model_master_gate
arxiv	ORIGINAL16_scalar_pack	AVX_SHARED_H_FP32_PH	1	5.3094858807157899e-05	0.16569360509507297	same_operand_scalar_FP64	1
arxiv	ORIGINAL16_scalar_pack	AMX_PHI_BF16_PH	1	5.308413088356616e-05	0.043355257455015561	same_operand_scalar_FP64	1
arxiv	ORIGINAL16_scalar_pack	AMX_PHI_PLO_BF16_PH	1	5.3135861049372318e-05	0.060890901987527023	same_operand_scalar_FP64	1
arxiv	COMPACT8_direct_vector_pack	AVX_SHARED_H_FP32_PH	1	5.3094858807157899e-05	0.16569360509507297	same_operand_scalar_FP64	1
arxiv	COMPACT8_direct_vector_pack	AMX_PHI_BF16_PH_COMPACT8	1	5.308413088356616e-05	0.043355257455015561	same_operand_scalar_FP64	1
arxiv	COMPACT8_direct_vector_pack	AMX_PHI_PLO_BF16_PH_COMPACT8	1	5.3135861049372318e-05	0.060890901987527023	same_operand_scalar_FP64	1
products	ORIGINAL16_scalar_pack	AVX_SHARED_H_FP32_PH	1	0.0028467830633750225	0.41012991085656769	same_operand_scalar_FP64	1
products	ORIGINAL16_scalar_pack	AMX_PHI_BF16_PH	1	0.0028464871337703077	0.22235527788022139	same_operand_scalar_FP64	1
products	ORIGINAL16_scalar_pack	AMX_PHI_PLO_BF16_PH	1	0.002849092996704685	0.2235645022947387	same_operand_scalar_FP64	1
products	COMPACT8_direct_vector_pack	AVX_SHARED_H_FP32_PH	1	0.0028467830633750225	0.41012991085656769	same_operand_scalar_FP64	1
products	COMPACT8_direct_vector_pack	AMX_PHI_BF16_PH_COMPACT8	1	0.0028464871337703077	0.22235527788022139	same_operand_scalar_FP64	1
products	COMPACT8_direct_vector_pack	AMX_PHI_PLO_BF16_PH_COMPACT8	1	0.002849092996704685	0.2235645022947387	same_operand_scalar_FP64	1
