graph	path	layer	reference	max_abs_error	mean_abs_error	relative_L2_error	finite	original_abs_003_gate	task_accuracy
arxiv	ICPP_TFS_ONLINE_B16	1	B1_PREMAX_same_input_same_LR	0.000658452510834	4.74850501919e-06	9.91038541017e-05	1	PASS	UNVERIFIED
arxiv	ICPP_TFS_ONLINE_B32	1	B1_PREMAX_same_input_same_LR	0.000493060797453	1.00257926896e-06	3.91769380613e-05	1	PASS	UNVERIFIED
arxiv	ICPP_TFS_ONLINE_B64	1	B1_PREMAX_same_input_same_LR	0.000284015201032	2.11041776118e-07	1.48369266179e-05	1	PASS	UNVERIFIED
arxiv	ICPP_ONLINE_FIXED_INPUT	1	FP64_master_same_LR_selected_rows	0.00134247541428	0.000316946416539	0.00190391023473	1	PASS	UNVERIFIED
arxiv	ICPP_ONLINE_FIXED_INPUT	1	FP64_quantized_H_W_same_LR_without_pH_quantization	0.000537175685167	5.41729794561e-05	0.000411067378087	1	PASS	UNVERIFIED
arxiv	ICPP_TFS_ONLINE_B16	2	B1_PREMAX_same_input_same_LR	0.00083589553833	4.22834136242e-06	8.99164175491e-05	1	PASS	UNVERIFIED
arxiv	ICPP_TFS_ONLINE_B32	2	B1_PREMAX_same_input_same_LR	0.000472784042358	9.14611608913e-07	3.58739229596e-05	1	PASS	UNVERIFIED
arxiv	ICPP_TFS_ONLINE_B64	2	B1_PREMAX_same_input_same_LR	0.00029706209898	1.92218497495e-07	1.35513110016e-05	1	PASS	UNVERIFIED
arxiv	ICPP_ONLINE_FIXED_INPUT	2	FP64_master_same_LR_selected_rows	0.00126444920897	0.000278401506605	0.00167668530914	1	PASS	UNVERIFIED
arxiv	ICPP_ONLINE_FIXED_INPUT	2	FP64_quantized_H_W_same_LR_without_pH_quantization	0.000496707856655	4.6301764554e-05	0.000354635010139	1	PASS	UNVERIFIED
arxiv	ICPP_TFS_ONLINE_B16	3	B1_PREMAX_same_input_same_LR	0.00105315446854	4.54657593957e-06	0.000107019406967	1	PASS	UNVERIFIED
arxiv	ICPP_TFS_ONLINE_B32	3	B1_PREMAX_same_input_same_LR	0.000793129205704	1.06984136778e-06	4.71734192071e-05	1	PASS	UNVERIFIED
arxiv	ICPP_TFS_ONLINE_B64	3	B1_PREMAX_same_input_same_LR	0.000620126724243	2.49309414196e-07	2.03380281648e-05	1	PASS	UNVERIFIED
arxiv	ICPP_ONLINE_FIXED_INPUT	3	FP64_master_same_LR_selected_rows	0.000983971403912	0.000234345842873	0.00150353483108	1	PASS	UNVERIFIED
arxiv	ICPP_ONLINE_FIXED_INPUT	3	FP64_quantized_H_W_same_LR_without_pH_quantization	0.000267326831818	5.22305211376e-05	0.000376213006085	1	PASS	UNVERIFIED
arxiv	B0_FP32	1	B0_FP32_own_output_3layer	0	0	0	1	PASS	UNVERIFIED
arxiv	B0_FP32	2	B0_FP32_own_output_3layer	0	0	0	1	PASS	UNVERIFIED
arxiv	B0_FP32	3	B0_FP32_own_output_3layer	0	0	0	1	PASS	UNVERIFIED
arxiv	B0_BF16	1	B0_FP32_own_output_3layer	0.00294017791748	0.000310601022267	0.00190785210806	1	PASS	UNVERIFIED
arxiv	B0_BF16	2	B0_FP32_own_output_3layer	0.00309580564499	0.00039252464584	0.00253741964854	1	FAIL	UNVERIFIED
arxiv	B0_BF16	3	B0_FP32_own_output_3layer	0.00333481281996	0.000497330746597	0.00310539759334	1	FAIL	UNVERIFIED
arxiv	B1_TFS_PREMAX	1	B0_FP32_own_output_3layer	0.00283050537109	0.000324652559823	0.00200285454356	1	PASS	UNVERIFIED
arxiv	B1_TFS_PREMAX	2	B0_FP32_own_output_3layer	0.00316774845123	0.000403762014627	0.00261417664794	1	FAIL	UNVERIFIED
arxiv	B1_TFS_PREMAX	3	B0_FP32_own_output_3layer	0.00358102470636	0.000507655094412	0.00317628988381	1	FAIL	UNVERIFIED
arxiv	ICPP_TFS_ONLINE_B16	1	B0_FP32_own_output_3layer	0.00283050537109	0.000324639743912	0.00200278461345	1	PASS	UNVERIFIED
arxiv	ICPP_TFS_ONLINE_B16	2	B0_FP32_own_output_3layer	0.00316774845123	0.000403766166699	0.00261390871184	1	FAIL	UNVERIFIED
arxiv	ICPP_TFS_ONLINE_B16	3	B0_FP32_own_output_3layer	0.00358102470636	0.000507762897172	0.00317708458324	1	FAIL	UNVERIFIED
arxiv	ICPP_TFS_ONLINE_B32	1	B0_FP32_own_output_3layer	0.00283050537109	0.000324651427297	0.00200284778633	1	PASS	UNVERIFIED
arxiv	ICPP_TFS_ONLINE_B32	2	B0_FP32_own_output_3layer	0.00316774845123	0.000403769447044	0.00261402987839	1	FAIL	UNVERIFIED
arxiv	ICPP_TFS_ONLINE_B32	3	B0_FP32_own_output_3layer	0.00358102470636	0.0005077876489	0.00317680528182	1	FAIL	UNVERIFIED
arxiv	ICPP_TFS_ONLINE_B64	1	B0_FP32_own_output_3layer	0.00283050537109	0.000324651641813	0.0020028513883	1	PASS	UNVERIFIED
arxiv	ICPP_TFS_ONLINE_B64	2	B0_FP32_own_output_3layer	0.00316774845123	0.00040376536131	0.0026140311366	1	FAIL	UNVERIFIED
arxiv	ICPP_TFS_ONLINE_B64	3	B0_FP32_own_output_3layer	0.00358102470636	0.000507772613554	0.00317686247392	1	FAIL	UNVERIFIED
products	ICPP_TFS_ONLINE_B32	1	B1_PREMAX_same_input_same_LR	0.561538696289	3.7662365319e-05	0.000196039698076	1	FAIL	UNVERIFIED
products	ICPP_ONLINE_FIXED_INPUT	1	FP64_master_same_LR_selected_rows	0.0894794464111	0.00194532939477	0.00262947153198	1	FAIL	UNVERIFIED
products	ICPP_ONLINE_FIXED_INPUT	1	FP64_quantized_H_W_same_LR_without_pH_quantization	0.00296211242676	0.000184064540235	0.000117295034573	1	PASS	UNVERIFIED
products	ICPP_TFS_ONLINE_B32	2	B1_PREMAX_same_input_same_LR	0.478546142578	0.00010616743799	0.000156421581265	1	FAIL	UNVERIFIED
products	ICPP_ONLINE_FIXED_INPUT	2	FP64_master_same_LR_selected_rows	0.111123085022	0.00587805585147	0.00217936234105	1	FAIL	UNVERIFIED
products	ICPP_ONLINE_FIXED_INPUT	2	FP64_quantized_H_W_same_LR_without_pH_quantization	0.0224990844727	0.000695395711716	0.000338734415238	1	FAIL	UNVERIFIED
products	ICPP_TFS_ONLINE_B32	3	B1_PREMAX_same_input_same_LR	0.118934631348	0.000110367321321	0.000160059086659	1	FAIL	UNVERIFIED
products	ICPP_ONLINE_FIXED_INPUT	3	FP64_master_same_LR_selected_rows	0.0487976074219	0.00297202411736	0.0018965747257	1	FAIL	UNVERIFIED
products	ICPP_ONLINE_FIXED_INPUT	3	FP64_quantized_H_W_same_LR_without_pH_quantization	0.0106296539307	0.000602992515191	0.000422981835241	1	FAIL	UNVERIFIED
products	B0_FP32	1	B0_FP32_own_output_3layer	0	0	0	1	PASS	UNVERIFIED
products	B0_FP32	2	B0_FP32_own_output_3layer	0	0	0	1	PASS	UNVERIFIED
products	B0_FP32	3	B0_FP32_own_output_3layer	0	0	0	1	PASS	UNVERIFIED
products	B0_BF16	1	B0_FP32_own_output_3layer	14.9706115723	0.00119692686635	0.00353063576973	1	FAIL	UNVERIFIED
products	B0_BF16	2	B0_FP32_own_output_3layer	35.8837661743	0.00723928537782	0.011932822175	1	FAIL	UNVERIFIED
products	B0_BF16	3	B0_FP32_own_output_3layer	25.1209583282	0.016643214169	0.0253783411542	1	FAIL	UNVERIFIED
products	B1_TFS_PREMAX	1	B0_FP32_own_output_3layer	1.22430419922	0.000970540471734	0.00227497348632	1	FAIL	UNVERIFIED
products	B1_TFS_PREMAX	2	B0_FP32_own_output_3layer	25.7524185181	0.00527628179888	0.00586198824051	1	FAIL	UNVERIFIED
products	B1_TFS_PREMAX	3	B0_FP32_own_output_3layer	6.08370304108	0.0135726650523	0.0150830626942	1	FAIL	UNVERIFIED
products	ICPP_TFS_ONLINE_B32	1	B0_FP32_own_output_3layer	1.22430419922	0.000969079499589	0.00226808801184	1	FAIL	UNVERIFIED
products	ICPP_TFS_ONLINE_B32	2	B0_FP32_own_output_3layer	25.6116943359	0.00526787531363	0.00585282620417	1	FAIL	UNVERIFIED
products	ICPP_TFS_ONLINE_B32	3	B0_FP32_own_output_3layer	6.01900291443	0.0135793652594	0.015091784138	1	FAIL	UNVERIFIED
