case,method,phase,sampled_thread_ms,clocked_sections,additive_wall
hot1024_d1,serial,csr_prefetch,0.00476837158203,272,0
hot1024_d1,serial,source_load_decode,0.00691413879395,272,0
hot1024_d1,serial,fp32_add,0.0102519989014,272,0
hot1024_d1,serial,partial_store,0.00619888305664,272,0
hot1024_d1,serial,partial_pack,0.0100135803223,17,0
hot1024_d1,serial,amx_a_load,0.00214576721191,128,0
hot1024_d1,serial,amx_b_load,0.0138282775879,256,0
hot1024_d1,serial,amx_tdp,0.0131130218506,256,0
hot1024_d1,serial,amx_zero,0,32,0
hot1024_d1,serial,amx_c_store,0.00190734863281,32,0
hot1024_d1,interleaved,csr_prefetch,0.0107288360596,272,0
hot1024_d1,interleaved,source_load_decode,0.00858306884766,272,0
hot1024_d1,interleaved,fp32_add,0.00905990600586,272,0
hot1024_d1,interleaved,partial_store,0.00691413879395,272,0
hot1024_d1,interleaved,partial_pack,0.00619888305664,17,0
hot1024_d1,interleaved,amx_a_load,0.00619888305664,128,0
hot1024_d1,interleaved,amx_b_load,0.0114440917969,256,0
hot1024_d1,interleaved,amx_tdp,0.0524520874023,256,0
hot1024_d1,interleaved,amx_zero,0.00119209289551,32,0
hot1024_d1,interleaved,amx_c_store,0.00500679016113,32,0
hot1024_d8,serial,csr_prefetch,0.0686645507812,2176,0
hot1024_d8,serial,source_load_decode,0.0689029693604,2176,0
hot1024_d8,serial,fp32_add,0.0667572021484,2176,0
hot1024_d8,serial,partial_store,0.0119209289551,272,0
hot1024_d8,serial,partial_pack,0.00500679016113,17,0
hot1024_d8,serial,amx_a_load,0.00286102294922,128,0
hot1024_d8,serial,amx_b_load,0.00810623168945,256,0
hot1024_d8,serial,amx_tdp,0.0245571136475,256,0
hot1024_d8,serial,amx_zero,0,32,0
hot1024_d8,serial,amx_c_store,0.000953674316406,32,0
hot1024_d8,interleaved,csr_prefetch,0.0762939453125,2176,0
hot1024_d8,interleaved,source_load_decode,0.0655651092529,2176,0
hot1024_d8,interleaved,fp32_add,0.0722408294678,2176,0
hot1024_d8,interleaved,partial_store,0.011682510376,272,0
hot1024_d8,interleaved,partial_pack,0.00286102294922,17,0
hot1024_d8,interleaved,amx_a_load,0.00500679016113,128,0
hot1024_d8,interleaved,amx_b_load,0.00667572021484,256,0
hot1024_d8,interleaved,amx_tdp,0.11134147644,256,0
hot1024_d8,interleaved,amx_zero,0,32,0
hot1024_d8,interleaved,amx_c_store,0.00405311584473,32,0
hot1024_d64,serial,csr_prefetch,0.519752502441,17408,0
hot1024_d64,serial,source_load_decode,0.527858734131,17408,0
hot1024_d64,serial,fp32_add,0.558137893677,17408,0
hot1024_d64,serial,partial_store,0.00286102294922,272,0
hot1024_d64,serial,partial_pack,0.00476837158203,17,0
hot1024_d64,serial,amx_a_load,0.00810623168945,128,0
hot1024_d64,serial,amx_b_load,0.0119209289551,256,0
hot1024_d64,serial,amx_tdp,0.0219345092773,256,0
hot1024_d64,serial,amx_zero,0,32,0
hot1024_d64,serial,amx_c_store,0.000953674316406,32,0
hot1024_d64,interleaved,csr_prefetch,0.507831573486,17408,0
hot1024_d64,interleaved,source_load_decode,0.54931640625,17408,0
hot1024_d64,interleaved,fp32_add,0.547409057617,17408,0
hot1024_d64,interleaved,partial_store,0.0102519989014,272,0
hot1024_d64,interleaved,partial_pack,0.00882148742676,17,0
hot1024_d64,interleaved,amx_a_load,0.00476837158203,128,0
hot1024_d64,interleaved,amx_b_load,0.0150203704834,256,0
hot1024_d64,interleaved,amx_tdp,0.1380443573,256,0
hot1024_d64,interleaved,amx_zero,0.00190734863281,32,0
hot1024_d64,interleaved,amx_c_store,0.00500679016113,32,0
random524288_d64,serial,csr_prefetch,0.455379486084,17408,0
random524288_d64,serial,source_load_decode,0.68473815918,17408,0
random524288_d64,serial,fp32_add,0.539302825928,17408,0
random524288_d64,serial,partial_store,0.00381469726562,272,0
random524288_d64,serial,partial_pack,0.00786781311035,17,0
random524288_d64,serial,amx_a_load,0.00715255737305,128,0
random524288_d64,serial,amx_b_load,0.0145435333252,256,0
random524288_d64,serial,amx_tdp,0.018835067749,256,0
random524288_d64,serial,amx_zero,0.00214576721191,32,0
random524288_d64,serial,amx_c_store,0.00119209289551,32,0
random524288_d64,interleaved,csr_prefetch,0.501155853271,17408,0
random524288_d64,interleaved,source_load_decode,0.774145126343,17408,0
random524288_d64,interleaved,fp32_add,0.553131103516,17408,0
random524288_d64,interleaved,partial_store,0.00715255737305,272,0
random524288_d64,interleaved,partial_pack,0.00476837158203,17,0
random524288_d64,interleaved,amx_a_load,0.00929832458496,128,0
random524288_d64,interleaved,amx_b_load,0.0138282775879,256,0
random524288_d64,interleaved,amx_tdp,0.216245651245,256,0
random524288_d64,interleaved,amx_zero,0.00214576721191,32,0
random524288_d64,interleaved,amx_c_store,0.00286102294922,32,0
random524288_d128,serial,csr_prefetch,0.885486602783,34816,0
random524288_d128,serial,source_load_decode,1.36470794678,34816,0
random524288_d128,serial,fp32_add,1.01852416992,34816,0
random524288_d128,serial,partial_store,0.0152587890625,272,0
random524288_d128,serial,partial_pack,0.00715255737305,17,0
random524288_d128,serial,amx_a_load,0.00381469726562,128,0
random524288_d128,serial,amx_b_load,0.0157356262207,256,0
random524288_d128,serial,amx_tdp,0.0324249267578,256,0
random524288_d128,serial,amx_zero,0.00405311584473,32,0
random524288_d128,serial,amx_c_store,0.00190734863281,32,0
random524288_d128,interleaved,csr_prefetch,0.927925109863,34816,0
random524288_d128,interleaved,source_load_decode,1.44457817078,34816,0
random524288_d128,interleaved,fp32_add,1.08337402344,34816,0
random524288_d128,interleaved,partial_store,0.0209808349609,272,0
random524288_d128,interleaved,partial_pack,0.00500679016113,17,0
random524288_d128,interleaved,amx_a_load,0.00834465026855,128,0
random524288_d128,interleaved,amx_b_load,0.0231266021729,256,0
random524288_d128,interleaved,amx_tdp,0.211477279663,256,0
random524288_d128,interleaved,amx_zero,0.000953674316406,32,0
random524288_d128,interleaved,amx_c_store,0.00882148742676,32,0
