graph,method,phase,sampled_thread_ms,sampled_tiles,profile_wall_ms
as-Skitter,mkl_bf16_inputs,mkl_spmm_wall,29.1950702667,0,42.8440570831
as-Skitter,mkl_bf16_inputs,mkl_gemm_wall,13.6480331421,0,42.8440570831
as-Skitter,mkl_fp32,mkl_spmm_wall,29.3061733246,0,42.916059494
as-Skitter,mkl_fp32,mkl_gemm_wall,13.6079788208,0,42.916059494
as-Skitter,mkl_fp32,mkl_spmm_wall,29.1039943695,0,42.7870750427
as-Skitter,mkl_fp32,mkl_gemm_wall,13.6811733246,0,42.7870750427
as-Skitter,mkl_bf16_inputs,mkl_spmm_wall,29.5028686523,0,45.0918674469
as-Skitter,mkl_bf16_inputs,mkl_gemm_wall,15.5870914459,0,45.0918674469
as-Skitter,mkl_fp32,mkl_spmm_wall,29.3569564819,0,43.0071353912
as-Skitter,mkl_fp32,mkl_gemm_wall,13.6489868164,0,43.0071353912
as-Skitter,mkl_bf16_inputs,mkl_spmm_wall,29.5658111572,0,43.2121753693
as-Skitter,mkl_bf16_inputs,mkl_gemm_wall,13.6439800262,0,43.2121753693
as-Skitter,mkl_fp32,mkl_spmm_wall,29.1800498962,0,42.888879776
as-Skitter,mkl_fp32,mkl_gemm_wall,13.7069225311,0,42.888879776
as-Skitter,mkl_bf16_inputs,mkl_spmm_wall,29.4480323792,0,43.0130958557
as-Skitter,mkl_bf16_inputs,mkl_gemm_wall,13.5641098022,0,43.0130958557
as-Skitter,mkl_fp32,mkl_spmm_wall,29.5038223267,0,43.2670116425
as-Skitter,mkl_fp32,mkl_gemm_wall,13.7631893158,0,43.2670116425
as-Skitter,mkl_bf16_inputs,mkl_spmm_wall,29.5419692993,0,43.1818962097
as-Skitter,mkl_bf16_inputs,mkl_gemm_wall,13.6399269104,0,43.1818962097
as-Skitter,mkl_fp32,mkl_spmm_wall,29.3819904327,0,43.0369377136
as-Skitter,mkl_fp32,mkl_gemm_wall,13.6549472809,0,43.0369377136
as-Skitter,mkl_bf16_inputs,mkl_spmm_wall,29.6671390533,0,43.3530807495
as-Skitter,mkl_bf16_inputs,mkl_gemm_wall,13.6859416962,0,43.3530807495
as-Skitter,mkl_fp32,mkl_spmm_wall,29.2019844055,0,42.8700447083
as-Skitter,mkl_fp32,mkl_gemm_wall,13.6668682098,0,42.8700447083
as-Skitter,mkl_bf16_inputs,mkl_spmm_wall,29.4878482819,0,43.0929660797
as-Skitter,mkl_bf16_inputs,mkl_gemm_wall,13.6041641235,0,43.0929660797
as-Skitter,mkl_fp32,mkl_spmm_wall,29.3781757355,0,42.9990291595
as-Skitter,mkl_fp32,mkl_gemm_wall,13.6198997498,0,42.9990291595
as-Skitter,mkl_bf16_inputs,mkl_spmm_wall,29.5479297638,0,43.7319278717
as-Skitter,mkl_bf16_inputs,mkl_gemm_wall,14.1830444336,0,43.7319278717
as-Skitter,mkl_fp32,mkl_spmm_wall,29.1621685028,0,42.8349971771
as-Skitter,mkl_fp32,mkl_gemm_wall,13.6709213257,0,42.8349971771
as-Skitter,mkl_bf16_inputs,mkl_spmm_wall,29.5929908752,0,43.5779094696
as-Skitter,mkl_bf16_inputs,mkl_gemm_wall,13.9849185944,0,43.5779094696
as-Skitter,mkl_fp32,mkl_spmm_wall,29.265165329,0,43.004989624
as-Skitter,mkl_fp32,mkl_gemm_wall,13.739824295,0,43.004989624
as-Skitter,mkl_bf16_inputs,mkl_spmm_wall,29.2530059814,0,42.8869724274
as-Skitter,mkl_bf16_inputs,mkl_gemm_wall,13.6330127716,0,42.8869724274
as-Skitter,original,output_zero,67.8629875183,416,178.895950317
as-Skitter,original,row_schedule,0.106811523438,416,178.895950317
as-Skitter,original,partial_zero,0.150203704834,416,178.895950317
as-Skitter,original,csr_prefetch,6.03985786438,416,178.895950317
as-Skitter,original,feature_gather_decode,4.01139259338,416,178.895950317
as-Skitter,original,fp32_neighbor_reduction,0,416,178.895950317
as-Skitter,original,partial_bf16_conversion,0,416,178.895950317
as-Skitter,original,tile_load,20.6711292267,416,178.895950317
as-Skitter,original,tile_compute,21.7275619507,416,178.895950317
as-Skitter,original,tile_store,0.166177749634,416,178.895950317
as-Skitter,original,output_scatter,0.121831893921,416,178.895950317
as-Skitter,original,thread_amx_setup,4.20522689819,416,178.895950317
as-Skitter,original_nozero,output_zero,0,416,113.074064255
as-Skitter,original_nozero,row_schedule,0.105142593384,416,113.074064255
as-Skitter,original_nozero,partial_zero,0.152349472046,416,113.074064255
as-Skitter,original_nozero,csr_prefetch,5.95331192017,416,113.074064255
as-Skitter,original_nozero,feature_gather_decode,3.90601158142,416,113.074064255
as-Skitter,original_nozero,fp32_neighbor_reduction,0,416,113.074064255
as-Skitter,original_nozero,partial_bf16_conversion,0,416,113.074064255
as-Skitter,original_nozero,tile_load,20.6580162048,416,113.074064255
as-Skitter,original_nozero,tile_compute,21.2168693542,416,113.074064255
as-Skitter,original_nozero,tile_store,0.146150588989,416,113.074064255
as-Skitter,original_nozero,output_scatter,0.160217285156,416,113.074064255
as-Skitter,original_nozero,thread_amx_setup,0.0143051147461,416,113.074064255
as-Skitter,shared_b2_fast_nozero,output_zero,0,416,198.632955551
as-Skitter,shared_b2_fast_nozero,row_schedule,0.133752822876,416,198.632955551
as-Skitter,shared_b2_fast_nozero,partial_zero,3.20267677307,416,198.632955551
as-Skitter,shared_b2_fast_nozero,csr_prefetch,16.4465904236,416,198.632955551
as-Skitter,shared_b2_fast_nozero,feature_gather_decode,20.8435058594,416,198.632955551
as-Skitter,shared_b2_fast_nozero,fp32_neighbor_reduction,24.0151882172,416,198.632955551
as-Skitter,shared_b2_fast_nozero,partial_bf16_conversion,2.86626815796,416,198.632955551
as-Skitter,shared_b2_fast_nozero,tile_load,13.6568546295,416,198.632955551
as-Skitter,shared_b2_fast_nozero,tile_compute,19.5200443268,416,198.632955551
as-Skitter,shared_b2_fast_nozero,tile_store,2.15840339661,416,198.632955551
as-Skitter,shared_b2_fast_nozero,output_scatter,0.0588893890381,416,198.632955551
as-Skitter,shared_b2_fast_nozero,thread_amx_setup,0.0209808349609,416,198.632955551
as-Skitter,shared_b2_accurate_nozero,output_zero,0,416,246.074914932
as-Skitter,shared_b2_accurate_nozero,row_schedule,0.116348266602,416,246.074914932
as-Skitter,shared_b2_accurate_nozero,partial_zero,3.25012207031,416,246.074914932
as-Skitter,shared_b2_accurate_nozero,csr_prefetch,16.4015293121,416,246.074914932
as-Skitter,shared_b2_accurate_nozero,feature_gather_decode,20.9710597992,416,246.074914932
as-Skitter,shared_b2_accurate_nozero,fp32_neighbor_reduction,24.1928100586,416,246.074914932
as-Skitter,shared_b2_accurate_nozero,partial_bf16_conversion,5.2273273468,416,246.074914932
as-Skitter,shared_b2_accurate_nozero,tile_load,24.9974727631,416,246.074914932
as-Skitter,shared_b2_accurate_nozero,tile_compute,27.6749134064,416,246.074914932
as-Skitter,shared_b2_accurate_nozero,tile_store,1.70803070068,416,246.074914932
as-Skitter,shared_b2_accurate_nozero,output_scatter,0.0772476196289,416,246.074914932
as-Skitter,shared_b2_accurate_nozero,thread_amx_setup,0.0200271606445,416,246.074914932
as-Skitter,shared_b4_fast_nozero,output_zero,0,416,151.246070862
as-Skitter,shared_b4_fast_nozero,row_schedule,0.107765197754,416,151.246070862
as-Skitter,shared_b4_fast_nozero,partial_zero,1.85084342957,416,151.246070862
as-Skitter,shared_b4_fast_nozero,csr_prefetch,15.6190395355,416,151.246070862
as-Skitter,shared_b4_fast_nozero,feature_gather_decode,19.1910266876,416,151.246070862
as-Skitter,shared_b4_fast_nozero,fp32_neighbor_reduction,19.4048881531,416,151.246070862
as-Skitter,shared_b4_fast_nozero,partial_bf16_conversion,1.44577026367,416,151.246070862
as-Skitter,shared_b4_fast_nozero,tile_load,7.28988647461,416,151.246070862
as-Skitter,shared_b4_fast_nozero,tile_compute,11.0976696014,416,151.246070862
as-Skitter,shared_b4_fast_nozero,tile_store,1.08170509338,416,151.246070862
as-Skitter,shared_b4_fast_nozero,output_scatter,0.0758171081543,416,151.246070862
as-Skitter,shared_b4_fast_nozero,thread_amx_setup,0.0209808349609,416,151.246070862
as-Skitter,shared_b4_accurate_nozero,output_zero,0,416,175.797939301
as-Skitter,shared_b4_accurate_nozero,row_schedule,0.102996826172,416,175.797939301
as-Skitter,shared_b4_accurate_nozero,partial_zero,1.69110298157,416,175.797939301
as-Skitter,shared_b4_accurate_nozero,csr_prefetch,15.3844356537,416,175.797939301
as-Skitter,shared_b4_accurate_nozero,feature_gather_decode,19.0908908844,416,175.797939301
as-Skitter,shared_b4_accurate_nozero,fp32_neighbor_reduction,19.7508335114,416,175.797939301
as-Skitter,shared_b4_accurate_nozero,partial_bf16_conversion,2.68507003784,416,175.797939301
as-Skitter,shared_b4_accurate_nozero,tile_load,13.209104538,416,175.797939301
as-Skitter,shared_b4_accurate_nozero,tile_compute,14.6553516388,416,175.797939301
as-Skitter,shared_b4_accurate_nozero,tile_store,0.909090042114,416,175.797939301
as-Skitter,shared_b4_accurate_nozero,output_scatter,0.0624656677246,416,175.797939301
as-Skitter,shared_b4_accurate_nozero,thread_amx_setup,0.0219345092773,416,175.797939301
as-Skitter,shared_b8_fast_nozero,output_zero,0,416,126.222848892
as-Skitter,shared_b8_fast_nozero,row_schedule,0.108242034912,416,126.222848892
as-Skitter,shared_b8_fast_nozero,partial_zero,0.959873199463,416,126.222848892
as-Skitter,shared_b8_fast_nozero,csr_prefetch,15.5653953552,416,126.222848892
as-Skitter,shared_b8_fast_nozero,feature_gather_decode,18.5697078705,416,126.222848892
as-Skitter,shared_b8_fast_nozero,fp32_neighbor_reduction,17.005443573,416,126.222848892
as-Skitter,shared_b8_fast_nozero,partial_bf16_conversion,0.754117965698,416,126.222848892
as-Skitter,shared_b8_fast_nozero,tile_load,3.86929512024,416,126.222848892
as-Skitter,shared_b8_fast_nozero,tile_compute,5.76305389404,416,126.222848892
as-Skitter,shared_b8_fast_nozero,tile_store,0.560522079468,416,126.222848892
as-Skitter,shared_b8_fast_nozero,output_scatter,0.0817775726318,416,126.222848892
as-Skitter,shared_b8_fast_nozero,thread_amx_setup,0.023365020752,416,126.222848892
as-Skitter,shared_b8_accurate_nozero,output_zero,0,416,138.328790665
as-Skitter,shared_b8_accurate_nozero,row_schedule,0.108003616333,416,138.328790665
as-Skitter,shared_b8_accurate_nozero,partial_zero,0.912427902222,416,138.328790665
as-Skitter,shared_b8_accurate_nozero,csr_prefetch,15.5837535858,416,138.328790665
as-Skitter,shared_b8_accurate_nozero,feature_gather_decode,18.4717178345,416,138.328790665
as-Skitter,shared_b8_accurate_nozero,fp32_neighbor_reduction,17.1434879303,416,138.328790665
as-Skitter,shared_b8_accurate_nozero,partial_bf16_conversion,1.38163566589,416,138.328790665
as-Skitter,shared_b8_accurate_nozero,tile_load,6.79683685303,416,138.328790665
as-Skitter,shared_b8_accurate_nozero,tile_compute,8.24046134949,416,138.328790665
as-Skitter,shared_b8_accurate_nozero,tile_store,0.461578369141,416,138.328790665
as-Skitter,shared_b8_accurate_nozero,output_scatter,0.0791549682617,416,138.328790665
as-Skitter,shared_b8_accurate_nozero,thread_amx_setup,0.0286102294922,416,138.328790665
as-Skitter,shared_b16_fast_nozero,output_zero,0,416,113.57998848
as-Skitter,shared_b16_fast_nozero,row_schedule,0.0956058502197,416,113.57998848
as-Skitter,shared_b16_fast_nozero,partial_zero,0.483274459839,416,113.57998848
as-Skitter,shared_b16_fast_nozero,csr_prefetch,15.4554843903,416,113.57998848
as-Skitter,shared_b16_fast_nozero,feature_gather_decode,18.0578231812,416,113.57998848
as-Skitter,shared_b16_fast_nozero,fp32_neighbor_reduction,15.6908035278,416,113.57998848
as-Skitter,shared_b16_fast_nozero,partial_bf16_conversion,0.390768051147,416,113.57998848
as-Skitter,shared_b16_fast_nozero,tile_load,2.05826759338,416,113.57998848
as-Skitter,shared_b16_fast_nozero,tile_compute,3.21745872498,416,113.57998848
as-Skitter,shared_b16_fast_nozero,tile_store,0.284671783447,416,113.57998848
as-Skitter,shared_b16_fast_nozero,output_scatter,0.0805854797363,416,113.57998848
as-Skitter,shared_b16_fast_nozero,thread_amx_setup,0.0209808349609,416,113.57998848
as-Skitter,shared_b16_accurate_nozero,output_zero,0,416,121.392011642
as-Skitter,shared_b16_accurate_nozero,row_schedule,0.0925064086914,416,121.392011642
as-Skitter,shared_b16_accurate_nozero,partial_zero,0.500202178955,416,121.392011642
as-Skitter,shared_b16_accurate_nozero,csr_prefetch,15.5875682831,416,121.392011642
as-Skitter,shared_b16_accurate_nozero,feature_gather_decode,18.363237381,416,121.392011642
as-Skitter,shared_b16_accurate_nozero,fp32_neighbor_reduction,15.9349441528,416,121.392011642
as-Skitter,shared_b16_accurate_nozero,partial_bf16_conversion,0.737428665161,416,121.392011642
as-Skitter,shared_b16_accurate_nozero,tile_load,3.7145614624,416,121.392011642
as-Skitter,shared_b16_accurate_nozero,tile_compute,4.86016273499,416,121.392011642
as-Skitter,shared_b16_accurate_nozero,tile_store,0.254392623901,416,121.392011642
as-Skitter,shared_b16_accurate_nozero,output_scatter,0.0984668731689,416,121.392011642
as-Skitter,shared_b16_accurate_nozero,thread_amx_setup,0.0228881835938,416,121.392011642
as-Skitter,shared_b32_fast_nozero,output_zero,0,416,108.93702507
as-Skitter,shared_b32_fast_nozero,row_schedule,0.0970363616943,416,108.93702507
as-Skitter,shared_b32_fast_nozero,partial_zero,0.303030014038,416,108.93702507
as-Skitter,shared_b32_fast_nozero,csr_prefetch,15.3698921204,416,108.93702507
as-Skitter,shared_b32_fast_nozero,feature_gather_decode,17.9867744446,416,108.93702507
as-Skitter,shared_b32_fast_nozero,fp32_neighbor_reduction,15.0609016418,416,108.93702507
as-Skitter,shared_b32_fast_nozero,partial_bf16_conversion,0.235319137573,416,108.93702507
as-Skitter,shared_b32_fast_nozero,tile_load,1.23834609985,416,108.93702507
as-Skitter,shared_b32_fast_nozero,tile_compute,2.14028358459,416,108.93702507
as-Skitter,shared_b32_fast_nozero,tile_store,0.162124633789,416,108.93702507
as-Skitter,shared_b32_fast_nozero,output_scatter,0.086784362793,416,108.93702507
as-Skitter,shared_b32_fast_nozero,thread_amx_setup,0.0181198120117,416,108.93702507
as-Skitter,shared_b32_accurate_nozero,output_zero,0,416,109.001159668
as-Skitter,shared_b32_accurate_nozero,row_schedule,0.0908374786377,416,109.001159668
as-Skitter,shared_b32_accurate_nozero,partial_zero,0.288248062134,416,109.001159668
as-Skitter,shared_b32_accurate_nozero,csr_prefetch,15.4693126678,416,109.001159668
as-Skitter,shared_b32_accurate_nozero,feature_gather_decode,18.0461406708,416,109.001159668
as-Skitter,shared_b32_accurate_nozero,fp32_neighbor_reduction,15.2397155762,416,109.001159668
as-Skitter,shared_b32_accurate_nozero,partial_bf16_conversion,0.412940979004,416,109.001159668
as-Skitter,shared_b32_accurate_nozero,tile_load,2.08568572998,416,109.001159668
as-Skitter,shared_b32_accurate_nozero,tile_compute,2.99119949341,416,109.001159668
as-Skitter,shared_b32_accurate_nozero,tile_store,0.144720077515,416,109.001159668
as-Skitter,shared_b32_accurate_nozero,output_scatter,0.0784397125244,416,109.001159668
as-Skitter,shared_b32_accurate_nozero,thread_amx_setup,0.0183582305908,416,109.001159668
as-Skitter,shared_b64_fast_nozero,output_zero,0,416,104.570150375
as-Skitter,shared_b64_fast_nozero,row_schedule,0.0848770141602,416,104.570150375
as-Skitter,shared_b64_fast_nozero,partial_zero,0.174760818481,416,104.570150375
as-Skitter,shared_b64_fast_nozero,csr_prefetch,15.4435634613,416,104.570150375
as-Skitter,shared_b64_fast_nozero,feature_gather_decode,17.829656601,416,104.570150375
as-Skitter,shared_b64_fast_nozero,fp32_neighbor_reduction,14.6887302399,416,104.570150375
as-Skitter,shared_b64_fast_nozero,partial_bf16_conversion,0.146150588989,416,104.570150375
as-Skitter,shared_b64_fast_nozero,tile_load,0.752687454224,416,104.570150375
as-Skitter,shared_b64_fast_nozero,tile_compute,1.6188621521,416,104.570150375
as-Skitter,shared_b64_fast_nozero,tile_store,0.112295150757,416,104.570150375
as-Skitter,shared_b64_fast_nozero,output_scatter,0.0786781311035,416,104.570150375
as-Skitter,shared_b64_fast_nozero,thread_amx_setup,0.0162124633789,416,104.570150375
as-Skitter,shared_b64_accurate_nozero,output_zero,0,416,106.789827347
as-Skitter,shared_b64_accurate_nozero,row_schedule,0.112533569336,416,106.789827347
as-Skitter,shared_b64_accurate_nozero,partial_zero,0.205755233765,416,106.789827347
as-Skitter,shared_b64_accurate_nozero,csr_prefetch,15.4554843903,416,106.789827347
as-Skitter,shared_b64_accurate_nozero,feature_gather_decode,17.9312229156,416,106.789827347
as-Skitter,shared_b64_accurate_nozero,fp32_neighbor_reduction,14.6715641022,416,106.789827347
as-Skitter,shared_b64_accurate_nozero,partial_bf16_conversion,0.263452529907,416,106.789827347
as-Skitter,shared_b64_accurate_nozero,tile_load,1.32322311401,416,106.789827347
as-Skitter,shared_b64_accurate_nozero,tile_compute,2.20656394958,416,106.789827347
as-Skitter,shared_b64_accurate_nozero,tile_store,0.0936985015869,416,106.789827347
as-Skitter,shared_b64_accurate_nozero,output_scatter,0.0758171081543,416,106.789827347
as-Skitter,shared_b64_accurate_nozero,thread_amx_setup,0.0190734863281,416,106.789827347
as-Skitter,shared_bfull_fast_nozero,output_zero,0,416,97.2080230713
as-Skitter,shared_bfull_fast_nozero,row_schedule,0.103235244751,416,97.2080230713
as-Skitter,shared_bfull_fast_nozero,partial_zero,0.0877380371094,416,97.2080230713
as-Skitter,shared_bfull_fast_nozero,csr_prefetch,14.4402980804,416,97.2080230713
as-Skitter,shared_bfull_fast_nozero,feature_gather_decode,16.8678760529,416,97.2080230713
as-Skitter,shared_bfull_fast_nozero,fp32_neighbor_reduction,13.6978626251,416,97.2080230713
as-Skitter,shared_bfull_fast_nozero,partial_bf16_conversion,0.0598430633545,416,97.2080230713
as-Skitter,shared_bfull_fast_nozero,tile_load,0.329256057739,416,97.2080230713
as-Skitter,shared_bfull_fast_nozero,tile_compute,1.07479095459,416,97.2080230713
as-Skitter,shared_bfull_fast_nozero,tile_store,0.0474452972412,416,97.2080230713
as-Skitter,shared_bfull_fast_nozero,output_scatter,0.0815391540527,416,97.2080230713
as-Skitter,shared_bfull_fast_nozero,thread_amx_setup,0.0162124633789,416,97.2080230713
as-Skitter,shared_bfull_accurate_nozero,output_zero,0,416,99.2181301117
as-Skitter,shared_bfull_accurate_nozero,row_schedule,0.0941753387451,416,99.2181301117
as-Skitter,shared_bfull_accurate_nozero,partial_zero,0.096321105957,416,99.2181301117
as-Skitter,shared_bfull_accurate_nozero,csr_prefetch,14.6236419678,416,99.2181301117
as-Skitter,shared_bfull_accurate_nozero,feature_gather_decode,17.1434879303,416,99.2181301117
as-Skitter,shared_bfull_accurate_nozero,fp32_neighbor_reduction,13.7922763824,416,99.2181301117
as-Skitter,shared_bfull_accurate_nozero,partial_bf16_conversion,0.137567520142,416,99.2181301117
as-Skitter,shared_bfull_accurate_nozero,tile_load,0.626802444458,416,99.2181301117
as-Skitter,shared_bfull_accurate_nozero,tile_compute,1.47461891174,416,99.2181301117
as-Skitter,shared_bfull_accurate_nozero,tile_store,0.0429153442383,416,99.2181301117
as-Skitter,shared_bfull_accurate_nozero,output_scatter,0.0994205474854,416,99.2181301117
as-Skitter,shared_bfull_accurate_nozero,thread_amx_setup,0.0123977661133,416,99.2181301117
