graph,method,boundary,reference,max_abs,mean_abs,relative_L2,normalized_max,gate,pass
as-Skitter,paper_tfs,kernel_FP32,paper_tfs,0,0,0,0,0.01,1
as-Skitter,paper_tfs,e2e_FP32_final,paper_tfs,0,0,0,0,0.01,1
as-Skitter,paper_tfs,e2e_BF16_final,paper_tfs,0,0,0,0,0.02,1
as-Skitter,paper_tfs,e2e_BF16_final,source_MKL_FP32,101176,49.296742437,0.0115825632437,0.0141074558509,0.03,1
as-Skitter,b2_fast,kernel_FP32,paper_tfs,8.30126953125,0.0179046284721,0.00225482324335,0.00189296892485,0.01,1
as-Skitter,b2_fast,e2e_FP32_final,paper_tfs,20868.5,15.6791491598,0.00352892780936,0.00294154813939,0.01,1
as-Skitter,b2_fast,e2e_BF16_final,paper_tfs,32768,15.6371669665,0.00443992552771,0.00462962962963,0.02,1
as-Skitter,b2_fast,e2e_BF16_final,source_MKL_FP32,126690.5,63.548522543,0.0148878136328,0.0176650651882,0.03,1
as-Skitter,b2_accurate,kernel_FP32,paper_tfs,0.0625,1.79541313284e-06,2.74232784672e-06,1.42521041339e-05,0.001,1
as-Skitter,b2_accurate,e2e_FP32_final,paper_tfs,1058.5,0.126094797167,3.99400024691e-05,0.000149202324342,0.001,1
as-Skitter,b2_accurate,e2e_BF16_final,paper_tfs,16384,0.125389687031,0.000313044316827,0.00231481481481,0.01,1
as-Skitter,b2_accurate,e2e_BF16_final,source_MKL_FP32,101176,49.3174056925,0.0115883329425,0.0141074558509,0.03,1
as-Skitter,b4_fast,kernel_FP32,paper_tfs,11.0871582031,0.02222417476,0.00285925158724,0.00252824533216,0.01,1
as-Skitter,b4_fast,e2e_FP32_final,paper_tfs,33035,21.8561041524,0.00498187692768,0.00465649389197,0.01,1
as-Skitter,b4_fast,e2e_BF16_final,paper_tfs,32768,21.7969242266,0.00547418499778,0.00462962962963,0.02,1
as-Skitter,b4_fast,e2e_BF16_final,source_MKL_FP32,126690.5,69.7754275261,0.0163046695095,0.0176650651882,0.03,1
as-Skitter,b4_accurate,kernel_FP32,paper_tfs,0.060302734375,1.62392434855e-06,2.33951952847e-06,1.37510535979e-05,0.001,1
as-Skitter,b4_accurate,e2e_FP32_final,paper_tfs,155.5,0.131979634077,3.85235203836e-05,2.19187165189e-05,0.001,1
as-Skitter,b4_accurate,e2e_BF16_final,paper_tfs,8192,0.131339827064,0.000309741926649,0.00115740740741,0.01,1
as-Skitter,b4_accurate,e2e_BF16_final,source_MKL_FP32,101176,49.3166646506,0.0115874468321,0.0141074558509,0.03,1
as-Skitter,b8_fast,kernel_FP32,paper_tfs,11.982421875,0.0234653225435,0.00304953031939,0.00273239558942,0.01,1
as-Skitter,b8_fast,e2e_FP32_final,paper_tfs,37308,24.1472403914,0.00556254660663,0.00525880048802,0.01,1
as-Skitter,b8_fast,e2e_BF16_final,paper_tfs,32768,24.0786532215,0.00596740337275,0.00462962962963,0.02,1
as-Skitter,b8_fast,e2e_BF16_final,source_MKL_FP32,133944,72.0711032923,0.0168777332741,0.0186764555477,0.03,1
as-Skitter,b8_accurate,kernel_FP32,paper_tfs,0.04443359375,2.29921066266e-06,2.20114479824e-06,1.01323552827e-05,0.001,1
as-Skitter,b8_accurate,e2e_FP32_final,paper_tfs,97,0.128560007827,3.81990509849e-05,1.36727685037e-05,0.001,1
as-Skitter,b8_accurate,e2e_BF16_final,paper_tfs,8192,0.127974044067,0.000308316946638,0.00115740740741,0.01,1
as-Skitter,b8_accurate,e2e_BF16_final,source_MKL_FP32,101176,49.316902921,0.0115873663166,0.0141074558509,0.03,1
as-Skitter,b16_fast,kernel_FP32,paper_tfs,12.4223632812,0.0239922974647,0.00313874169423,0.00283271704117,0.01,1
as-Skitter,b16_fast,e2e_FP32_final,paper_tfs,38756.5,24.8296753954,0.00571218303949,0.00546297579913,0.01,1
as-Skitter,b16_fast,e2e_BF16_final,paper_tfs,32768,24.7601353723,0.00610530435335,0.00462962962963,0.02,1
as-Skitter,b16_fast,e2e_BF16_final,source_MKL_FP32,133944,72.6571623948,0.0170026892077,0.0186764555477,0.03,1
as-Skitter,b16_accurate,kernel_FP32,paper_tfs,0.0419921875,6.26714470851e-06,2.54908241031e-06,9.57563246496e-06,0.001,1
as-Skitter,b16_accurate,e2e_FP32_final,paper_tfs,110.5,0.122347899245,3.67013032601e-05,1.55756795842e-05,0.001,1
as-Skitter,b16_accurate,e2e_BF16_final,paper_tfs,8192,0.121809692584,0.00031071640333,0.00115740740741,0.01,1
as-Skitter,b16_accurate,e2e_BF16_final,source_MKL_FP32,101176,49.3249012388,0.0115884707651,0.0141074558509,0.03,1
as-Skitter,b32_fast,kernel_FP32,paper_tfs,12.6279296875,0.0240784841519,0.00315525670904,0.00287959310243,0.01,1
as-Skitter,b32_fast,e2e_FP32_final,paper_tfs,39734,25.1406410905,0.00581348281862,0.00560076065699,0.01,1
as-Skitter,b32_fast,e2e_BF16_final,paper_tfs,32768,25.0699900147,0.00620554813107,0.00462962962963,0.02,1
as-Skitter,b32_fast,e2e_BF16_final,source_MKL_FP32,133944,72.8683128954,0.0170700577075,0.0186764555477,0.03,1
as-Skitter,b32_accurate,kernel_FP32,paper_tfs,0.038330078125,1.0212229647e-05,3.40105359858e-06,8.74054823836e-06,0.001,1
as-Skitter,b32_accurate,e2e_FP32_final,paper_tfs,98.5,0.145807476019,3.85948102342e-05,1.38842030682e-05,0.001,1
as-Skitter,b32_accurate,e2e_BF16_final,paper_tfs,8192,0.145261462708,0.000322374939542,0.00115740740741,0.01,1
as-Skitter,b32_accurate,e2e_BF16_final,source_MKL_FP32,101176,49.3293851112,0.0115902736847,0.0141074558509,0.03,1
as-Skitter,b64_fast,kernel_FP32,paper_tfs,12.7639160156,0.0241241709683,0.00317383389263,0.00291060256337,0.01,1
as-Skitter,b64_fast,e2e_FP32_final,paper_tfs,39717.5,25.447340191,0.00592238221834,0.00559843487678,0.01,1
as-Skitter,b64_fast,e2e_BF16_final,paper_tfs,32768,25.374573895,0.00630847915001,0.00462962962963,0.02,1
as-Skitter,b64_fast,e2e_BF16_final,source_MKL_FP32,133944,73.1586083381,0.017168137754,0.0186764555477,0.03,1
as-Skitter,b64_accurate,kernel_FP32,paper_tfs,0.0478515625,1.26918311543e-05,4.43286143655e-06,1.09117672275e-05,0.001,1
as-Skitter,b64_accurate,e2e_FP32_final,paper_tfs,132,0.160743608146,3.98353491586e-05,1.86062416752e-05,0.001,1
as-Skitter,b64_accurate,e2e_BF16_final,paper_tfs,8192,0.160524014425,0.000344394291288,0.00115740740741,0.01,1
as-Skitter,b64_accurate,e2e_BF16_final,source_MKL_FP32,101176,49.3371451971,0.0115919883574,0.0141074558509,0.03,1
as-Skitter,bfull_fast,kernel_FP32,paper_tfs,13.8238525391,0.0241367617241,0.00322832966378,0.00315230377469,0.01,1
as-Skitter,bfull_fast,e2e_FP32_final,paper_tfs,46943.5,25.7084822882,0.00604604186784,0.00661698565212,0.01,1
as-Skitter,bfull_fast,e2e_BF16_final,paper_tfs,65536,25.6329044094,0.0064397834697,0.00925925925926,0.02,1
as-Skitter,bfull_fast,e2e_BF16_final,source_MKL_FP32,133944,73.3207592817,0.0172384073062,0.0186764555477,0.03,1
as-Skitter,bfull_accurate,kernel_FP32,paper_tfs,0.05859375,1.44155470569e-05,6.51587562234e-06,1.33613476255e-05,0.001,1
as-Skitter,bfull_accurate,e2e_FP32_final,paper_tfs,174,0.247799351897,5.19874991689e-05,2.4526409481e-05,0.001,1
as-Skitter,bfull_accurate,e2e_BF16_final,paper_tfs,8192,0.246892729096,0.000383564387194,0.00115740740741,0.01,1
as-Skitter,bfull_accurate,e2e_BF16_final,source_MKL_FP32,101176,49.3575111018,0.0115952641068,0.0141074558509,0.03,1
