graph,method,boundary,reference,max_abs,mean_abs,relative_l2,normalized_max,pass
com-Youtube,original_nozero,kernel,source_original_tfs,0,0,0,0,1
com-Youtube,original_nozero,e2e,source_original_tfs,0,0,0,0,1
com-Youtube,original_nozero,e2e,source_mkl_fp32,38846.75,7.80331676893,0.00965762263617,0.0105505849512,1
com-Youtube,shared_b2_fast_nozero,kernel,source_original_tfs,5.232421875,0.0078441225527,0.00219348108774,0.00195006551172,1
com-Youtube,shared_b2_fast_nozero,e2e,source_original_tfs,10224.5,2.88517185373,0.00317530577756,0.0028065341506,1
com-Youtube,shared_b2_fast_nozero,e2e,source_mkl_fp32,49071.25,10.1172062646,0.0125662027736,0.0133275085249,1
com-Youtube,shared_b2_accurate_nozero,kernel,source_original_tfs,0.035400390625,6.38163800002e-07,1.44536163031e-06,1.31933323628e-05,1
com-Youtube,shared_b2_accurate_nozero,e2e,source_original_tfs,536.5,0.0206602881391,5.54014437566e-05,0.000147264469832,1
com-Youtube,shared_b2_accurate_nozero,e2e,source_mkl_fp32,38990.5,7.8024600227,0.00966061565803,0.0105896267395,1
com-Youtube,shared_b4_fast_nozero,kernel,source_original_tfs,8.17700195312,0.00954758032057,0.00274580690684,0.00304747779881,1
com-Youtube,shared_b4_fast_nozero,e2e,source_original_tfs,16150.5,4.00767643957,0.00478949717396,0.00443316835046,1
com-Youtube,shared_b4_fast_nozero,e2e,source_mkl_fp32,54997.25,11.3109001912,0.0141687895608,0.0149369807824,1
com-Youtube,shared_b4_accurate_nozero,kernel,source_original_tfs,0.0322265625,5.86818766995e-07,1.25115176072e-06,1.20104818751e-05,1
com-Youtube,shared_b4_accurate_nozero,e2e,source_original_tfs,400.5,0.0134481664175,4.56063299818e-05,0.00010993368158,1
com-Youtube,shared_b4_accurate_nozero,e2e,source_mkl_fp32,38700.75,7.80215989641,0.00965655036754,0.0105109320741,1
com-Youtube,shared_b8_fast_nozero,kernel,source_original_tfs,7.95727539062,0.00997925770985,0.00290417585826,0.00296558814966,1
com-Youtube,shared_b8_fast_nozero,e2e,source_original_tfs,18632,4.27291340807,0.00528831086368,0.00511431799052,1
com-Youtube,shared_b8_fast_nozero,e2e,source_mkl_fp32,57478.75,11.5850267818,0.0146828859278,0.0156109438953,1
com-Youtube,shared_b8_accurate_nozero,kernel,source_original_tfs,0.02685546875,8.02603477227e-07,1.21436327364e-06,1.00087348959e-05,1
com-Youtube,shared_b8_accurate_nozero,e2e,source_original_tfs,363.25,0.0227757034474,5.57124034416e-05,9.97088884744e-05,1
com-Youtube,shared_b8_accurate_nozero,e2e,source_mkl_fp32,38676,7.80336550468,0.00965727503524,0.0105042100967,1
com-Youtube,shared_b16_fast_nozero,kernel,source_original_tfs,7.51477050781,0.0101425147349,0.00298476308893,0.00280067149512,1
com-Youtube,shared_b16_fast_nozero,e2e,source_original_tfs,19703,4.42821917571,0.00552916025835,0.005408297948,1
com-Youtube,shared_b16_fast_nozero,e2e,source_mkl_fp32,58549.75,11.7423112023,0.0149191246221,0.0159018221923,1
com-Youtube,shared_b16_accurate_nozero,kernel,source_original_tfs,0.0264892578125,2.06123125812e-06,1.73657488398e-06,9.87225214733e-06,1
com-Youtube,shared_b16_accurate_nozero,e2e,source_original_tfs,370.75,0.0182314409032,4.96923185578e-05,0.00010176757165,1
com-Youtube,shared_b16_accurate_nozero,e2e,source_mkl_fp32,38694.25,7.80351713303,0.00965804948733,0.0105091667063,1
com-Youtube,shared_b32_fast_nozero,kernel,source_original_tfs,9.89501953125,0.0101638683422,0.00299471436627,0.00368776386665,1
com-Youtube,shared_b32_fast_nozero,e2e,source_original_tfs,19650.25,4.4765895251,0.00560976832173,0.005393818543,1
com-Youtube,shared_b32_fast_nozero,e2e,source_mkl_fp32,58497,11.7886259452,0.0149885551233,0.0158874955535,1
com-Youtube,shared_b32_accurate_nozero,kernel,source_original_tfs,0.01806640625,3.35911865665e-06,2.73708486054e-06,6.73314892998e-06,1
com-Youtube,shared_b32_accurate_nozero,e2e,source_original_tfs,392,0.0250753589739,5.14891892192e-05,0.000107600507314,1
com-Youtube,shared_b32_accurate_nozero,e2e,source_mkl_fp32,38706.75,7.80445243378,0.00965997645388,0.0105125616444,1
com-Youtube,shared_b64_fast_nozero,kernel,source_original_tfs,8.55102539062,0.010178289729,0.00301003628531,0.00318687217936,1
com-Youtube,shared_b64_fast_nozero,e2e,source_original_tfs,19699.25,4.47160501769,0.0055989650994,0.00540726860641,1
com-Youtube,shared_b64_fast_nozero,e2e,source_mkl_fp32,58546,11.7587859124,0.0149647606625,0.0159008037109,1
com-Youtube,shared_b64_accurate_nozero,kernel,source_original_tfs,0.0244140625,4.28650725066e-06,3.84854546561e-06,9.09884990537e-06,1
com-Youtube,shared_b64_accurate_nozero,e2e,source_original_tfs,396.5,0.0346105089079,5.87335546484e-05,0.00010883571722,1
com-Youtube,shared_b64_accurate_nozero,e2e,source_mkl_fp32,38708,7.80566731527,0.0096626888248,0.0105129011382,1
com-Youtube,shared_bfull_fast_nozero,kernel,source_original_tfs,10.0947265625,0.0101814606388,0.00302628011987,0.00376219245887,1
com-Youtube,shared_bfull_fast_nozero,e2e,source_original_tfs,21057.75,4.47103371774,0.00570767172727,0.0057801647523,1
com-Youtube,shared_bfull_fast_nozero,e2e,source_mkl_fp32,56712.5,11.7398840533,0.0149808425471,0.0154028341894,1
com-Youtube,shared_bfull_accurate_nozero,kernel,source_original_tfs,0.038330078125,4.95118362617e-06,5.35593560371e-06,1.42851943514e-05,1
com-Youtube,shared_bfull_accurate_nozero,e2e,source_original_tfs,416,0.0403360873856,5.75233358092e-05,0.000114188293477,1
com-Youtube,shared_bfull_accurate_nozero,e2e,source_mkl_fp32,38708,7.80903000741,0.00966689287833,0.0105129011382,1
