graph,method,phase,sampled_thread_ms,sampled_tiles,profile_wall_ms
com-Youtube,shared_b2_fast_nozero,output_zero,0,279,112.474918365
com-Youtube,shared_b2_fast_nozero,row_schedule,0.16450881958,279,112.474918365
com-Youtube,shared_b2_fast_nozero,partial_zero,2.35033035278,279,112.474918365
com-Youtube,shared_b2_fast_nozero,csr_prefetch,4.93621826172,279,112.474918365
com-Youtube,shared_b2_fast_nozero,feature_gather_decode,9.69552993774,279,112.474918365
com-Youtube,shared_b2_fast_nozero,fp32_neighbor_reduction,9.07397270203,279,112.474918365
com-Youtube,shared_b2_fast_nozero,partial_bf16_conversion,2.13241577148,279,112.474918365
com-Youtube,shared_b2_fast_nozero,tile_load,10.0207328796,279,112.474918365
com-Youtube,shared_b2_fast_nozero,tile_compute,12.0594501495,279,112.474918365
com-Youtube,shared_b2_fast_nozero,tile_store,1.51109695435,279,112.474918365
com-Youtube,shared_b2_fast_nozero,output_scatter,1.50942802429,279,112.474918365
com-Youtube,shared_b2_fast_nozero,thread_amx_setup,0.0321865081787,279,112.474918365
com-Youtube,shared_b2_accurate_nozero,output_zero,0,279,145.324230194
com-Youtube,shared_b2_accurate_nozero,row_schedule,0.146150588989,279,145.324230194
com-Youtube,shared_b2_accurate_nozero,partial_zero,2.49552726746,279,145.324230194
com-Youtube,shared_b2_accurate_nozero,csr_prefetch,4.77147102356,279,145.324230194
com-Youtube,shared_b2_accurate_nozero,feature_gather_decode,9.66548919678,279,145.324230194
com-Youtube,shared_b2_accurate_nozero,fp32_neighbor_reduction,8.88562202454,279,145.324230194
com-Youtube,shared_b2_accurate_nozero,partial_bf16_conversion,3.91101837158,279,145.324230194
com-Youtube,shared_b2_accurate_nozero,tile_load,18.2716846466,279,145.324230194
com-Youtube,shared_b2_accurate_nozero,tile_compute,18.9218521118,279,145.324230194
com-Youtube,shared_b2_accurate_nozero,tile_store,1.26266479492,279,145.324230194
com-Youtube,shared_b2_accurate_nozero,output_scatter,1.48272514343,279,145.324230194
com-Youtube,shared_b2_accurate_nozero,thread_amx_setup,0.0355243682861,279,145.324230194
com-Youtube,shared_b4_fast_nozero,output_zero,0,279,80.2569389343
com-Youtube,shared_b4_fast_nozero,row_schedule,0.16188621521,279,80.2569389343
com-Youtube,shared_b4_fast_nozero,partial_zero,1.25885009766,279,80.2569389343
com-Youtube,shared_b4_fast_nozero,csr_prefetch,4.50038909912,279,80.2569389343
com-Youtube,shared_b4_fast_nozero,feature_gather_decode,7.51185417175,279,80.2569389343
com-Youtube,shared_b4_fast_nozero,fp32_neighbor_reduction,6.45041465759,279,80.2569389343
com-Youtube,shared_b4_fast_nozero,partial_bf16_conversion,1.1157989502,279,80.2569389343
com-Youtube,shared_b4_fast_nozero,tile_load,5.39350509644,279,80.2569389343
com-Youtube,shared_b4_fast_nozero,tile_compute,6.51335716248,279,80.2569389343
com-Youtube,shared_b4_fast_nozero,tile_store,0.794410705566,279,80.2569389343
com-Youtube,shared_b4_fast_nozero,output_scatter,1.43671035767,279,80.2569389343
com-Youtube,shared_b4_fast_nozero,thread_amx_setup,0.0274181365967,279,80.2569389343
com-Youtube,shared_b4_accurate_nozero,output_zero,0,279,99.9069213867
com-Youtube,shared_b4_accurate_nozero,row_schedule,0.125885009766,279,99.9069213867
com-Youtube,shared_b4_accurate_nozero,partial_zero,1.31583213806,279,99.9069213867
com-Youtube,shared_b4_accurate_nozero,csr_prefetch,4.40216064453,279,99.9069213867
com-Youtube,shared_b4_accurate_nozero,feature_gather_decode,7.54117965698,279,99.9069213867
com-Youtube,shared_b4_accurate_nozero,fp32_neighbor_reduction,6.48307800293,279,99.9069213867
com-Youtube,shared_b4_accurate_nozero,partial_bf16_conversion,2.02465057373,279,99.9069213867
com-Youtube,shared_b4_accurate_nozero,tile_load,9.64832305908,279,99.9069213867
com-Youtube,shared_b4_accurate_nozero,tile_compute,10.0741386414,279,99.9069213867
com-Youtube,shared_b4_accurate_nozero,tile_store,0.703811645508,279,99.9069213867
com-Youtube,shared_b4_accurate_nozero,output_scatter,1.56497955322,279,99.9069213867
com-Youtube,shared_b4_accurate_nozero,thread_amx_setup,0.0269412994385,279,99.9069213867
com-Youtube,shared_b8_fast_nozero,output_zero,0,279,66.4830207825
com-Youtube,shared_b8_fast_nozero,row_schedule,0.12993812561,279,66.4830207825
com-Youtube,shared_b8_fast_nozero,partial_zero,0.675439834595,279,66.4830207825
com-Youtube,shared_b8_fast_nozero,csr_prefetch,4.49228286743,279,66.4830207825
com-Youtube,shared_b8_fast_nozero,feature_gather_decode,7.00449943542,279,66.4830207825
com-Youtube,shared_b8_fast_nozero,fp32_neighbor_reduction,5.27834892273,279,66.4830207825
com-Youtube,shared_b8_fast_nozero,partial_bf16_conversion,0.568151473999,279,66.4830207825
com-Youtube,shared_b8_fast_nozero,tile_load,3.01289558411,279,66.4830207825
com-Youtube,shared_b8_fast_nozero,tile_compute,3.55839729309,279,66.4830207825
com-Youtube,shared_b8_fast_nozero,tile_store,0.429153442383,279,66.4830207825
com-Youtube,shared_b8_fast_nozero,output_scatter,1.4443397522,279,66.4830207825
com-Youtube,shared_b8_fast_nozero,thread_amx_setup,0.028133392334,279,66.4830207825
com-Youtube,shared_b8_accurate_nozero,output_zero,0,279,76.2910842896
com-Youtube,shared_b8_accurate_nozero,row_schedule,0.117778778076,279,76.2910842896
com-Youtube,shared_b8_accurate_nozero,partial_zero,0.704526901245,279,76.2910842896
com-Youtube,shared_b8_accurate_nozero,csr_prefetch,4.47940826416,279,76.2910842896
com-Youtube,shared_b8_accurate_nozero,feature_gather_decode,6.69479370117,279,76.2910842896
com-Youtube,shared_b8_accurate_nozero,fp32_neighbor_reduction,5.31840324402,279,76.2910842896
com-Youtube,shared_b8_accurate_nozero,partial_bf16_conversion,1.02376937866,279,76.2910842896
com-Youtube,shared_b8_accurate_nozero,tile_load,5.06401062012,279,76.2910842896
com-Youtube,shared_b8_accurate_nozero,tile_compute,5.25999069214,279,76.2910842896
com-Youtube,shared_b8_accurate_nozero,tile_store,0.340938568115,279,76.2910842896
com-Youtube,shared_b8_accurate_nozero,output_scatter,1.56283378601,279,76.2910842896
com-Youtube,shared_b8_accurate_nozero,thread_amx_setup,0.0262260437012,279,76.2910842896
com-Youtube,shared_b16_fast_nozero,output_zero,0,279,58.4490299225
com-Youtube,shared_b16_fast_nozero,row_schedule,0.143051147461,279,58.4490299225
com-Youtube,shared_b16_fast_nozero,partial_zero,0.34761428833,279,58.4490299225
com-Youtube,shared_b16_fast_nozero,csr_prefetch,4.35638427734,279,58.4490299225
com-Youtube,shared_b16_fast_nozero,feature_gather_decode,6.49762153625,279,58.4490299225
com-Youtube,shared_b16_fast_nozero,fp32_neighbor_reduction,4.5325756073,279,58.4490299225
com-Youtube,shared_b16_fast_nozero,partial_bf16_conversion,0.325441360474,279,58.4490299225
com-Youtube,shared_b16_fast_nozero,tile_load,1.7716884613,279,58.4490299225
com-Youtube,shared_b16_fast_nozero,tile_compute,2.06351280212,279,58.4490299225
com-Youtube,shared_b16_fast_nozero,tile_store,0.231266021729,279,58.4490299225
com-Youtube,shared_b16_fast_nozero,output_scatter,1.38568878174,279,58.4490299225
com-Youtube,shared_b16_fast_nozero,thread_amx_setup,0.0355243682861,279,58.4490299225
com-Youtube,shared_b16_accurate_nozero,output_zero,0,279,64.7671222687
com-Youtube,shared_b16_accurate_nozero,row_schedule,0.130176544189,279,64.7671222687
com-Youtube,shared_b16_accurate_nozero,partial_zero,0.389099121094,279,64.7671222687
com-Youtube,shared_b16_accurate_nozero,csr_prefetch,4.38046455383,279,64.7671222687
com-Youtube,shared_b16_accurate_nozero,feature_gather_decode,6.38341903687,279,64.7671222687
com-Youtube,shared_b16_accurate_nozero,fp32_neighbor_reduction,4.60171699524,279,64.7671222687
com-Youtube,shared_b16_accurate_nozero,partial_bf16_conversion,0.563383102417,279,64.7671222687
com-Youtube,shared_b16_accurate_nozero,tile_load,2.8817653656,279,64.7671222687
com-Youtube,shared_b16_accurate_nozero,tile_compute,3.07965278625,279,64.7671222687
com-Youtube,shared_b16_accurate_nozero,tile_store,0.194072723389,279,64.7671222687
com-Youtube,shared_b16_accurate_nozero,output_scatter,1.51515007019,279,64.7671222687
com-Youtube,shared_b16_accurate_nozero,thread_amx_setup,0.0326633453369,279,64.7671222687
com-Youtube,shared_b32_fast_nozero,output_zero,0,279,54.6700954437
com-Youtube,shared_b32_fast_nozero,row_schedule,0.134468078613,279,54.6700954437
com-Youtube,shared_b32_fast_nozero,partial_zero,0.232219696045,279,54.6700954437
com-Youtube,shared_b32_fast_nozero,csr_prefetch,4.31275367737,279,54.6700954437
com-Youtube,shared_b32_fast_nozero,feature_gather_decode,6.2530040741,279,54.6700954437
com-Youtube,shared_b32_fast_nozero,fp32_neighbor_reduction,4.12273406982,279,54.6700954437
com-Youtube,shared_b32_fast_nozero,partial_bf16_conversion,0.189781188965,279,54.6700954437
com-Youtube,shared_b32_fast_nozero,tile_load,1.13034248352,279,54.6700954437
com-Youtube,shared_b32_fast_nozero,tile_compute,1.1157989502,279,54.6700954437
com-Youtube,shared_b32_fast_nozero,tile_store,0.122785568237,279,54.6700954437
com-Youtube,shared_b32_fast_nozero,output_scatter,1.42765045166,279,54.6700954437
com-Youtube,shared_b32_fast_nozero,thread_amx_setup,0.030517578125,279,54.6700954437
com-Youtube,shared_b32_accurate_nozero,output_zero,0,279,59.0629577637
com-Youtube,shared_b32_accurate_nozero,row_schedule,0.116586685181,279,59.0629577637
com-Youtube,shared_b32_accurate_nozero,partial_zero,0.240087509155,279,59.0629577637
com-Youtube,shared_b32_accurate_nozero,csr_prefetch,4.33564186096,279,59.0629577637
com-Youtube,shared_b32_accurate_nozero,feature_gather_decode,6.16407394409,279,59.0629577637
com-Youtube,shared_b32_accurate_nozero,fp32_neighbor_reduction,4.34470176697,279,59.0629577637
com-Youtube,shared_b32_accurate_nozero,partial_bf16_conversion,0.31304359436,279,59.0629577637
com-Youtube,shared_b32_accurate_nozero,tile_load,1.74593925476,279,59.0629577637
com-Youtube,shared_b32_accurate_nozero,tile_compute,1.92856788635,279,59.0629577637
com-Youtube,shared_b32_accurate_nozero,tile_store,0.108242034912,279,59.0629577637
com-Youtube,shared_b32_accurate_nozero,output_scatter,1.51109695435,279,59.0629577637
com-Youtube,shared_b32_accurate_nozero,thread_amx_setup,0.0247955322266,279,59.0629577637
com-Youtube,shared_b64_fast_nozero,output_zero,0.000953674316406,279,52.4609088898
com-Youtube,shared_b64_fast_nozero,row_schedule,0.135898590088,279,52.4609088898
com-Youtube,shared_b64_fast_nozero,partial_zero,0.167369842529,279,52.4609088898
com-Youtube,shared_b64_fast_nozero,csr_prefetch,4.16374206543,279,52.4609088898
com-Youtube,shared_b64_fast_nozero,feature_gather_decode,6.01840019226,279,52.4609088898
com-Youtube,shared_b64_fast_nozero,fp32_neighbor_reduction,4.06002998352,279,52.4609088898
com-Youtube,shared_b64_fast_nozero,partial_bf16_conversion,0.102519989014,279,52.4609088898
com-Youtube,shared_b64_fast_nozero,tile_load,0.75101852417,279,52.4609088898
com-Youtube,shared_b64_fast_nozero,tile_compute,0.791788101196,279,52.4609088898
com-Youtube,shared_b64_fast_nozero,tile_store,0.084400177002,279,52.4609088898
com-Youtube,shared_b64_fast_nozero,output_scatter,1.44219398499,279,52.4609088898
com-Youtube,shared_b64_fast_nozero,thread_amx_setup,0.025749206543,279,52.4609088898
com-Youtube,shared_b64_accurate_nozero,output_zero,0,279,55.84192276
com-Youtube,shared_b64_accurate_nozero,row_schedule,0.125169754028,279,55.84192276
com-Youtube,shared_b64_accurate_nozero,partial_zero,0.152111053467,279,55.84192276
com-Youtube,shared_b64_accurate_nozero,csr_prefetch,4.37307357788,279,55.84192276
com-Youtube,shared_b64_accurate_nozero,feature_gather_decode,6.1993598938,279,55.84192276
com-Youtube,shared_b64_accurate_nozero,fp32_neighbor_reduction,4.13680076599,279,55.84192276
com-Youtube,shared_b64_accurate_nozero,partial_bf16_conversion,0.223875045776,279,55.84192276
com-Youtube,shared_b64_accurate_nozero,tile_load,1.2264251709,279,55.84192276
com-Youtube,shared_b64_accurate_nozero,tile_compute,1.26004219055,279,55.84192276
com-Youtube,shared_b64_accurate_nozero,tile_store,0.0648498535156,279,55.84192276
com-Youtube,shared_b64_accurate_nozero,output_scatter,1.35803222656,279,55.84192276
com-Youtube,shared_b64_accurate_nozero,thread_amx_setup,0.0240802764893,279,55.84192276
com-Youtube,shared_bfull_fast_nozero,output_zero,0,279,49.7858524323
com-Youtube,shared_bfull_fast_nozero,row_schedule,0.147581100464,279,49.7858524323
com-Youtube,shared_bfull_fast_nozero,partial_zero,0.0979900360107,279,49.7858524323
com-Youtube,shared_bfull_fast_nozero,csr_prefetch,4.11939620972,279,49.7858524323
com-Youtube,shared_bfull_fast_nozero,feature_gather_decode,5.83457946777,279,49.7858524323
com-Youtube,shared_bfull_fast_nozero,fp32_neighbor_reduction,3.76200675964,279,49.7858524323
com-Youtube,shared_bfull_fast_nozero,partial_bf16_conversion,0.042200088501,279,49.7858524323
com-Youtube,shared_bfull_fast_nozero,tile_load,0.427722930908,279,49.7858524323
com-Youtube,shared_bfull_fast_nozero,tile_compute,0.397682189941,279,49.7858524323
com-Youtube,shared_bfull_fast_nozero,tile_store,0.0278949737549,279,49.7858524323
com-Youtube,shared_bfull_fast_nozero,output_scatter,1.35588645935,279,49.7858524323
com-Youtube,shared_bfull_fast_nozero,thread_amx_setup,0.0288486480713,279,49.7858524323
com-Youtube,shared_bfull_accurate_nozero,output_zero,0,279,51.8000125885
com-Youtube,shared_bfull_accurate_nozero,row_schedule,0.127792358398,279,51.8000125885
com-Youtube,shared_bfull_accurate_nozero,partial_zero,0.0984668731689,279,51.8000125885
com-Youtube,shared_bfull_accurate_nozero,csr_prefetch,4.19425964355,279,51.8000125885
com-Youtube,shared_bfull_accurate_nozero,feature_gather_decode,5.90109825134,279,51.8000125885
com-Youtube,shared_bfull_accurate_nozero,fp32_neighbor_reduction,3.82351875305,279,51.8000125885
com-Youtube,shared_bfull_accurate_nozero,partial_bf16_conversion,0.0724792480469,279,51.8000125885
com-Youtube,shared_bfull_accurate_nozero,tile_load,0.569581985474,279,51.8000125885
com-Youtube,shared_bfull_accurate_nozero,tile_compute,0.617027282715,279,51.8000125885
com-Youtube,shared_bfull_accurate_nozero,tile_store,0.0262260437012,279,51.8000125885
com-Youtube,shared_bfull_accurate_nozero,output_scatter,1.51419639587,279,51.8000125885
com-Youtube,shared_bfull_accurate_nozero,thread_amx_setup,0.0324249267578,279,51.8000125885
