method,kind,repeat,ms,precision,graph
source_original_tfs,e2e,0,131.69,source_stdout_0.01ms,
source_original_tfs,e2e,1,131.29,source_stdout_0.01ms,
source_original_tfs,e2e,2,132.93,source_stdout_0.01ms,
source_original_tfs,e2e,3,131.36,source_stdout_0.01ms,
source_original_tfs,e2e,4,179.13,source_stdout_0.01ms,
source_mkl_fp32,e2e,0,53.60,source_stdout_0.01ms,
source_mkl_fp32,e2e,1,54.00,source_stdout_0.01ms,
source_mkl_fp32,e2e,2,53.96,source_stdout_0.01ms,
source_mkl_fp32,e2e,3,53.91,source_stdout_0.01ms,
source_mkl_fp32,e2e,4,53.71,source_stdout_0.01ms,
source_mkl_fp32,kernel,0,32.7150821686,,com-Youtube
source_mkl_fp32,kernel,1,32.7968597412,,com-Youtube
source_mkl_fp32,kernel,2,32.7999591827,,com-Youtube
source_mkl_fp32,kernel,3,32.7649116516,,com-Youtube
source_mkl_fp32,kernel,4,32.6809883118,,com-Youtube
source_original_tfs,kernel,0,77.9328346252,,com-Youtube
source_original_tfs,kernel,1,76.9050121307,,com-Youtube
source_original_tfs,kernel,2,78.3820152283,,com-Youtube
source_original_tfs,kernel,3,77.8088569641,,com-Youtube
source_original_tfs,kernel,4,78.6890983582,,com-Youtube
original_nozero,kernel,0,40.4138565063,,com-Youtube
original_nozero,kernel,1,40.9078598022,,com-Youtube
original_nozero,kernel,2,40.3831005096,,com-Youtube
original_nozero,kernel,3,40.9080982208,,com-Youtube
original_nozero,kernel,4,41.2621498108,,com-Youtube
original_nozero,e2e,0,94.3670272827,,com-Youtube
original_nozero,e2e,1,96.0099697113,,com-Youtube
original_nozero,e2e,2,95.7038402557,,com-Youtube
original_nozero,e2e,3,95.2708721161,,com-Youtube
original_nozero,e2e,4,95.3450202942,,com-Youtube
shared_b2_fast_nozero,kernel,0,51.9950389862,,com-Youtube
shared_b2_fast_nozero,kernel,1,55.1021099091,,com-Youtube
shared_b2_fast_nozero,kernel,2,54.8510551453,,com-Youtube
shared_b2_fast_nozero,kernel,3,54.0418624878,,com-Youtube
shared_b2_fast_nozero,kernel,4,54.4199943542,,com-Youtube
shared_b2_fast_nozero,e2e,0,121.350049973,,com-Youtube
shared_b2_fast_nozero,e2e,1,118.741989136,,com-Youtube
shared_b2_fast_nozero,e2e,2,120.085000992,,com-Youtube
shared_b2_fast_nozero,e2e,3,122.891902924,,com-Youtube
shared_b2_fast_nozero,e2e,4,118.036985397,,com-Youtube
shared_b2_accurate_nozero,kernel,0,65.9379959106,,com-Youtube
shared_b2_accurate_nozero,kernel,1,65.5410289764,,com-Youtube
shared_b2_accurate_nozero,kernel,2,65.272808075,,com-Youtube
shared_b2_accurate_nozero,kernel,3,65.6158924103,,com-Youtube
shared_b2_accurate_nozero,kernel,4,65.603017807,,com-Youtube
shared_b2_accurate_nozero,e2e,0,142.594814301,,com-Youtube
shared_b2_accurate_nozero,e2e,1,143.055915833,,com-Youtube
shared_b2_accurate_nozero,e2e,2,142.045974731,,com-Youtube
shared_b2_accurate_nozero,e2e,3,139.993906021,,com-Youtube
shared_b2_accurate_nozero,e2e,4,144.180059433,,com-Youtube
shared_b4_fast_nozero,kernel,0,43.9751148224,,com-Youtube
shared_b4_fast_nozero,kernel,1,45.5060005188,,com-Youtube
shared_b4_fast_nozero,kernel,2,44.5418357849,,com-Youtube
shared_b4_fast_nozero,kernel,3,44.4090366364,,com-Youtube
shared_b4_fast_nozero,kernel,4,42.732000351,,com-Youtube
shared_b4_fast_nozero,e2e,0,100.792884827,,com-Youtube
shared_b4_fast_nozero,e2e,1,101.512908936,,com-Youtube
shared_b4_fast_nozero,e2e,2,100.138902664,,com-Youtube
shared_b4_fast_nozero,e2e,3,102.26392746,,com-Youtube
shared_b4_fast_nozero,e2e,4,100.703001022,,com-Youtube
shared_b4_accurate_nozero,kernel,0,51.1679649353,,com-Youtube
shared_b4_accurate_nozero,kernel,1,51.9690513611,,com-Youtube
shared_b4_accurate_nozero,kernel,2,51.4440536499,,com-Youtube
shared_b4_accurate_nozero,kernel,3,50.7249832153,,com-Youtube
shared_b4_accurate_nozero,kernel,4,50.8110523224,,com-Youtube
shared_b4_accurate_nozero,e2e,0,113.474845886,,com-Youtube
shared_b4_accurate_nozero,e2e,1,113.718032837,,com-Youtube
shared_b4_accurate_nozero,e2e,2,113.723993301,,com-Youtube
shared_b4_accurate_nozero,e2e,3,113.4121418,,com-Youtube
shared_b4_accurate_nozero,e2e,4,114.490032196,,com-Youtube
shared_b8_fast_nozero,kernel,0,39.2589569092,,com-Youtube
shared_b8_fast_nozero,kernel,1,39.1731262207,,com-Youtube
shared_b8_fast_nozero,kernel,2,39.3679141998,,com-Youtube
shared_b8_fast_nozero,kernel,3,37.9350185394,,com-Youtube
shared_b8_fast_nozero,kernel,4,38.6791229248,,com-Youtube
shared_b8_fast_nozero,e2e,0,91.3789272308,,com-Youtube
shared_b8_fast_nozero,e2e,1,92.887878418,,com-Youtube
shared_b8_fast_nozero,e2e,2,91.5150642395,,com-Youtube
shared_b8_fast_nozero,e2e,3,92.0970439911,,com-Youtube
shared_b8_fast_nozero,e2e,4,91.8838977814,,com-Youtube
shared_b8_accurate_nozero,kernel,0,43.8411235809,,com-Youtube
shared_b8_accurate_nozero,kernel,1,44.1741943359,,com-Youtube
shared_b8_accurate_nozero,kernel,2,43.9479351044,,com-Youtube
shared_b8_accurate_nozero,kernel,3,43.970823288,,com-Youtube
shared_b8_accurate_nozero,kernel,4,43.0250167847,,com-Youtube
shared_b8_accurate_nozero,e2e,0,100.895881653,,com-Youtube
shared_b8_accurate_nozero,e2e,1,97.8178977966,,com-Youtube
shared_b8_accurate_nozero,e2e,2,98.582983017,,com-Youtube
shared_b8_accurate_nozero,e2e,3,98.4818935394,,com-Youtube
shared_b8_accurate_nozero,e2e,4,100.120782852,,com-Youtube
shared_b16_fast_nozero,kernel,0,36.3740921021,,com-Youtube
shared_b16_fast_nozero,kernel,1,36.1940860748,,com-Youtube
shared_b16_fast_nozero,kernel,2,36.3450050354,,com-Youtube
shared_b16_fast_nozero,kernel,3,36.8258953094,,com-Youtube
shared_b16_fast_nozero,kernel,4,36.504983902,,com-Youtube
shared_b16_fast_nozero,e2e,0,87.4450206757,,com-Youtube
shared_b16_fast_nozero,e2e,1,88.5539054871,,com-Youtube
shared_b16_fast_nozero,e2e,2,87.2530937195,,com-Youtube
shared_b16_fast_nozero,e2e,3,88.1459712982,,com-Youtube
shared_b16_fast_nozero,e2e,4,86.6260528564,,com-Youtube
shared_b16_accurate_nozero,kernel,0,39.4461154938,,com-Youtube
shared_b16_accurate_nozero,kernel,1,39.0079021454,,com-Youtube
shared_b16_accurate_nozero,kernel,2,39.9570465088,,com-Youtube
shared_b16_accurate_nozero,kernel,3,40.0409698486,,com-Youtube
shared_b16_accurate_nozero,kernel,4,40.1320457458,,com-Youtube
shared_b16_accurate_nozero,e2e,0,92.386007309,,com-Youtube
shared_b16_accurate_nozero,e2e,1,93.5280323029,,com-Youtube
shared_b16_accurate_nozero,e2e,2,93.385219574,,com-Youtube
shared_b16_accurate_nozero,e2e,3,92.6730632782,,com-Youtube
shared_b16_accurate_nozero,e2e,4,92.2000408173,,com-Youtube
shared_b32_fast_nozero,kernel,0,34.9268913269,,com-Youtube
shared_b32_fast_nozero,kernel,1,34.7290039062,,com-Youtube
shared_b32_fast_nozero,kernel,2,35.206079483,,com-Youtube
shared_b32_fast_nozero,kernel,3,35.3560447693,,com-Youtube
shared_b32_fast_nozero,kernel,4,35.1479053497,,com-Youtube
shared_b32_fast_nozero,e2e,0,84.0890407562,,com-Youtube
shared_b32_fast_nozero,e2e,1,84.0818881989,,com-Youtube
shared_b32_fast_nozero,e2e,2,85.2298736572,,com-Youtube
shared_b32_fast_nozero,e2e,3,83.9509963989,,com-Youtube
shared_b32_fast_nozero,e2e,4,83.3029747009,,com-Youtube
shared_b32_accurate_nozero,kernel,0,38.250207901,,com-Youtube
shared_b32_accurate_nozero,kernel,1,38.2509231567,,com-Youtube
shared_b32_accurate_nozero,kernel,2,38.7978553772,,com-Youtube
shared_b32_accurate_nozero,kernel,3,38.2587909698,,com-Youtube
shared_b32_accurate_nozero,kernel,4,37.5349521637,,com-Youtube
shared_b32_accurate_nozero,e2e,0,88.9029502869,,com-Youtube
shared_b32_accurate_nozero,e2e,1,89.0429019928,,com-Youtube
shared_b32_accurate_nozero,e2e,2,88.3741378784,,com-Youtube
shared_b32_accurate_nozero,e2e,3,89.0548229218,,com-Youtube
shared_b32_accurate_nozero,e2e,4,89.1530513763,,com-Youtube
shared_b64_fast_nozero,kernel,0,34.539937973,,com-Youtube
shared_b64_fast_nozero,kernel,1,34.3220233917,,com-Youtube
shared_b64_fast_nozero,kernel,2,34.2619419098,,com-Youtube
shared_b64_fast_nozero,kernel,3,35.120010376,,com-Youtube
shared_b64_fast_nozero,kernel,4,33.8070392609,,com-Youtube
shared_b64_fast_nozero,e2e,0,83.0700397491,,com-Youtube
shared_b64_fast_nozero,e2e,1,82.5219154358,,com-Youtube
shared_b64_fast_nozero,e2e,2,82.8919410706,,com-Youtube
shared_b64_fast_nozero,e2e,3,84.6111774445,,com-Youtube
shared_b64_fast_nozero,e2e,4,83.7478637695,,com-Youtube
shared_b64_accurate_nozero,kernel,0,36.6630554199,,com-Youtube
shared_b64_accurate_nozero,kernel,1,36.915063858,,com-Youtube
shared_b64_accurate_nozero,kernel,2,36.474943161,,com-Youtube
shared_b64_accurate_nozero,kernel,3,36.679983139,,com-Youtube
shared_b64_accurate_nozero,kernel,4,36.4260673523,,com-Youtube
shared_b64_accurate_nozero,e2e,0,87.6321792603,,com-Youtube
shared_b64_accurate_nozero,e2e,1,86.0869884491,,com-Youtube
shared_b64_accurate_nozero,e2e,2,86.2200260162,,com-Youtube
shared_b64_accurate_nozero,e2e,3,88.0441665649,,com-Youtube
shared_b64_accurate_nozero,e2e,4,87.8591537476,,com-Youtube
shared_bfull_fast_nozero,kernel,0,33.5590839386,,com-Youtube
shared_bfull_fast_nozero,kernel,1,33.6110591888,,com-Youtube
shared_bfull_fast_nozero,kernel,2,34.1320037842,,com-Youtube
shared_bfull_fast_nozero,kernel,3,33.6110591888,,com-Youtube
shared_bfull_fast_nozero,kernel,4,33.91289711,,com-Youtube
shared_bfull_fast_nozero,e2e,0,81.0849666595,,com-Youtube
shared_bfull_fast_nozero,e2e,1,82.1731090546,,com-Youtube
shared_bfull_fast_nozero,e2e,2,82.4069976807,,com-Youtube
shared_bfull_fast_nozero,e2e,3,81.4208984375,,com-Youtube
shared_bfull_fast_nozero,e2e,4,81.7029476166,,com-Youtube
shared_bfull_accurate_nozero,kernel,0,35.9780788422,,com-Youtube
shared_bfull_accurate_nozero,kernel,1,36.0469818115,,com-Youtube
shared_bfull_accurate_nozero,kernel,2,35.905122757,,com-Youtube
shared_bfull_accurate_nozero,kernel,3,36.2288951874,,com-Youtube
shared_bfull_accurate_nozero,kernel,4,36.0879898071,,com-Youtube
shared_bfull_accurate_nozero,e2e,0,85.6649875641,,com-Youtube
shared_bfull_accurate_nozero,e2e,1,85.7009887695,,com-Youtube
shared_bfull_accurate_nozero,e2e,2,85.086107254,,com-Youtube
shared_bfull_accurate_nozero,e2e,3,85.8929157257,,com-Youtube
shared_bfull_accurate_nozero,e2e,4,85.4170322418,,com-Youtube
